"dataset","title","platform","access_status","access_reason","tile_count","verified_objects","info_url","doi","index_url","index_portal_url","index_sha256","url_set_sha256","license_url","license_source","citation","reviewed_on","acquired_start","acquired_end"
"CA24_Volcan","UAV Lidar Survey of Volcan Mountain Wilderness Preserve, CA 2024","Airborne Lidar","ready","All indexed file URLs matched positive-sized public objects; one LAS header checked per collection.",242,242,"https://portal.opentopography.org/datasetMetadata?otCollectionID=OT.042026.32611.1","https://doi.org/10.5069/G99P2ZV5","https://opentopography.s3.sdsc.edu/pc-bulk/CA24_Volcan/CA24_Volcan_TileIndex.zip","","bf2ca6762c4fe041553739e70505ed7f1936c3dafbfe696494d8a18920c6c0d2","e3c2633fefa61973d926c76b82b57d0bf425feeeefe2d0249b92264338cdbd38","https://creativecommons.org/licenses/by/4.0/","Dataset use license","Marks, M., Coulter, L., Madonia, S., Baer, N., Franklin, J., Sousa, D. (2026). UAV Lidar Survey of Volcan Mountain Wilderness Preserve, CA 2024. Distributed by OpenTopography. https://doi.org/10.5069/G99P2ZV5. Dataset acknowledgement: N/A - Acknowledgement Guidance","2026-09-20","2024-10-25","2024-10-25"
"CA20_AppFire","Riverside County Flood Control Apple Fire Lidar, CA 2020","Airborne Lidar","ready","All indexed file URLs matched positive-sized public objects; one LAS header checked per collection.",240,240,"https://portal.opentopography.org/datasetMetadata?otCollectionID=OT.032026.2230.3","https://doi.org/10.5069/G9K64G9M","https://opentopography.s3.sdsc.edu/pc-bulk/CA20_AppFire/CA20_AppFire_TileIndex.zip","","ecea76c48d7f40f3cc154e2efa805197c5069ca6e3b01d1ba7b3b0c5fb1da44b","e6d57f827d226c6977de33758be60f949df3871fc3d47a9a5da05bc162f0248b","https://creativecommons.org/licenses/by/4.0/","Dataset use license","Ream, K. (2026). Riverside County Flood Control Apple Fire Lidar, CA 2020. Riverside County Flood Control & Water Conservation District (RCFC&WCD). Distributed by OpenTopography.  https://doi.org/10.5069/G9K64G9M Dataset acknowledgement: N/A - Acknowledgement Guidance","2026-09-20","2020-09-02","2020-09-02"
"CA21_AppFire","Riverside County Flood Control Apple Fire Lidar, CA 2021","Airborne Lidar","ready","All indexed file URLs matched positive-sized public objects; one LAS header checked per collection.",63,63,"https://portal.opentopography.org/datasetMetadata?otCollectionID=OT.032026.2230.2","https://doi.org/10.5069/G9PZ572G","https://opentopography.s3.sdsc.edu/pc-bulk/CA21_AppFire/CA21_AppFire_TileIndex.zip","","e1336cbf6f1312fd7067ae8294a986bc2b71155f7dda21a19523865cb5ecc873","532d7a5900d4d165bc432756e9dc2732da6fc03fce1a0419d6fdfc908f7ec09e","https://creativecommons.org/licenses/by/4.0/","Dataset use license","Ream, K. (2026). Riverside County Flood Control Apple Fire Lidar, CA 2021. Riverside County Flood Control & Water Conservation District (RCFC&WCD). Distributed by OpenTopography. https://doi.org/10.5069/G9PZ572G Dataset acknowledgement: N/A - Acknowledgement Guidance","2026-09-20","2021-04-19","2021-04-19"
"CA22_AppFire","Riverside County Flood Control Apple Fire Lidar, CA 2022","Airborne Lidar","ready","All indexed file URLs matched positive-sized public objects; one LAS header checked per collection.",133,133,"https://portal.opentopography.org/datasetMetadata?otCollectionID=OT.032026.2230.1","https://doi.org/10.5069/G9TQ5ZSD","https://opentopography.s3.sdsc.edu/pc-bulk/CA22_AppFire/CA22_AppFire_TileIndex.zip","","38c51d7797ab6dd549c21dba901393b32a8270164721eb84f5894299e9e4fb5f","bbfab6f1f70715cac409b3dca47b2d8417cd58715f10a7bc8401645e2f506b03","https://creativecommons.org/licenses/by/4.0/","Dataset use license","Ream, K. (2026). Riverside County Flood Control Apple Fire Lidar, CA 2022. Riverside County Flood Control & Water Conservation District (RCFC&WCD). Distributed by OpenTopography.  https://doi.org/10.5069/G9TQ5ZSD Dataset acknowledgement: N/A - Acknowledgement Guidance","2026-09-20","2022-09-15","2022-09-15"
"CA20_DiBiase","Post-Bobcat Fire lidar of Sawpit Wash, California, 2020","Airborne Lidar","ready","All indexed file URLs matched positive-sized public objects; one LAS header checked per collection.",50,50,"https://portal.opentopography.org/datasetMetadata?otCollectionID=OT.032026.6340.1","https://doi.org/10.5069/G9ZG6QGP","https://opentopography.s3.sdsc.edu/pc-bulk/CA20_DiBiase/CA20_DiBiase_TileIndex.zip","","35d4e2db9814c9d5727eaf1bb75c6c4ca3e2ed3078adfbbc7fe06c3eeeb2a747","cf91c2266f49c025bc95bcffb92dc1091631d7a80b3c3ac8b79aa182fdec96ea","https://creativecommons.org/licenses/by/4.0/","Dataset use license","DiBiase, R. (2026). Post-Bobcat Fire lidar of Sawpit Wash, California, 2020. National Center for Airborne Laser Mapping (NCALM). Distributed by OpenTopography. https://doi.org/10.5069/G9ZG6QGP Dataset acknowledgement: Lidar data acquisition and processing completed by the National Center for Airborne Laser Mapping (NCALM). NCALM funding provided by NSF's Division of Earth Sciences, Instrumentation and Facilities Program. EAR-2324629","2026-09-20","2020-11-05","2020-11-05"
"CA25_Sondeno","Mapping Coastal Dune Erosion, CA 2025","Airborne Lidar","ready","All indexed file URLs matched positive-sized public objects; one LAS header checked per collection.",82,82,"https://portal.opentopography.org/datasetMetadata?otCollectionID=OT.022026.6339.1","https://doi.org/10.5069/G96W989H","https://opentopography.s3.sdsc.edu/pc-bulk/CA25_Sondeno/CA25_Sondeno_TileIndex.zip","","1c7397c63f91b57cddeefe934ce015170f785e665dbebead7714b1abe0317634","3e56d2867f65d61528439607faa91cf8401ce8e911d944d394ed297d6c02bc5a","https://creativecommons.org/licenses/by/4.0/","Dataset use license","Sondeno, S. (2026). Mapping Coastal Dune Erosion, CA 2025. National Center for Airborne Laser Mapping (NCALM). Distributed by OpenTopography. https://doi.org/10.5069/G96W989H Dataset acknowledgement: Lidar data acquisition and processing completed by the National Center for Airborne Laser Mapping (NCALM). NCALM funding provided by NSF's Division of Earth Sciences, Instrumentation and Facilities Program. EAR-2324629","2026-09-20","2025-08-18","2025-08-18"
"CO25_Ruef","Mapping Rock Glaciers in the San Juan Mountains, CO 2025","Airborne Lidar","ready","All indexed file URLs matched positive-sized public objects; one LAS header checked per collection.",91,91,"https://portal.opentopography.org/datasetMetadata?otCollectionID=OT.022026.6342.1","https://doi.org/10.5069/G9348HMJ","https://opentopography.s3.sdsc.edu/pc-bulk/CO25_Ruef/CO25_Ruef_TileIndex.zip","","fc13a9eb7fac1960884e6a73b87d85b831f89e72cd719b5879baa39b2ad33c82","35ff60bac3feaf1611db78dc2cf04fdadb73f48107fd1bd7595a9607dae86f98","https://creativecommons.org/licenses/by/4.0/","Dataset use license","Ruef, J. (2026). Mapping Rock Glaciers in the San Juan Mountains, CO 2025. National Center for Airborne Laser Mapping (NCALM). Distributed by OpenTopography. https://doi.org/10.5069/G9348HMJ Dataset acknowledgement: Lidar data acquisition and processing completed by the National Center for Airborne Laser Mapping (NCALM). NCALM funding provided by NSF's Division of Earth Sciences, Instrumentation and Facilities Program. EAR-2324629","2026-09-20","2025-08-13","2025-08-13"
"CA25_Allen","Monitoring Tree Water Stress, CA 2025","Airborne Lidar","ready","All indexed file URLs matched positive-sized public objects; one LAS header checked per collection.",99,99,"https://portal.opentopography.org/datasetMetadata?otCollectionID=OT.022026.32610.1","https://doi.org/10.5069/G9BP011S","https://opentopography.s3.sdsc.edu/pc-bulk/CA25_Allen/CA25_Allen_TileIndex.zip","","0a1f4d817c9aea5f036b27831c2b4ccd5ac0e86c1117e3cb7132948c2e77e5f9","8ec3427b265b58d51fb21bd1dc1c4adde09c7fbf3db03c1447ab6e3449e6f76e","https://creativecommons.org/licenses/by/4.0/","Dataset use license","Allen, J. (2026). Monitoring Tree Water Stress, CA 2025. National Center for Airborne Laser Mapping (NCALM). Distributed by OpenTopography. https://doi.org/10.5069/G9BP011S Dataset acknowledgement: Lidar data acquisition and processing completed by the National Center for Airborne Laser Mapping (NCALM). NCALM funding provided by NSF's Division of Earth Sciences, Instrumentation and Facilities Program. EAR-2324629","2026-09-20","2025-08-14","2025-08-16"
"AZ25_Fong","Lithologic Controls on Slot Canyon Formation, AZ 2025","Airborne Lidar","ready","All indexed file URLs matched positive-sized public objects; one LAS header checked per collection.",60,60,"https://portal.opentopography.org/datasetMetadata?otCollectionID=OT.022026.6341.1","https://doi.org/10.5069/G9GF0RRQ","https://opentopography.s3.sdsc.edu/pc-bulk/AZ25_Fong/AZ25_Fong_TileIndex.zip","","bdbeabdf188656f4833113e32f27be4e98517d5bd4aa4f1f38810ad19087ae48","2621b39629711e531e93c51d7868577160b6b6e358cf839b199e15550b601a4c","https://creativecommons.org/licenses/by/4.0/","Dataset use license","Fong, B., Robinson, M. (2026). Lithologic Controls on Slot Canyon Formation, AZ 2025. National Center for Airborne Laser Mapping (NCALM). Distributed by OpenTopography. https://doi.org/10.5069/G9GF0RRQ Dataset acknowledgement: Lidar data acquisition and processing completed by the National Center for Airborne Laser Mapping (NCALM). NCALM funding provided by NSF's Division of Earth Sciences, Instrumentation and Facilities Program. EAR-2324629","2026-09-20","2025-08-12","2025-08-12"
"CA25_Lamb","Quantifying Sediment Mobilization by Wildfire, CA 2025","Airborne Lidar","ready","All indexed file URLs matched positive-sized public objects; one LAS header checked per collection.",205,205,"https://portal.opentopography.org/datasetMetadata?otCollectionID=OT.122025.6340.1","https://doi.org/10.5069/G9RX9997","https://opentopography.s3.sdsc.edu/pc-bulk/CA25_Lamb/CA25_Lamb_TileIndex.zip","","8822cd12b22f9e648d71137b4bcb1b01e1a886dd8f9550bf061702a83be7a08f","29948f87677e67d2800dabf958759eba4b0b91cbd8c7c8a049d3a0c4272466e7","https://creativecommons.org/licenses/by/4.0/","Dataset use license","Lamb, M. (2025). Quantifying Sediment Mobilization by Wildfire, CA 2025. National Center for Airborne Laser Mapping (NCALM). Distributed by OpenTopography. https://doi.org/10.5069/G9RX9997 Dataset acknowledgement: Lidar data acquisition and processing completed by the National Center for Airborne Laser Mapping (NCALM). NCALM funding provided by NSF's Division of Earth Sciences, Instrumentation and Facilities Program. EAR-2324629","2026-09-20","2025-02-20","2025-02-21"
"NZ25_Manawatu","Manawatu-Whanganui - Whanganui River Catchment, New Zealand 2025","Airborne Lidar","ready","All indexed file URLs matched positive-sized public objects; one LAS header checked per collection.",23723,23723,"https://portal.opentopography.org/datasetMetadata?otCollectionID=OT.092025.2193.1","https://doi.org/10.5069/G9Q23XGQ","https://opentopography.s3.sdsc.edu/pc-bulk/NZ25_Manawatu/NZ25_Manawatu_TileIndex.zip","","d0d7e9221fa700089c7967213037cb8c8e0733b7fa967bb1ba00aa8412e6d9f0","bdb6242ecdc2012bb097f7c194c04439cba86cc67d1922d035aeacfac7d71329","https://creativecommons.org/licenses/by/4.0/","Dataset use license","Ng&#257; T&#257;ngata Tiaki o Whanganui, Toit&#363; Te Whenua Land Information New Zealand (LINZ) (2025). Manawatu-Whanganui - Whanganui River Catchment, New Zealand 2025. Collected by Landpro, distributed by OpenTopography and LINZ. https://doi.org/10.5069/G9Q23XGQ Dataset acknowledgement: Released under Creative Commons CC BY 4.0 (https://creativecommons.org/licenses/by/4.0/). Attribution Required for Copies: ""Copyright in this work is owned by Ng<U+0101> T<U+0101>ngata Tiaki o Whanganui"". Attribution Required for Derivative works: ""Copyright in the underlying dataset from which this work has been derived is owned by the Ng<U+0101> T<U+0101>ngata Tiaki o Whanganui"".","2026-09-20","2025-02-08","2025-06-30"
"NZ24_Auckland2","Auckland Part 2, New Zealand 2024","Airborne Lidar","ready","All indexed file URLs matched positive-sized public objects; one LAS header checked per collection.",10147,10147,"https://portal.opentopography.org/datasetMetadata?otCollectionID=OT.062025.2193.2","https://doi.org/10.5069/G9M906V9","https://opentopography.s3.sdsc.edu/pc-bulk/NZ24_Auckland2/NZ24_Auckland2_TileIndex.zip","","b2ecfbdb2114f11f71c4994f02f00af09233f76f696c4908395ba2a18a709c17","2370c09c58c44439bdbd53b167427933655b39f107485e6dec96aeb6c9b97f54","https://creativecommons.org/licenses/by/4.0/","Dataset use license","Auckland Council, Toit&#363; Te Whenua Land Information New Zealand (LINZ) (2025). Auckland Part 2, New Zealand 2024. Collected by Woolpert, distributed by OpenTopography and LINZ. https://doi.org/10.5069/G9M906V9 Dataset acknowledgement: Released under Creative Commons CC BY 4.0 (https://creativecommons.org/licenses/by/4.0/). Attribution Required for Copies: ""Copyright in this work is owned by Auckland Council"". Attribution Required for Derivative works: ""Copyright in the underlying dataset from which this work has been derived is owned by Auckland Council""","2026-09-20","2024-06-26","2024-11-04"
"NZ21_Ruapehu","Mount Ruapehu Summit Region and Rangataua Flows, New Zealand 2021","Airborne Lidar","ready","All indexed file URLs matched positive-sized public objects; one LAS header checked per collection.",388,335,"https://portal.opentopography.org/datasetMetadata?otCollectionID=OT.062025.2193.1","https://doi.org/10.5069/G9VT1Q92","https://opentopography.s3.sdsc.edu/pc-bulk/NZ21_Ruapehu/NZ21_Ruapehu_TileIndex.zip","","9fd9d047b51ed58c9dbb7f18e3f81f03080c6b2716b4e71e125071492f269bb8","9e8dd191db12cc7be7b80d0a02e2d198358e4e8523e39413ad3832b0fe94def4","https://creativecommons.org/licenses/by/4.0/","Dataset use license","Doll, P., Kennedy, B. M., Nichols, A. R. L., Cole, J. W., Townsend, D. B., Eaves, S. R., Conway, C. E., Leonard, G. S.,
Davidson, J., (2025). Mount Ruapehu Summit Region and Rangataua Flows, New Zealand 2021. Collected by University of Canterbury. Distributed by OpenTopography. https://doi.org/10.5069/G9VT1Q92 Dataset acknowledgement: N/A - Acknowledgement Guidance","2026-09-20","2021-05-14","2021-11-02"
"CA03_Caspar","Lidar Survey of Caspar Creek, CA 2003","Airborne Lidar","ready","All indexed file URLs matched positive-sized public objects; one LAS header checked per collection.",1,1,"https://portal.opentopography.org/datasetMetadata?otCollectionID=OT.052025.26910.1","https://doi.org/10.5069/G94B2ZJ4","https://opentopography.s3.sdsc.edu/pc-bulk/CA03_Caspar/CA03_Caspar_TileIndex.zip","","2bb4f3336feb5d24a8a2ff28dbb303a7f8b422417ad96c49b8dfe3e5590915c4","8f3b794c3de727d22f699fe400a90ce3ba4b70a7a9face39c114b5e2b12f4a81","https://creativecommons.org/licenses/by/4.0/","Dataset use license","National Center for Airborne Laser Mapping (2025). Lidar Survey of Caspar Creek, CA 2003. Distributed by OpenTopography. https://doi.org/10.5069/G94B2ZJ4 Dataset acknowledgement: N/A - Acknowledgement Guidance","2026-09-20","2003-11-13","2003-11-14"
"NZ24_Auckland","Auckland Part 1, New Zealand 2024","Airborne Lidar","ready","All indexed file URLs matched positive-sized public objects; one LAS header checked per collection.",7891,7891,"https://portal.opentopography.org/datasetMetadata?otCollectionID=OT.042025.2193.1","https://doi.org/10.5069/G9HH6H8T","https://opentopography.s3.sdsc.edu/pc-bulk/NZ24_Auckland/NZ24_Auckland_TileIndex.zip","","3304dad30138f3c7c4e33591228f893828becba67a3a67559979e655a35bc9a5","51e37a66f038c82669b5ec84615d2b7da66dcee66f05a22f86de9d69d7e74af6","https://creativecommons.org/licenses/by/4.0/","Dataset use license","Ministry for the Environment, Regional Software Holdings Limited, Toit&#363; Te Whenua Land Information New Zealand (LINZ) (2025). Auckland Part 1, New Zealand 2024. Collected by Woolpert, distributed by OpenTopography and LINZ. https://doi.org/10.5069/G9HH6H8T Dataset acknowledgement: Released under Creative Commons CC BY 4.0 (https://creativecommons.org/licenses/by/4.0/). Attribution Required for Copies: ""Copyright in this work is owned by Regional Software Holdings Ltd (RSHL)"". Attribution Required for Derivative works: ""Copyright in the underlying dataset from which this work has been derived is owned by Regional Software Holdings Ltd (RSHL)""","2026-09-20","2024-04-30","2024-06-27"
"NZ24_Waikato","Waikato, New Zealand 2024","Airborne Lidar","ready","All indexed file URLs matched positive-sized public objects; one LAS header checked per collection.",14645,14645,"https://portal.opentopography.org/datasetMetadata?otCollectionID=OT.022025.2193.1","https://doi.org/10.5069/G91J980G","https://opentopography.s3.sdsc.edu/pc-bulk/NZ24_Waikato/NZ24_Waikato_TileIndex.zip","","8ea742138f870d5abbab779339d684e1e46eede295301c48aa0dcd331ce13e8c","268787d235cf0f6474ccc1d97bc50476b3562428a01e27b2b664a6c6f6e00464","https://creativecommons.org/licenses/by/4.0/","Dataset use license","Ministry for the Environment, Regional Software Holdings Limited, Toit&#363; Te Whenua Land Information New Zealand (LINZ) (2025). Waikato, New Zealand 2024. Collected by Landpro, distributed by OpenTopography and LINZ. https://doi.org/10.5069/G91J980G Dataset acknowledgement: Released under Creative Commons CC BY 4.0 (https://creativecommons.org/licenses/by/4.0/). Attribution Required for Copies: ""Copyright in this work is owned by Regional Software Holdings Limited (RSHL)"". Attribution Required for Derivative works: ""Copyright in the underlying dataset from which this work has been derived is owned by Regional Software Holdings Limited (RSHL).""","2026-09-20","2024-01-21","2024-05-17"
"NZ24_Whanganui","Manawat&#363; - Whanganui, New Zealand 2024","Airborne Lidar","ready","All indexed file URLs matched positive-sized public objects; one LAS header checked per collection.",8667,8667,"https://portal.opentopography.org/datasetMetadata?otCollectionID=OT.012025.2193.1","https://doi.org/10.5069/G9P8494X","https://opentopography.s3.sdsc.edu/pc-bulk/NZ24_Whanganui/NZ24_Whanganui_TileIndex.zip","","c074e7250af1094b644c951e4ccfd2f508ac92ff16b1ff55c672a6f8dac7aea9","d086d2ef645013d5647963a63715438e3ca91197cb6f5fbbd7baa9315d026606","https://creativecommons.org/licenses/by/4.0/","Dataset use license","Ministry for the Environment, Regional Software Holdings Limited, Toit&#363; Te Whenua Land Information New Zealand (LINZ) (2025). Manawat&#363; - Whanganui, New Zealand 2024. Collected by Woolpert NZ Ltd , distributed by OpenTopography and LINZ. https://doi.org/10.5069/G9P8494X Dataset acknowledgement: Released under Creative Commons CC BY 4.0 (https://creativecommons.org/licenses/by/4.0/). Attribution Required for Copies: ""Copyright in this work is owned by Regional Software Holdings Limited (RSHL)"". Attribution Required for Derivative works: ""Copyright in the underlying dataset from which this work has been derived is owned by the Regional Software Holdings Limited (RSHL)"".","2026-09-20","2024-01-26","2024-05-04"
"NZ24_North","Northland, New Zealand 2024","Airborne Lidar","ready","All indexed file URLs matched positive-sized public objects; one LAS header checked per collection.",10137,10137,"https://portal.opentopography.org/datasetMetadata?otCollectionID=OT.122024.2193.3","https://doi.org/10.5069/G9XS5SN5","https://opentopography.s3.sdsc.edu/pc-bulk/NZ24_North/NZ24_North_TileIndex.zip","","96847bbf231c888eaf109c052a0ba50e32b6f50a218b877e9435fbe95d166292","1852568f3f0edfb9b2cbd4e45461e07626126094baaaad10dbe318daf6844aa0","https://creativecommons.org/licenses/by/4.0/","Dataset use license","Ministry for the Environment, Toit&#363; Te Whenua Land Information New Zealand (LINZ) (2024). Northland, New Zealand 2024. Collected by Landpro, distributed by OpenTopography and LINZ. https://doi.org/10.5069/G9XS5SN5 Dataset acknowledgement: Released under Creative Commons CC BY 4.0 (https://creativecommons.org/licenses/by/4.0/). Attribution Required for Copies: ""Regional Software Holdings Ltd"". Attribution Required for Derivative works: ""Copyright in the underlying dataset from which this work has been derived is owned by the Toit<U+016B> Te Whenua Land Information New Zealand, https://www.linz.govt.nz/""","2026-09-20","2024-04-18","2024-06-28"
"CA19_Brooks","Mobile Laser Scan over Ridgecrest, CA 2019","Other","out_of_scope","Outside airborne-LiDAR scope: Other",118,118,"https://portal.opentopography.org/datasetMetadata?otCollectionID=OT.122024.6340.2","https://doi.org/10.5069/G99Z933C","https://opentopography.s3.sdsc.edu/pc-bulk/CA19_Brooks/CA19_Brooks_TileIndex.zip","","b5927c77960211191ac3a8e1d2a5a9c3eb2ca8a25fb9451ab4d63cdf388f22a2","6dc4294f5857e6453378140f55a8050a0efb06cde73155a8ee471b9ed8412ce6","https://creativecommons.org/licenses/by/4.0/","Dataset use license","Ericksen, T.L., Brooks, B. (2024). Mobile Laser Scan over Ridgecrest, CA 2019. Distributed by OpenTopography. https://doi.org/10.5069/G99Z933C Dataset acknowledgement: N/A - Acknowledgement Guidance","2026-09-20","2019-07-08","2019-07-08"
"CA18_Brooks","Photogrammetric Survey over Ridgecrest, CA 2018","Structure from Motion / Photogrammetry","out_of_scope","Outside airborne-LiDAR scope: Structure from Motion / Photogrammetry",737,737,"https://portal.opentopography.org/datasetMetadata?otCollectionID=OT.122024.6340.1","https://doi.org/10.5069/G9FQ9TT9","https://opentopography.s3.sdsc.edu/pc-bulk/CA18_Brooks/CA18_Brooks_TileIndex.zip","","62932b5c3157ede495496ecdb5064d66f1730a1aab6b712e71506e1ac2341963","87efc160ac07783c7960a2f58ea553cc8d4b4ae69167f5bf80a498fec4bd223e","https://creativecommons.org/licenses/by/4.0/","Dataset use license","Brooks, B. (2024). Photogrammetric Survey over Ridgecrest, CA 2018. Distributed by OpenTopography. https://doi.org/10.5069/G9FQ9TT9 Dataset acknowledgement: N/A - Acknowledgement Guidance","2026-09-20","2018-07-22","2018-09-01"
"CA17_Brooks","Lidar Survey over San Andreas Fault, CA 2017","Airborne Lidar","ready","All indexed file URLs matched positive-sized public objects; one LAS header checked per collection.",1,1,"https://portal.opentopography.org/datasetMetadata?otCollectionID=OT.122024.32610.1","https://doi.org/10.5069/G9KH0KJK","https://opentopography.s3.sdsc.edu/pc-bulk/CA17_Brooks/CA17_Brooks_TileIndex.zip","","223a6e3b9233d55fb34a1e83012aa16c7c9983ad4332d56064075aa28a096676","41751489caedd747a0e7b37e5879508bf3599309d4e164fe531875d84fdce795","https://creativecommons.org/licenses/by/4.0/","Dataset use license","Brooks, B. (2024). Lidar Survey over San Andreas Fault, CA 2017. Distributed by OpenTopography. https://doi.org/10.5069/G9KH0KJK. Dataset acknowledgement: N/A - Acknowledgement Guidance","2026-09-20","2017-08-22","2017-08-22"
"NZ23_Hawkes","Hawke<U+0092>s Bay, New Zealand 2023 - 2024","Airborne Lidar","ready","All indexed file URLs matched positive-sized public objects; one LAS header checked per collection.",42406,42406,"https://portal.opentopography.org/datasetMetadata?otCollectionID=OT.122024.2193.2","https://doi.org/10.5069/G9Q81B9R","https://opentopography.s3.sdsc.edu/pc-bulk/NZ23_Hawkes/NZ23_Hawkes_TileIndex.zip","","60bbddcbc3fa81f8335c312861513ebe74d95d99f96d999611d6a38b887d1138","de514ed13a342709e4bed266ee54fe1906b4072def2a872be0a68019bd2d3732","https://creativecommons.org/licenses/by/4.0/","Dataset use license","Ministry of Business Innovation and Employment, National Institute of Water and Atmospheric Research Limited, Toit&#363; Te Whenua Land Information New Zealand (LINZ) (2024). Hawke's Bay, New Zealand 2023 - 2024. Collected by Woolpert NZ Ltd, distributed by OpenTopography and LINZ. https://doi.org/10.5069/G9Q81B9R Dataset acknowledgement: Released under Creative Commons CC BY 4.0 (https://creativecommons.org/licenses/by/4.0/). Attribution Required for Copies: ""Copyright in this work is owned by National Institute of Water and Atmospheric Research Limited (NIWA)"". Attribution Required for Derivative works: ""Copyright in the underlying dataset from which this work has been derived is owned by National Institute of Water and Atmospheric Research Limited (NIWA)""","2026-09-20","2023-09-20","2024-04-27"
"AK22_Lamb","Mapping the Koyukuk River System, AK 2022","Airborne Lidar","ready","All indexed file URLs matched positive-sized public objects; one LAS header checked per collection.",355,355,"https://portal.opentopography.org/datasetMetadata?otCollectionID=OT.122024.32604.1","https://doi.org/10.5069/G9V1231G","https://opentopography.s3.sdsc.edu/pc-bulk/AK22_Lamb/AK22_Lamb_TileIndex.zip","","537a17ec9f243aa4279c1630fb91dc8df570da057b35261c0f607cbf17fe3e40","27bc462dd796ba2a2f23b11421f1eac6ed4f3ef9647ce8434213862568b16a99","https://creativecommons.org/licenses/by/4.0/","Dataset use license","Lamb, M. (2024). Mapping the Koyukuk River System, AK 2022. National Center for Airborne Laser Mapping (NCALM). Distributed by OpenTopography. https://doi.org/10.5069/G9V1231G Dataset acknowledgement: Lidar data acquisition and processing completed by the National Center for Airborne Laser Mapping (NCALM). NCALM funding provided by NSF's Division of Earth Sciences, Instrumentation and Facilities Program. EAR-2324629","2026-09-20","2022-08-21","2022-08-23"
"NZ24_BoP","Bay of Plenty, New Zealand 2024","Airborne Lidar","ready","All indexed file URLs matched positive-sized public objects; one LAS header checked per collection.",3327,3327,"https://portal.opentopography.org/datasetMetadata?otCollectionID=OT.122024.2193.1","https://doi.org/10.5069/G9ZS2TQN","https://opentopography.s3.sdsc.edu/pc-bulk/NZ24_BoP/NZ24_BoP_TileIndex.zip","","eba760399c0fadae284cf01cac33ea40c260e7b3ad2454223db9497bbbc5b8ae","63b328b51b7bf045c081e4ca40044425e02ed0a05d4b23eb5ce95979d2ceb843","https://creativecommons.org/licenses/by/4.0/","Dataset use license","Ministry for the Environment, Regional Software Holdings Limited, Toit&#363; Te Whenua Land Information New Zealand (LINZ) (2024). Bay of Plenty, New Zealand 2024. Collected by Woolpert NZ Ltd , distributed by OpenTopography and LINZ. https://doi.org/10.5069/G9ZS2TQN Dataset acknowledgement: Released under Creative Commons CC BY 4.0 (https://creativecommons.org/licenses/by/4.0/). Attribution Required for Copies: ""Copyright in this work is owned by Regional Software Holdings Limited (RSHL)"". Attribution Required for Derivative works: ""Copyright in the underlying dataset from which this work has been derived is owned by the Regional Software Holdings Limited (RSHL)"".","2026-09-20","2024-02-01","2024-04-30"
"BR17_SaoPaulo","Sao Paulo, Brazil Lidar Survey 2017","Airborne Lidar","ready","All indexed file URLs matched positive-sized public objects; one LAS header checked per collection.",5544,5544,"https://portal.opentopography.org/datasetMetadata?otCollectionID=OT.062020.31983.1","https://doi.org/10.5069/G9NV9GD1","https://opentopography.s3.sdsc.edu/pc-bulk/BR17_SaoPaulo/BR17_SaoPaulo_TileIndex.zip","","7e7f740db8a894647202362e1f43b3585feb06ea954aae051efe8bb079c8aa58","e1be2010c04adef695f9937b2409c8b164636f447b342eebbf5b66dbc0b8765c","https://www.gnu.org/licenses/gpl-3.0.html","Dataset use license","S<U+00E3>o Paulo City Hall (PMSP) (2024).  Sao Paulo, Brazil Lidar Survey 2017.  Distributed by OpenTopography.  https://doi.org/10.5069/G9NV9GD1 Dataset acknowledgement: Data provided by the Municipality of S<U+00E3>o Paulo, through the Municipal Secretariat for Urban Development (SMDU), and in conjunction with Mapa 3D Digital da Cidade (M3DC). Amazon Web Services (AWS) has provided public hosting of LAZ and entwine formatted version of the data at https://registry.opendata.aws/pmsp-lidar/. For questions regarding this dataset please contact: geosampa@prefeitura.sp.gov.br","2026-09-20","2017-05-01","2017-07-01"
"QC15_Montreal","Lidar Survey of Montreal, Quebec, Canada 2015","Airborne Lidar","ready","All indexed file URLs matched positive-sized public objects; one LAS header checked per collection.",684,684,"https://portal.opentopography.org/datasetMetadata?otCollectionID=OT.082023.2950.1","https://doi.org/10.5069/G90Z71HC","https://opentopography.s3.sdsc.edu/pc-bulk/QC15_Montreal/QC15_Montreal_TileIndex.zip","","8e83a9267c3a2cb5ee0b50fc17450386f59ebe697bf76a4f76807c1d9fb8068e","51ab4d9bd7b019eaa9fc978b5cc6f93edf0a23ce1577d591c90b92546b0d68dc","https://creativecommons.org/licenses/by/4.0/","Dataset use license","City of Montreal. (2024). Lidar Survey of Montreal, Quebec, Canada 2015.  Collected by XEOS Imaging, Inc.  Distributed by OpenTopography.  https://doi.org/10.5069/10.5069/G90Z71HC Dataset acknowledgement: N/A - Acknowledgement Guidance","2026-09-20","2015-11-24","2015-12-08"
"WA23_JohnHenry","Lidar Survey of John Henry Mine, WA 2023","Airborne Lidar","ready","All indexed file URLs matched positive-sized public objects; one LAS header checked per collection.",6,6,"https://portal.opentopography.org/datasetMetadata?otCollectionID=OT.112024.6339.2","https://doi.org/10.5069/G93F4MVH","https://opentopography.s3.sdsc.edu/pc-bulk/WA23_JohnHenry/WA23_JohnHenry_TileIndex.zip","","4055a3f999fc655a4e690a44fe0e8058f12d4ac57703ab1c4a91b35e8bae1014","2e6ed37f1b6e0eedbe31527fe9e205def0a1263d6760cce7974c06bceaafdd04","https://creativecommons.org/licenses/by/4.0/","Dataset use license","Office of Surface Mining Reclamation and Enforcement (2024). Lidar Survey of John Henry Mine, WA 2023.  Collected by Surdex. Distributed by OpenTopography. https://doi.org/10.5069/G93F4MVH Dataset acknowledgement: N/A - Acknowledgement Guidance","2026-09-20","2023-10-06","2023-10-06"
"WA23_Centralia","Lidar Survey of the Centralia Mine, WA 2023","Airborne Lidar","ready","All indexed file URLs matched positive-sized public objects; one LAS header checked per collection.",77,77,"https://portal.opentopography.org/datasetMetadata?otCollectionID=OT.112024.6339.1","https://doi.org/10.5069/G9765CJS","https://opentopography.s3.sdsc.edu/pc-bulk/WA23_Centralia/WA23_Centralia_TileIndex.zip","","ea130f7f163d57e17aab03958f22a389afabd5bd180c772e459831eb24411170","1d3abeace2e16e962712054a22ad5ad8507a233d690cfb520e1e875ca47b784d","https://creativecommons.org/licenses/by/4.0/","Dataset use license","Office of Surface Mining Reclamation and Enforcement (2024). Lidar Survey of the Centralia Mine, WA 2023.  Collected by Surdex. Distributed by OpenTopography. https://doi.org/10.5069/G9765CJS Dataset acknowledgement: N/A - Acknowledgement Guidance","2026-09-20","2023-10-06","2023-10-06"
"NM23_McKinley","Lidar Survey of the McKinley Mine, NM 2023","Airborne Lidar","ready","All indexed file URLs matched positive-sized public objects; one LAS header checked per collection.",151,151,"https://portal.opentopography.org/datasetMetadata?otCollectionID=OT.112024.6341.2","https://doi.org/10.5069/G9BZ6486","https://opentopography.s3.sdsc.edu/pc-bulk/NM23_McKinley/NM23_McKinley_TileIndex.zip","","e2e5ac89838ae6474d1648af72efc55fae11ebdd163b8c1116b2ef7eb2748a42","3220cd59616f10b20837d9db51961dfd5152fdcd613768eb80ec0ea221edc795","https://creativecommons.org/licenses/by/4.0/","Dataset use license","Office of Surface Mining Reclamation and Enforcement (2024). Lidar Survey of the McKinley Mine, NM 2023.  Collected by Surdex. Distributed by OpenTopography. https://doi.org/10.5069/G9BZ6486 Dataset acknowledgement: N/A - Acknowledgement Guidance","2026-09-20","2023-10-17","2023-10-17"
"AZ23_Kayenta","Lidar Survey of the Kayenta Mine, AZ 2023","Airborne Lidar","ready","All indexed file URLs matched positive-sized public objects; one LAS header checked per collection.",235,235,"https://portal.opentopography.org/datasetMetadata?otCollectionID=OT.112024.6341.1","https://doi.org/10.5069/G9GQ6W0J","https://opentopography.s3.sdsc.edu/pc-bulk/AZ23_Kayenta/AZ23_Kayenta_TileIndex.zip","","eeb37e3d67de02ba4726cdc3a5970bbdd6fd6bd94a2c0fbd19cc06cbdc62a78e","79b4167c2a801d26acc8b58bb8037a6dc428eb71187e9f41e9a8d3aba8157e4b","https://creativecommons.org/licenses/by/4.0/","Dataset use license","Office of Surface Mining Reclamation and Enforcement (2024). Lidar Survey of the Kayenta Mine, AZ 2023.  Collected by Surdex. Distributed by OpenTopography. https://doi.org/10.5069/G9GQ6W0J Dataset acknowledgement: N/A - Acknowledgement Guidance","2026-09-20","2023-10-18","2023-10-19"
"CA23_Sacramento","Topo-Bathymetric Data Set: Sacramento River, California 2023","Airborne Lidar","ready","All indexed file URLs matched positive-sized public objects; one LAS header checked per collection.",2063,2063,"https://portal.opentopography.org/datasetMetadata?otCollectionID=OT.102024.6339.1","https://doi.org/10.5069/G9MW2F86","https://opentopography.s3.sdsc.edu/pc-bulk/CA23_Sacramento/CA23_Sacramento_TileIndex.zip","","35f77468cf90d2aea019c850b3d6161c062c342debf9d2d3beb67897d0a72d48","314b4f8d22aaebc13e6e9d8033021d46f4ad3c0e7ab227189d202ba8980a2ab4","https://opentopography.org/usageterms","OpenTopography Data and Content terms; no dataset-specific license supplied","Yurok Tribe, US Bureau of Reclamation (2024). Topo-Bathymetric Data Set: Sacramento River, California 2023. Distributed by OpenTopography. https://doi.org/10.5069/G9MW2F86 Dataset acknowledgement: Organizations involved in this project include: US Bureau of Reclamation and the Yurok Tribe Fisheries Department. Data processing services provided by the OpenTopography Facility with support from the National Science Foundation under NSF Award Numbers 2410799, 2410800 & 2410801.","2026-09-20","2023-09-22","2023-10-03"
"CA23_Williams","Lidar Survey of Lava Tubes, CA 2023","Airborne Lidar","ready","All indexed file URLs matched positive-sized public objects; one LAS header checked per collection.",75,75,"https://portal.opentopography.org/datasetMetadata?otCollectionID=OT.102024.32610.1","https://doi.org/10.5069/G9ST7N19","https://opentopography.s3.sdsc.edu/pc-bulk/CA23_Williams/CA23_Williams_TileIndex.zip","","8cd12506dafa5ebb87c19f0bba94e72dd48f4568e6ee288cc29ab11d00c8c2c0","cf46ed2c78bce33da034f86b86f962d2a7fa3737c8192fd6c3a01d9b08757400","https://creativecommons.org/licenses/by/4.0/","Dataset use license","Williams, E. (2024). Lidar Survey of Lava Tubes, CA 2023. National Center for Airborne Laser Mapping (NCALM). Distributed by OpenTopography. https://doi.org/10.5069/G9ST7N19 Dataset acknowledgement: Lidar data acquisition and processing completed by the National Center for Airborne Laser Mapping (NCALM). NCALM funding provided by NSF's Division of Earth Sciences, Instrumentation and Facilities Program. EAR-2324629","2026-09-20","2023-09-28","2023-09-28"
"CA23_Fougere","Lidar Survey Along the Calico Fault, CA 2023","Airborne Lidar","ready","All indexed file URLs matched positive-sized public objects; one LAS header checked per collection.",127,127,"https://portal.opentopography.org/datasetMetadata?otCollectionID=OT.092024.32611.1","https://doi.org/10.5069/G9RR1W65","https://opentopography.s3.sdsc.edu/pc-bulk/CA23_Fougere/CA23_Fougere_TileIndex.zip","","ba9dad62539aa682a639637b7fc0cd9885ef142e61ff6331d7920b6aba3873fb","1908e8364018d951c46fd21b0f01d719ccb83fafaeaf83137df901448c9b15ca","https://creativecommons.org/licenses/by/4.0/","Dataset use license","Fougere, D. (2024). Lidar Survey Along the Calico Fault, CA 2023. National Center for Airborne Laser Mapping (NCALM). Distributed by OpenTopography. https://doi.org/10.5069/G9RR1W65 Dataset acknowledgement: Lidar data acquisition and processing completed by the National Center for Airborne Laser Mapping (NCALM). NCALM funding provided by NSF's Division of Earth Sciences, Instrumentation and Facilities Program. EAR-2324629","2026-09-20","2023-09-24","2023-09-24"
"LA23_Davidson","Lidar Survey of Deltaic Wetlands, LA 2023","Airborne Lidar","ready","All indexed file URLs matched positive-sized public objects; one LAS header checked per collection.",80,80,"https://portal.opentopography.org/datasetMetadata?otCollectionID=OT.092024.6345.1","https://doi.org/10.5069/G9PC30KP","https://opentopography.s3.sdsc.edu/pc-bulk/LA23_Davidson/LA23_Davidson_TileIndex.zip","","f7a8a818c0fdcf64c37df78733cca1ebcd0e83fe97cdb10865a1a0fa227e572b","fb824a5bb7215fc2798f5f40daf19afc9c8ad0984064bf38536f717d334a0d0f","https://creativecommons.org/licenses/by/4.0/","Dataset use license","Davidson, D. (2024). Lidar Survey of Deltaic Wetlands, LA 2023. National Center for Airborne Laser Mapping (NCALM). Distributed by OpenTopography. https://doi.org/10.5069/G9PC30KP Dataset acknowledgement: Lidar data acquisition and processing completed by the National Center for Airborne Laser Mapping (NCALM). NCALM funding provided by NSF's Division of Earth Sciences, Instrumentation and Facilities Program. EAR-2324629","2026-09-20","2023-09-20","2023-09-20"
"CO23_Roumelis","Lidar Survey of a Partially Burned Mountain Watershed, CO 2023","Airborne Lidar","ready","All indexed file URLs matched positive-sized public objects; one LAS header checked per collection.",31,31,"https://portal.opentopography.org/datasetMetadata?otCollectionID=OT.092024.6342.1","https://doi.org/10.5069/G9HD7SMZ","https://opentopography.s3.sdsc.edu/pc-bulk/CO23_Roumelis/CO23_Roumelis_TileIndex.zip","","d5694315f702b3af46696fae0c94d99c7904e561cad093ecf53502501ccac5d7","ce37b7398dfec189c4c098c8d3baa64d6323c89573b99b7e64a612186496b28d","https://creativecommons.org/licenses/by/4.0/","Dataset use license","Roumelis, C. (2024). Lidar Survey of a Partially Burned Mountain Watershed, CO 2023. National Center for Airborne Laser Mapping (NCALM). Distributed by OpenTopography. https://doi.org/10.5069/G9HD7SMZ Dataset acknowledgement: Lidar data acquisition and processing completed by the National Center for Airborne Laser Mapping (NCALM). NCALM funding provided by NSF's Division of Earth Sciences, Instrumentation and Facilities Program. EAR-2324629","2026-09-20","2023-10-05","2023-10-05"
"WY12_LegleiterG","Lidar Survey of the Snake River, WY 2012 (1064 nm/Gemini)","Airborne Lidar","ready","All indexed file URLs matched positive-sized public objects; one LAS header checked per collection.",122,122,"https://portal.opentopography.org/datasetMetadata?otCollectionID=OT.092024.26912.1","https://doi.org/10.5069/G9CC0XT2","https://opentopography.s3.sdsc.edu/pc-bulk/WY12_LegleiterG/WY12_LegleiterG_TileIndex.zip","","cf6b2ffbd71f21e91c2de88f93b769a34b06e6a2e153a73155fbb0ba75df437b","6a3a4de524eea0bdc5b735b8e1d955acf68f35e10c62805372841dd7bbdcae4b","https://creativecommons.org/licenses/by/4.0/","Dataset use license","Legleiter, C. (2024). Lidar Survey of the Snake River, WY 2012. National Center for Airborne Laser Mapping (NCALM). Distributed by OpenTopography. https://doi.org/10.5069/G9CC0XT2 Dataset acknowledgement: Lidar data acquisition and processing completed by the National Center for Airborne Laser Mapping (NCALM - https://ncalm.cive.uh.edu). NCALM funding provided by NSF's Division of Earth Sciences, Instrumentation and Facilities Program. EAR-1043051.","2026-09-20","2012-08-20","2012-08-26"
"WY12_LegleiterA","Lidar Survey of the Snake River, WY 2012 (532 nm/Aquarius)","Airborne Lidar","ready","All indexed file URLs matched positive-sized public objects; one LAS header checked per collection.",121,121,"https://portal.opentopography.org/datasetMetadata?otCollectionID=OT.092024.26912.1","https://doi.org/10.5069/G9CC0XT2","https://opentopography.s3.sdsc.edu/pc-bulk/WY12_LegleiterA/WY12_LegleiterA_TileIndex.zip","","dd53567c96964edfdbd0cc70aaf1ba2d38aeb9d97935c6abeaff183149c6a8c8","f195c76ed0e9e16d9bcfd000afa1e6a4311d8b2ee7093f18ee55002f56366b36","https://creativecommons.org/licenses/by/4.0/","Dataset use license","Legleiter, C. (2024). Lidar Survey of the Snake River, WY 2012. National Center for Airborne Laser Mapping (NCALM). Distributed by OpenTopography. https://doi.org/10.5069/G9CC0XT2 Dataset acknowledgement: Lidar data acquisition and processing completed by the National Center for Airborne Laser Mapping (NCALM - https://ncalm.cive.uh.edu). NCALM funding provided by NSF's Division of Earth Sciences, Instrumentation and Facilities Program. EAR-1043051.","2026-09-20","2012-08-20","2012-08-26"
"CA23_Smith","Lidar Survey of Paoha Island, CA 2023","Airborne Lidar","ready","All indexed file URLs matched positive-sized public objects; one LAS header checked per collection.",91,91,"https://portal.opentopography.org/datasetMetadata?otCollectionID=OT.082024.6340.1","https://doi.org/10.5069/G9NG4NV7","https://opentopography.s3.sdsc.edu/pc-bulk/CA23_Smith/CA23_Smith_TileIndex.zip","","38ec7231c585d2cc6e28053a1e534fde20d3efee5ae4d095fe6653b5f87c4ed2","7a7442cf258502ceee3de730e5ca9f090bfbb63cc3b623e8bf773750b8c9471d","https://creativecommons.org/licenses/by/4.0/","Dataset use license","Smith, Z. (2024). Lidar Survey of Paoha Island, CA 2023. Distributed by OpenTopography. https://doi.org/10.5069/G9NG4NV7 Dataset acknowledgement: Lidar data acquisition and processing completed by the National Center for Airborne Laser Mapping (NCALM). NCALM funding provided by NSF's Division of Earth Sciences, Instrumentation and Facilities Program. EAR-1830734","2026-09-20","2023-09-27","2023-09-27"
"AR23_Moran","Mapping Landscape Evolution in the Ozarks, AR 2023","Airborne Lidar","ready","All indexed file URLs matched positive-sized public objects; one LAS header checked per collection.",80,80,"https://portal.opentopography.org/datasetMetadata?otCollectionID=OT.072024.6344.2","https://doi.org/10.5069/G9959FSJ","https://opentopography.s3.sdsc.edu/pc-bulk/AR23_Moran/AR23_Moran_TileIndex.zip","","7a55f2bbec3ad20956b1fd382e4b05b6da98a97a26b1f9e012b9dedfa43b2bb4","7bca5d1509ea22ae74c21373e34c4aff9ccd5b6cbd64c69a24e195868d14146f","https://creativecommons.org/licenses/by/4.0/","Dataset use license","Moran, C. (2024). Mapping Landscape Evolution in the Ozarks, AR 2023. National Center for Airborne Laser Mapping (NCALM). Distributed by OpenTopography. https://doi.org/10.5069/G9959FSJ Dataset acknowledgement: Lidar data acquisition and processing completed by the National Center for Airborne Laser Mapping (NCALM). NCALM funding provided by NSF's Division of Earth Sciences, Instrumentation and Facilities Program. EAR-1830734","2026-09-20","2023-09-21","2023-09-21"
"TX23_Nelson","Characterizing Alluvial Channel Bank Erosion with Lidar, TX 2023","Airborne Lidar","ready","All indexed file URLs matched positive-sized public objects; one LAS header checked per collection.",70,70,"https://portal.opentopography.org/datasetMetadata?otCollectionID=OT.072024.6344.1","https://doi.org/10.5069/G9DZ06JZ","https://opentopography.s3.sdsc.edu/pc-bulk/TX23_Nelson/TX23_Nelson_TileIndex.zip","","0bb7f51091437edac5cff5443c6c5e1ec17616a340cae7e05987bbbc5b8cb211","298b2530b45272d1e38aa5a7a500af96fd8f6b77f6084b242879ac4fab6d87c9","https://creativecommons.org/licenses/by/4.0/","Dataset use license","Nelson, M. (2024). Characterizing Alluvial Channel Bank Erosion with Lidar, TX 2023. National Center for Airborne Laser Mapping (NCALM). Distributed by OpenTopography. https://doi.org/10.5069/G9DZ06JZ Dataset acknowledgement: Lidar data acquisition and processing completed by the National Center for Airborne Laser Mapping (NCALM). NCALM funding provided by NSF's Division of Earth Sciences, Instrumentation and Facilities Program. EAR-1830734","2026-09-20","2023-09-19","2023-09-19"
"ID23_Sclafani","Measuring Hydrologic and Biogeochemical Processes in an Intermittent Stream, ID 2023","Airborne Lidar","ready","All indexed file URLs matched positive-sized public objects; one LAS header checked per collection.",15,15,"https://portal.opentopography.org/datasetMetadata?otCollectionID=OT.052024.6340.1","https://doi.org/10.5069/G9XW4H00","https://opentopography.s3.sdsc.edu/pc-bulk/ID23_Sclafani/ID23_Sclafani_TileIndex.zip","","b21627ab0ee56183fa1da271ae5e48e98fd70060856a48b4ef26409364a7f2ce","5491f8a261b850402e44b89d679235726f5a3aa7b30b38e2338a826d939470b8","https://creativecommons.org/licenses/by/4.0/","Dataset use license","Sclafani, M. (2024). Measuring Hydrologic and Biogeochemical Processes in an Intermittent Stream, ID 2023. National Center for Airborne Laser Mapping (NCALM). Distributed by OpenTopography. https://doi.org/10.5069/G9XW4H00 Dataset acknowledgement: Lidar data acquisition and processing completed by the National Center for Airborne Laser Mapping (NCALM). NCALM funding provided by NSF's Division of Earth Sciences, Instrumentation and Facilities Program. EAR-1830734","2026-09-20","2023-09-11","2023-09-11"
"AK23_Brisbois","Monitoring the Mass Balance of Eklutna Glacier, AK 2023","Airborne Lidar","ready","All indexed file URLs matched positive-sized public objects; one LAS header checked per collection.",221,221,"https://portal.opentopography.org/datasetMetadata?otCollectionID=OT.042024.32606.2","https://doi.org/10.5069/G92N50G8","https://opentopography.s3.sdsc.edu/pc-bulk/AK23_Brisbois/AK23_Brisbois_TileIndex.zip","","f25070f55b2fa5aacad2c725cf4b540ea76593f89a50c7a0587812b8a52a13ce","ad96602c9f253af5d56a75c5f5b42410166a872ea8a76a7f663da1641c70c8cc","https://creativecommons.org/licenses/by/4.0/","Dataset use license","Brisbois, C. (2024). Monitoring the Mass Balance of Eklutna Glacier, AK 2023. National Center for Airborne Laser Mapping (NCALM). Distributed by OpenTopography. https://doi.org/10.5069/G92N50G8 Dataset acknowledgement: Lidar data acquisition and processing completed by the National Center for Airborne Laser Mapping (NCALM). NCALM funding provided by NSF's Division of Earth Sciences, Instrumentation and Facilities Program. EAR-1830734","2026-09-20","2023-07-22","2023-07-22"
"AK23_Robert","Detecting Changes in Hillslope Geomorphology Due to Thawing Permafrost, AK 2023","Airborne Lidar","ready","All indexed file URLs matched positive-sized public objects; one LAS header checked per collection.",93,93,"https://portal.opentopography.org/datasetMetadata?otCollectionID=OT.042024.32606.1","https://doi.org/10.5069/G9KK991N","https://opentopography.s3.sdsc.edu/pc-bulk/AK23_Robert/AK23_Robert_TileIndex.zip","","ff0401975788b62bae633badfa922e710f2d6577368858bdc8c0d27772e88f7b","7421076d2d331c55e3a352d2407879ab92974860a595b96b8453b37b18ee5009","https://creativecommons.org/licenses/by/4.0/","Dataset use license","Robert, Z. (2024). Detecting Changes in Hillslope Geomorphology Due to Thawing Permafrost, AK 2023. National Center for Airborne Laser Mapping (NCALM). Distributed by OpenTopography. https://doi.org/10.5069/G9KK991N Dataset acknowledgement: Lidar data acquisition and processing completed by the National Center for Airborne Laser Mapping (NCALM). NCALM funding provided by NSF's Division of Earth Sciences, Instrumentation and Facilities Program. EAR-1830734","2026-09-20","2023-07-27","2023-07-27"
"NZ23_Hamilton","Hamilton, Waikato, New Zealand 2023","Airborne Lidar","ready","All indexed file URLs matched positive-sized public objects; one LAS header checked per collection.",1240,1240,"https://portal.opentopography.org/datasetMetadata?otCollectionID=OT.042024.2193.1","https://doi.org/10.5069/G9FX77NB","https://opentopography.s3.sdsc.edu/pc-bulk/NZ23_Hamilton/NZ23_Hamilton_TileIndex.zip","","7fa8bdf47b513ae3005f7c4ddaeaa5efdbb50a3d82cdc1b30d049ccbef0b8a9a","1875d11058c973ced4446ef5255aaa173e0e7d8a33baebe2633f52d0559df0ac","https://creativecommons.org/licenses/by/4.0/","Dataset use license","Hamilton City Council, Toit&#363; Te Whenua Land Information New Zealand (LINZ) (2024). Hamilton, Waikato, New Zealand 2023. Collected by Woolpert NZ Ltd , distributed by OpenTopography and LINZ. https://doi.org/10.5069/G9FX77NB Dataset acknowledgement: Released under Creative Commons CC BY 4.0 (https://creativecommons.org/licenses/by/4.0/). Attribution Required for Copies: ""Copyright in this work is owned by Hamilton City Council"". Attribution Required for Derivative works: ""Copyright in the underlying dataset from which this work has been derived is owned by Hamilton City Council""","2026-09-20","2023-11-10","2023-11-10"
"NZ23_Gisborne","Gisborne, New Zealand 2023","Airborne Lidar","ready","All indexed file URLs matched positive-sized public objects; one LAS header checked per collection.",25190,25190,"https://portal.opentopography.org/datasetMetadata?otCollectionID=OT.022024.2193.1","https://doi.org/10.5069/G9MK6B34","https://opentopography.s3.sdsc.edu/pc-bulk/NZ23_Gisborne/NZ23_Gisborne_TileIndex.zip","","d40467c038799e785bfe833fbe6fd12515b629de114131b2ff243a173ae55eb0","ed7e702138697c8768dfe1c498d298384f2f150c58ed0591f88bbff6d035c86f","https://creativecommons.org/licenses/by/4.0/","Dataset use license","Ministry of Business, Innovation and Employment, Toit&#363; Te Whenua Land Information New Zealand (LINZ) (2024). Gisborne, New Zealand 2023. Collected by Landpro, distributed by OpenTopography and LINZ. https://doi.org/10.5069/G9MK6B34 Dataset acknowledgement: Released under Creative Commons CC BY 4.0 (https://creativecommons.org/licenses/by/4.0/). Attribution Required for Copies: ""Copyright in this work is owned by NIWA"". Attribution Required for Derivative works: ""Copyright in the underlying dataset from which this work has been derived is owned by NIWA""","2026-09-20","2023-09-11","2023-12-16"
"NZ23_Banks","Banks Peninsula, Canterbury, New Zealand 2023","Airborne Lidar","ready","All indexed file URLs matched positive-sized public objects; one LAS header checked per collection.",3310,3310,"https://portal.opentopography.org/datasetMetadata?otCollectionID=OT.022024.2193.2","https://doi.org/10.5069/G9RB72TF","https://opentopography.s3.sdsc.edu/pc-bulk/NZ23_Banks/NZ23_Banks_TileIndex.zip","","fe731505b5d6d5c23c3a2d797ca0f4b19b16c83b14dc29d3a40891e2b1678c34","77346f3ef5b0583e5caddf6ce63be4dc3d6ab2edc09a740312765880238f0cd2","https://creativecommons.org/licenses/by/4.0/","Dataset use license","Environment Canterbury Regional Council, Toit&#363; Te Whenua Land Information New Zealand (LINZ) (2024). Banks Peninsula, Canterbury, New Zealand 2023. Collected by Landpro, distributed by OpenTopography and LINZ. https://doi.org/10.5069/G9RB72TF Dataset acknowledgement: Released under Creative Commons CC BY 4.0 (https://creativecommons.org/licenses/by/4.0/). Attribution Required for Copies: ""Copyright in this work is owned by Environment Canterbury Regional Council"". Attribution Required for Derivative works: ""Copyright in the underlying dataset from which this work has been derived is owned by Environment Canterbury Regional Council"".","2026-09-20","2023-02-18","2023-08-15"
"NZ23_Cant","Selwyn, Canterbury, New Zealand 2023","Airborne Lidar","ready","All indexed file URLs matched positive-sized public objects; one LAS header checked per collection.",7180,7180,"https://portal.opentopography.org/datasetMetadata?otCollectionID=OT.012024.2193.3","https://doi.org/10.5069/G9W37TJS","https://opentopography.s3.sdsc.edu/pc-bulk/NZ23_Cant/NZ23_Cant_TileIndex.zip","","9b975b5d2d9080c99446088e725e64584760979282c7e29aebbfe7f16929708a","1f35f6076a8bc3ea5d28e722e2ea4f9ec38d6dd7b58a55afe0f77d060393d33c","https://creativecommons.org/licenses/by/4.0/","Dataset use license","Environment Canterbury Regional Council, Selwyn District Council, Toit&#363; Te Whenua Land Information New Zealand (LINZ) (2024). Selwyn, Canterbury, New Zealand 2023. Collected by Landpro, distributed by OpenTopography and LINZ. https://doi.org/10.5069/G9W37TJS Dataset acknowledgement: Released under Creative Commons CC BY 4.0 (https://creativecommons.org/licenses/by/4.0/). Attribution Required for Copies: ""Copyright in this work is owned by Environment Canterbury Regional Council"". Attribution Required for Derivative works: ""Copyright in the underlying dataset from which this work has been derived is owned by Environment Canterbury Regional Council"".","2026-09-20","2023-03-24","2023-05-04"
"NZ23_CantWaim","Waimakariri, Canterbury, New Zealand 2023","Airborne Lidar","ready","All indexed file URLs matched positive-sized public objects; one LAS header checked per collection.",481,481,"https://portal.opentopography.org/datasetMetadata?otCollectionID=OT.012024.2193.2","https://doi.org/10.5069/G90V8B15","https://opentopography.s3.sdsc.edu/pc-bulk/NZ23_CantWaim/NZ23_CantWaim_TileIndex.zip","","3db43d5dd80a39c27b343e664ad6419b5ef8bbaba4248a2c9caffa4ccb761c36","19784b0c0a97e98fcb028335813db3c3fa6411db6e53c47cbbe4f4b7685f6f0a","https://creativecommons.org/licenses/by/4.0/","Dataset use license","Environment Canterbury Regional Council, Waimakariri District Council, Toit&#363; Te Whenua Land Information New Zealand (LINZ) (2024). Waimakariri, Canterbury, New Zealand 2023. Collected by Aerial Surveys, distributed by OpenTopography and LINZ. https://doi.org/10.5069/G90V8B15 Dataset acknowledgement: Released under Creative Commons CC BY 4.0 (https://creativecommons.org/licenses/by/4.0/). Attribution Required for Copies: ""Copyright in this work is owned by Environment Canterbury Regional Council and Waimakariri District Council"". Attribution Required for Derivative works: ""Copyright in the underlying dataset from which this work has been derived is owned by Environment Canterbury Regional Council"".","2026-09-20","2024-06-14","2024-07-17"
"NZ23_AbelTas_GB","Abel Tasman and Golden Bay, Tasman, New Zealand 2023","Airborne Lidar","ready","All indexed file URLs matched positive-sized public objects; one LAS header checked per collection.",1783,1783,"https://portal.opentopography.org/datasetMetadata?otCollectionID=OT.012024.2193.1","https://doi.org/10.5069/G94M92SX","https://opentopography.s3.sdsc.edu/pc-bulk/NZ23_AbelTas_GB/NZ23_AbelTas_GB_TileIndex.zip","","73837efe786a25cd38cd6ab99c1e9ff7dc330eeb98849fc3e22ba285d5bc5fde","9750d270243f51ef0beb054a612b57fcc9859f325421d01ecccb753c20b39231","https://creativecommons.org/licenses/by/4.0/","Dataset use license","Tasman District Council, Toit&#363; Te Whenua Land Information New Zealand (LINZ) (2024). Abel Tasman and Golden Bay, Tasman, New Zealand 2023. Collected by Aerial Surveys, distributed by OpenTopography and LINZ. https://doi.org/10.5069/G94M92SX Dataset acknowledgement: Released under Creative Commons CC BY 4.0 (https://creativecommons.org/licenses/by/4.0/). Attribution Required for Copies: ""Copyright in this work is owned by Tasman District Council"". Attribution Required for Derivative works: ""Copyright in the underlying dataset from which this work has been derived is owned by Tasman District Council""","2026-09-20","2023-08-07","2023-08-17"
"MT22_Marshall","Lidar Survey to Evaluate Spatial Heterogeneity and Channel Evolution, MT 2022","Airborne Lidar","ready","All indexed file URLs matched positive-sized public objects; one LAS header checked per collection.",81,81,"https://portal.opentopography.org/datasetMetadata?otCollectionID=OT.112023.6341.1","https://doi.org/10.5069/G9HT2MHS","https://opentopography.s3.sdsc.edu/pc-bulk/MT22_Marshall/MT22_Marshall_TileIndex.zip","","885f62fdfcaa83435a90eb71b0e4cec72a212d94c590c385a72da2342fd26c51","463d3d4e5bab485c456db8382443952b5d8a004e88c3ca65b55e157c908210d0","https://creativecommons.org/licenses/by/4.0/","Dataset use license","Marshall, A. (2023). Lidar Survey to Evaluate Spatial Heterogeneity and Channel Evolution, MT 2022. National Center for Airborne Laser Mapping (NCALM). Distributed by OpenTopography. https://doi.org/10.5069/G9HT2MHS Dataset acknowledgement: Lidar data acquisition and processing completed by the National Center for Airborne Laser Mapping (NCALM). NCALM funding provided by NSF's Division of Earth Sciences, Instrumentation and Facilities Program. EAR-1830734","2026-09-20","2022-08-08","2022-08-09"
"NZ22_Whanganui","Manawatu - Whanganui, New Zealand 2022-2023","Airborne Lidar","ready","All indexed file URLs matched positive-sized public objects; one LAS header checked per collection.",4340,4340,"https://portal.opentopography.org/datasetMetadata?otCollectionID=OT.112023.2193.3","https://doi.org/10.5069/G9SB43ZT","https://opentopography.s3.sdsc.edu/pc-bulk/NZ22_Whanganui/NZ22_Whanganui_TileIndex.zip","","d62c278b621c3c2e8d44a78cf452c8c44bd9d7590331de06b7db22429d1773a3","398720d94475215863a7cf5d7c3282ca8bb9d666ad9e932249986487146b91dc","https://creativecommons.org/licenses/by/4.0/","Dataset use license","Horizons Regional Council, Toit&#363; Te Whenua Land Information New Zealand (LINZ) (2023). Manawatu - Whanganui, New Zealand 2022-2023. Collected by Landpro, distributed by OpenTopography and LINZ. https://doi.org/10.5069/G9SB43ZT Dataset acknowledgement: Released under Creative Commons CC BY 4.0 (https://creativecommons.org/licenses/by/4.0/). Attribution Required for Copies: ""Copyright in this work is owned by Horizons Regional Council"". Attribution Required for Derivative works: ""Copyright in the underlying dataset from which this work has been derived is owned by Horizons Regional Council""","2026-09-20","2022-07-02","2023-11-01"
"NZ22_Otago","Central Otago, Otago, New Zealand 2022-2023","Airborne Lidar","ready","All indexed file URLs matched positive-sized public objects; one LAS header checked per collection.",11386,11386,"https://portal.opentopography.org/datasetMetadata?otCollectionID=OT.112023.2193.2","https://doi.org/10.5069/G9X34VP5","https://opentopography.s3.sdsc.edu/pc-bulk/NZ22_Otago/NZ22_Otago_TileIndex.zip","","c205f0ab6e1fa2258960a0e88cdcbb189f601889d1aa31410101d7d4954fbfd9","37eccfd6e0de52cd28d5ec63873f1e6259681d4aec7fb9bc374c4dfbfded21ba","https://creativecommons.org/licenses/by/4.0/","Dataset use license","Otago Regional Council, Toit&#363; Te Whenua Land Information New Zealand (LINZ) (2023). Central Otago, Otago, New Zealand 2022-2023. Collected by AAM, distributed by OpenTopography and LINZ. https://doi.org/10.5069/G9X34VP5 Dataset acknowledgement: Released under Creative Commons CC BY 4.0 (https://creativecommons.org/licenses/by/4.0/). Attribution Required for Copies: ""Copyright in this work is owned by Otago Regional Council"". Attribution Required for Derivative works: ""Copyright in the underlying dataset from which this work has been derived is owned by Otago Regional Council""","2026-09-20","2022-06-22","2023-01-09"
"NZ21_Onslow","Central Otago, Otago, New Zealand 2021","Airborne Lidar","ready","All indexed file URLs matched positive-sized public objects; one LAS header checked per collection.",2381,2381,"https://portal.opentopography.org/datasetMetadata?otCollectionID=OT.112023.2193.1","https://doi.org/10.5069/G91V5C60","https://opentopography.s3.sdsc.edu/pc-bulk/NZ21_Onslow/NZ21_Onslow_TileIndex.zip","","2948bb9425b6130e70547c5661621b252ecf8907b1b8e46391db0765838adda6","89dbab9180681dcbc55c8bd7ff588859854632a9508b9c062852f022b320b02b","https://creativecommons.org/licenses/by/4.0/","Dataset use license","Ministry of Business Innovation and Employment, Toit&#363; Te Whenua Land Information New Zealand (LINZ) (2023). Central Otago, Otago, New Zealand 2021. Collected by Landpro, distributed by OpenTopography and LINZ. https://doi.org/10.5069/G91V5C60 Dataset acknowledgement: Released under Creative Commons CC BY 4.0 (https://creativecommons.org/licenses/by/4.0/). Attribution Required for Copies: ""Copyright in this work is owned by MBIE"". Attribution Required for Derivative works: ""Copyright in the underlying dataset from which this work has been derived is owned by MBIE"".","2026-09-20","2021-05-22","2021-05-27"
"Azer21_Pierce","Satellite derived point clouds of the Kura thrust belt, Shamakhi, Azerbaijan, 2021","Airborne Lidar","ready","All indexed file URLs matched positive-sized public objects; one LAS header checked per collection.",549,549,"https://portal.opentopography.org/datasetMetadata?otCollectionID=OT.092023.32639.1","https://doi.org/10.5069/G9RJ4GPJ","https://opentopography.s3.sdsc.edu/pc-bulk/Azer21_Pierce/Azer21_Pierce_TileIndex.zip","","b6fd8feb7ffee4f1da609aba992f9a7af7e8b0badf73a77ea7db283174a6347c","fc1931211b9cb8946873ed0f6ed1dcf1b39f488f442acb4bd5fc6630daf3c0b1","https://creativecommons.org/licenses/by/4.0/","Dataset use license","Pierce, I., Walker, R. (2023). Satellite derived point clouds of the Kura thrust belt, Shamakhi, Azerbaijan, 2021. Distributed by OpenTopography. https://doi.org/10.5069/G9RJ4GPJ Dataset acknowledgement: N/A - Acknowledgement Guidance","2026-09-20","2021-06-14","2021-06-14"
"NZ23_Porirua","Porirua, Wellington, New Zealand 2023","Airborne Lidar","ready","All indexed file URLs matched positive-sized public objects; one LAS header checked per collection.",667,667,"https://portal.opentopography.org/datasetMetadata?otCollectionID=OT.082023.2193.1","https://doi.org/10.5069/G94Q7S68","https://opentopography.s3.sdsc.edu/pc-bulk/NZ23_Porirua/NZ23_Porirua_TileIndex.zip","","9e49a3b12951b35740bbc98ce212de07fad807d25e5d3e42fbab9d497d6bc7ce","5b2b304e329cd5d8d3ada01d814fd6643d3bf5e5cf3ad1e6d1834bf7c8a0de03","https://creativecommons.org/licenses/by/4.0/","Dataset use license","Porirua City Council, Toit&#363; Te Whenua Land Information New Zealand (LINZ) (2023). Porirua, Wellington, New Zealand 2023. Collected by Landpro, distributed by OpenTopography and LINZ. https://doi.org/10.5069/G94Q7S68 Dataset acknowledgement: Released under Creative Commons CC BY 4.0 (https://creativecommons.org/licenses/by/4.0/). Attribution Required for Copies: ""Copyright in this work is owned by Porirua City Council"". Attribution Required for Derivative works: ""Copyright in the underlying dataset from which this work has been derived is owned by Porirua City Council""","2026-09-20","2023-01-18","2023-04-16"
"CA22_Olsen","Quantifying Channel Change in a Steep Coastal Stream, CA 2022","Airborne Lidar","ready","All indexed file URLs matched positive-sized public objects; one LAS header checked per collection.",20,20,"https://portal.opentopography.org/datasetMetadata?otCollectionID=OT.072023.6339.1","https://doi.org/10.5069/G9TD9VJF","https://opentopography.s3.sdsc.edu/pc-bulk/CA22_Olsen/CA22_Olsen_TileIndex.zip","","324e9dcb66e0765d588c54e810775e0300b5ca542044d098919af829879ecf62","b4d91a3f0f4e69236bae7263814ae16869651c1c26cea0d8e9bebce67663ea63","https://creativecommons.org/licenses/by/4.0/","Dataset use license","Olsen, T. (2023). Quantifying Channel Change in a Steep Coastal Stream, CA 2022. National Center for Airborne Laser Mapping (NCALM). Distributed by OpenTopography. https://doi.org/10.5069/G9TD9VJF Dataset acknowledgement: Lidar data acquisition and processing completed by the National Center for Airborne Laser Mapping (NCALM). NCALM funding provided by NSF's Division of Earth Sciences, Instrumentation and Facilities Program. EAR-1830734","2026-09-20","2022-10-13","2022-10-13"
"NZ22_Kaikoura","Kaik&#333;ura and Waimakariri, Canterbury, New Zealand 2022","Airborne Lidar","ready","All indexed file URLs matched positive-sized public objects; one LAS header checked per collection.",1026,1026,"https://portal.opentopography.org/datasetMetadata?otCollectionID=OT.072023.2193.1","https://doi.org/10.5069/G9Z60M78","https://opentopography.s3.sdsc.edu/pc-bulk/NZ22_Kaikoura/NZ22_Kaikoura_TileIndex.zip","","bb3e97b55b48d779d407bb13dccb76b1b1fac4fd2ce38e690da47d98834de0f3","dcc9d895f1b48a7136b7b79659cec82a7f23a47a5622de7340d98cc34fef13c9","https://creativecommons.org/licenses/by/4.0/","Dataset use license","Environment Canterbury Regional Council, Toit&#363; Te Whenua Land Information New Zealand (LINZ) (2023). Kaik&#333;ura and Waimakariri, Canterbury, New Zealand 2022. Collected by Aerial Surveys, distributed by OpenTopography and LINZ. https://doi.org/10.5069/G9Z60M78 Dataset acknowledgement: Released under Creative Commons CC BY 4.0 (https://creativecommons.org/licenses/by/4.0/). Attribution Required for Copies: ""Copyright in this work is owned by Environment Canterbury Regional Council"". Attribution Required for Derivative works: ""Copyright in the underlying dataset from which this work has been derived is owned by Environment Canterbury Regional Council"".","2026-09-20","2022-07-02","2022-09-15"
"CA12_Willow","USFS Willow Creek Lidar, CA 2012","Airborne Lidar","external","Public TileIndex unavailable: HTTP Error 404: Not Found - use the provider portal.",0,0,"https://portal.opentopography.org/datasetMetadata?otCollectionID=OT.072023.26911.1","https://doi.org/10.5069/G9G73BWM","https://opentopography.s3.sdsc.edu/pc-bulk/CA12_Willow/CA12_Willow_TileIndex.zip","https://portal.opentopography.org/login?redirect=%2FopentopoS3%3FopentopoID%3DOTLAS.072023.26911.1%26tiledIndex%3D1","","","https://creativecommons.org/share-your-work/public-domain/cc0/","Dataset use license","U.S. Forest Service Region 5 Remote Sensing Lab Information Management Staff. (2023). USFS Willow Creek Lidar, CA 2012. Collected by Watershed Sciences, Inc. Distributed by OpenTopography. https://doi.org/10.5069/G9G73BWM Dataset acknowledgement: Data were collected by the US Forest Service using public funds and can be freely used in the public domain","2026-09-20","2012-11-23","2012-11-24"
"CA12_Trout","USFS Trout Creek Lidar, CA 2012","Airborne Lidar","external","Public TileIndex unavailable: HTTP Error 404: Not Found - use the provider portal.",0,0,"https://portal.opentopography.org/datasetMetadata?otCollectionID=OT.072023.26910.1","https://doi.org/10.5069/G9QN64ZG","https://opentopography.s3.sdsc.edu/pc-bulk/CA12_Trout/CA12_Trout_TileIndex.zip","https://portal.opentopography.org/login?redirect=%2FopentopoS3%3FopentopoID%3DOTLAS.072023.26910.1%26tiledIndex%3D1","","","https://creativecommons.org/share-your-work/public-domain/cc0/","Dataset use license","U.S. Forest Service Region 5 Remote Sensing Lab Information Management Staff. (2023). USFS Trout Creek Lidar, CA 2012. Collected by Watershed Sciences, Inc. Distributed by OpenTopography. https://doi.org/10.5069/G9QN64ZG Dataset acknowledgement: Data were collected by the US Forest Service using public funds and can be freely used in the public domain","2026-09-20","2012-10-16","2012-10-16"
"CA13_Trout","USFS Trout Creek Lidar, CA 2013","Airborne Lidar","external","Public TileIndex unavailable: HTTP Error 404: Not Found - use the provider portal.",0,0,"https://portal.opentopography.org/datasetMetadata?otCollectionID=OT.062023.26910.8","https://doi.org/10.5069/G9VD6WNC","https://opentopography.s3.sdsc.edu/pc-bulk/CA13_Trout/CA13_Trout_TileIndex.zip","https://portal.opentopography.org/login?redirect=%2FopentopoS3%3FopentopoID%3DOTLAS.062023.26910.8%26tiledIndex%3D1","","","https://creativecommons.org/share-your-work/public-domain/cc0/","Dataset use license","U.S. Forest Service Region 5 Remote Sensing Lab Information Management Staff. (2023). USFS Trout Creek Lidar, CA 2013. Collected by Digital Mapping Inc. Distributed by OpenTopography. https://doi.org/10.5069/G9VD6WNC Dataset acknowledgement: Data were collected by the US Forest Service using public funds and can be freely used in the public domain","2026-09-20","2013-09-07","2013-10-18"
"CA13_Talia","USFS Taliaferro Ridge Lidar, CA 2013","Airborne Lidar","external","Public TileIndex unavailable: HTTP Error 404: Not Found - use the provider portal.",0,0,"https://portal.opentopography.org/datasetMetadata?otCollectionID=OT.062023.26910.7","https://doi.org/10.5069/G9057D42","https://opentopography.s3.sdsc.edu/pc-bulk/CA13_Talia/CA13_Talia_TileIndex.zip","https://portal.opentopography.org/login?redirect=%2FopentopoS3%3FopentopoID%3DOTLAS.062023.26910.7%26tiledIndex%3D1","","","https://creativecommons.org/share-your-work/public-domain/cc0/","Dataset use license","U.S. Forest Service Region 5 Remote Sensing Lab Information Management Staff. (2023). USFS Taliaferro Ridge Lidar, CA 2013. Collected by Digital Mapping Inc. Distributed by OpenTopography. https://doi.org/10.5069/G9057D42 Dataset acknowledgement: Data were collected by the US Forest Service using public funds and can be freely used in the public domain","2026-09-20","2013-10-22","2013-10-22"
"CA13_Summit","USFS Summit Springs Lidar, CA 2013","Airborne Lidar","external","Public TileIndex unavailable: HTTP Error 404: Not Found - use the provider portal.",0,0,"https://portal.opentopography.org/datasetMetadata?otCollectionID=OT.062023.26910.5","https://doi.org/10.5069/G97P8WMV","https://opentopography.s3.sdsc.edu/pc-bulk/CA13_Summit/CA13_Summit_TileIndex.zip","https://portal.opentopography.org/login?redirect=%2FopentopoS3%3FopentopoID%3DOTLAS.062023.26910.5%26tiledIndex%3D1","","","https://creativecommons.org/share-your-work/public-domain/cc0/","Dataset use license","U.S. Forest Service Region 5 Remote Sensing Lab Information Management Staff. (2023). USFS Summit Springs Lidar, CA 2013. Collected by Digital Mapping Inc. Distributed by OpenTopography. https://doi.org/10.5069/G97P8WMV Dataset acknowledgement: Data were collected by the US Forest Service using public funds and can be freely used in the public domain","2026-09-20","2013-10-23","2013-10-23"
"CA12_Talia","USFS Taliaferro Ridge Lidar, CA 2012","Airborne Lidar","external","Public TileIndex unavailable: HTTP Error 404: Not Found - use the provider portal.",0,0,"https://portal.opentopography.org/datasetMetadata?otCollectionID=OT.062023.26910.6","https://doi.org/10.5069/G93X84V2","https://opentopography.s3.sdsc.edu/pc-bulk/CA12_Talia/CA12_Talia_TileIndex.zip","https://portal.opentopography.org/login?redirect=%2FopentopoS3%3FopentopoID%3DOTLAS.062023.26910.6%26tiledIndex%3D1","","","https://creativecommons.org/share-your-work/public-domain/cc0/","Dataset use license","U.S. Forest Service Region 5 Remote Sensing Lab Information Management Staff. (2023). USFS Taliaferro Ridge Lidar, CA 2012. Collected by Watershed Sciences, Inc. Distributed by OpenTopography. https://doi.org/10.5069/G93X84V2 Dataset acknowledgement: Data were collected by the US Forest Service using public funds and can be freely used in the public domain","2026-09-20","2012-10-16","2012-10-16"
"CA13_Storrie","USFS Storrie Fire, CA 2013","Airborne Lidar","external","Public TileIndex unavailable: HTTP Error 404: Not Found - use the provider portal.",0,0,"https://portal.opentopography.org/datasetMetadata?otCollectionID=OT.062023.26910.4","https://doi.org/10.5069/G9CF9N94","https://opentopography.s3.sdsc.edu/pc-bulk/CA13_Storrie/CA13_Storrie_TileIndex.zip","https://portal.opentopography.org/login?redirect=%2FopentopoS3%3FopentopoID%3DOTLAS.062023.26910.4%26tiledIndex%3D1","","","https://creativecommons.org/share-your-work/public-domain/cc0/","Dataset use license","U.S. Forest Service Region 5 Remote Sensing Lab Information Management Staff. (2023). USFS Storrie Fire, CA 2013. Collected by Watershed Sciences, Inc. Distributed by OpenTopography. https://doi.org/10.5069/G9CF9N94 Dataset acknowledgement: Data were collected by the US Forest Service using public funds and can be freely used in the public domain","2026-09-20","2013-07-30","2013-08-06"
"CA09_Storrie","USFS Storrie Fire, CA 2009","Airborne Lidar","external","Public TileIndex unavailable: HTTP Error 404: Not Found - use the provider portal.",0,0,"https://portal.opentopography.org/datasetMetadata?otCollectionID=OT.062023.26910.3","https://doi.org/10.5069/G9H41PN4","https://opentopography.s3.sdsc.edu/pc-bulk/CA09_Storrie/CA09_Storrie_TileIndex.zip","https://portal.opentopography.org/login?redirect=%2FopentopoS3%3FopentopoID%3DOTLAS.062023.26910.3%26tiledIndex%3D1","","","https://creativecommons.org/share-your-work/public-domain/cc0/","Dataset use license","U.S. Forest Service Region 5 Remote Sensing Lab Information Management Staff. (2023). USFS Storrie Fire, CA 2009. Collected by Watershed Sciences, Inc. Distributed by OpenTopography. https://doi.org/10.5069/G9H41PN4 Dataset acknowledgement: Data were collected by the US Forest Service using public funds and can be freely used in the public domain","2026-09-20","2009-07-31","2009-08-11"
"CA12_SouthCreek","USFS South Creek Lidar, CA 2012","Airborne Lidar","external","Public TileIndex unavailable: HTTP Error 404: Not Found - use the provider portal.",0,0,"https://portal.opentopography.org/datasetMetadata?otCollectionID=OT.062023.26911.1","https://doi.org/10.5069/G9WD3XSR","https://opentopography.s3.sdsc.edu/pc-bulk/CA12_SouthCreek/CA12_SouthCreek_TileIndex.zip","https://portal.opentopography.org/login?redirect=%2FopentopoS3%3FopentopoID%3DOTLAS.062023.26911.1%26tiledIndex%3D1","","","https://creativecommons.org/share-your-work/public-domain/cc0/","Dataset use license","U.S. Forest Service Region 5 Remote Sensing Lab Information Management Staff. (2023). USFS South Creek Lidar, CA 2012. Collected by Watershed Sciences, Inc. Distributed by OpenTopography. https://doi.org/10.5069/G9WD3XSR Dataset acknowledgement: Data were collected by the US Forest Service using public funds and can be freely used in the public domain","2026-09-20","2012-11-19","2012-11-20"
"CA13_SquawCreek","USFS Squaw Creek Lidar, CA 2013","Airborne Lidar","external","Public TileIndex unavailable: HTTP Error 404: Not Found - use the provider portal.",0,0,"https://portal.opentopography.org/datasetMetadata?otCollectionID=OT.062023.26910.2","https://doi.org/10.5069/G9MW2FB3","https://opentopography.s3.sdsc.edu/pc-bulk/CA13_SquawCreek/CA13_SquawCreek_TileIndex.zip","https://portal.opentopography.org/login?redirect=%2FopentopoS3%3FopentopoID%3DOTLAS.062023.26910.2%26tiledIndex%3D1","","","https://creativecommons.org/share-your-work/public-domain/cc0/","Dataset use license","U.S. Forest Service Region 5 Remote Sensing Lab Information Management Staff. (2023). USFS Squaw Creek Lidar, CA 2013. Collected by Digital Mapping Inc. Distributed by OpenTopography. https://doi.org/10.5069/G9MW2FB3 Dataset acknowledgement: Data were collected by the US Forest Service using public funds and can be freely used in the public domain","2026-09-20","2013-08-20","2013-09-01"
"CA12_Snag","USFS Snag Hill Lidar, CA 2012","Airborne Lidar","external","Public TileIndex unavailable: HTTP Error 404: Not Found - use the provider portal.",0,0,"https://portal.opentopography.org/datasetMetadata?otCollectionID=OT.062023.26910.1","https://doi.org/10.5069/G9J38QQ2","https://opentopography.s3.sdsc.edu/pc-bulk/CA12_Snag/CA12_Snag_TileIndex.zip","https://portal.opentopography.org/login?redirect=%2FopentopoS3%3FopentopoID%3DOTLAS.062023.26910.1%26tiledIndex%3D1","","","https://creativecommons.org/share-your-work/public-domain/cc0/","Dataset use license","U.S. Forest Service Region 5 Remote Sensing Lab Information Management Staff. (2023). USFS Snag Hill Lidar, CA 2012. Collected by Watershed Sciences, Inc. Distributed by OpenTopography. https://doi.org/10.5069/G9J38QQ2 Dataset acknowledgement: Data were collected by the US Forest Service using public funds and can be freely used in the public domain","2026-09-20","2012-10-14","2012-10-14"
"TW18_Carr","Bedrock River Channels of the Taiwan Central Range, 2018-2020","Structure from Motion / Photogrammetry","out_of_scope","Outside airborne-LiDAR scope: Structure from Motion / Photogrammetry",447,447,"https://portal.opentopography.org/datasetMetadata?otCollectionID=OT.062023.32651.1","https://doi.org/10.5069/G9154F8F","https://opentopography.s3.sdsc.edu/pc-bulk/TW18_Carr/TW18_Carr_TileIndex.zip","","32940f15ae580d218c50106c29f31eee0a6f0ee58f6e78d38a19874e0b16d9df","02b918439549b522458052acf79246f5be6a67a7c9ee512a66446638736b26b4","https://creativecommons.org/licenses/by/4.0/","Dataset use license","Carr, J.C, DiBiase, R.A. (2023). Bedrock River channels of the Taiwan Central Range, 2018-2020. Distributed by OpenTopography. https://doi.org/10.5069/G9154F8F Dataset acknowledgement: Dataset collection was funded by the NSF grant EAR-1933203. We thank En-Chao Yeh, Tsai-Wei Chen, Cassie Hanagan, Ping-Chuan Chen, Guo-Ying Peng, Hao-Cheng Sun, Huong Pham, Guang-Hao Chen, Wei-Hao Hsu, Emily Loucks, Kelly Shih, Bo-Han He, and Eva Yin for valuable field assistance in gathering this data","2026-09-20","2018-03-16","2020-01-09"
"CA22_Marvin","Quantitative Characterization of Dune-Dune Interactions, CA 2022","Airborne Lidar","ready","All indexed file URLs matched positive-sized public objects; one LAS header checked per collection.",51,51,"https://portal.opentopography.org/datasetMetadata?otCollectionID=OT.062023.6340.1","https://doi.org/10.5069/G9NV9GFG","https://opentopography.s3.sdsc.edu/pc-bulk/CA22_Marvin/CA22_Marvin_TileIndex.zip","","77545bcc3b9f9c97bac1e2de066e92ca193b8c80b93b3034204e19c7ce889aee","a241ea6bdb5257e61e2a831e21f2479785ec28e058fe87a6b841daed0417c260","https://creativecommons.org/licenses/by/4.0/","Dataset use license","Marvin, M.C. (2023). Quantitative Characterization of Dune-Dune Interactions, CA 2022. National Center for Airborne Laser Mapping (NCALM). Distributed by OpenTopography. https://doi.org/10.5069/G9NV9GFG Dataset acknowledgement: Lidar data acquisition and processing completed by the National Center for Airborne Laser Mapping (NCALM). NCALM funding provided by NSF's Division of Earth Sciences, Instrumentation and Facilities Program. EAR-1830734","2026-09-20","2022-10-10","2022-10-10"
"NZ21_South","Southland, New Zealand 2020-2024","Airborne Lidar","ready","All indexed file URLs matched positive-sized public objects; one LAS header checked per collection.",57196,57104,"https://portal.opentopography.org/datasetMetadata?otCollectionID=OT.042023.2193.3","https://doi.org/10.5069/G9TM78B1","https://opentopography.s3.sdsc.edu/pc-bulk/NZ21_South/NZ21_South_TileIndex.zip","","5b52f122654898b9916a2bc3327e938e3e7bfa4345d840938ca1e0960a93a68c","1beceefb957879bedc557390b80b41db1f93ef4471acf11e6de44b83098e6e2d","https://creativecommons.org/licenses/by/4.0/","Dataset use license","Environment Southland Regional Council, Toit&#363; Te Whenua Land Information New Zealand (LINZ) (2024). Southland, New Zealand 2020-2024. Collected by Aerial Surveys, distributed by OpenTopography and LINZ. https://doi.org/10.5069/G9TM78B1 Dataset acknowledgement: Released under Creative Commons CC BY 4.0 (https://creativecommons.org/licenses/by/4.0/). Attribution Required for Copies: ""Copyright in this work is owned by Environment Southland"". Attribution Required for Derivative works: ""Copyright in the underlying dataset from which this work has been derived is owned by Environment Southland""","2026-09-20","2020-12-15","2024-01-30"
"NZ21_Waikato","Waikato, New Zealand 2021","Airborne Lidar","ready","All indexed file URLs matched positive-sized public objects; one LAS header checked per collection.",72116,72116,"https://portal.opentopography.org/datasetMetadata?otCollectionID=OT.042023.2193.2","https://doi.org/10.5069/G9ZC8136","https://opentopography.s3.sdsc.edu/pc-bulk/NZ21_Waikato/NZ21_Waikato_TileIndex.zip","","611e8180aa906d8147d3e72278ad4a5280738f9f2cca9f1e95be56f88fe99cbe","bee9f6c0267aef314c78d383c7239b3d90c77566d99477349994eb610da728ae","https://creativecommons.org/licenses/by/4.0/","Dataset use license","Waikato Regional Council, Waikato District Council, Hauraki District Council, Thames Coromandel District Council, Matamata Piako District Council, &#332;torohanga District Council, South Waikato District Council, Taup&#333; District, Waip&#257; District Council Council, Waitomo District Council, Lincoln Agritech, Waikato River Authority, Mercury NZ Ltd, EQC Earthquake Commission, Environmental Research Institute, WEL Networks, Toit&#363; Te Whenua Land Information New Zealand (LINZ) (2024). Waikato, New Zealand 2021. Collected by Ocean Infinity, distributed by OpenTopography and LINZ. https://doi.org/10.5069/G9ZC8136 Dataset acknowledgement: Released under Creative Commons CC BY 4.0 (https://creativecommons.org/licenses/by/4.0/). Attribution Required for Copies: ""Copyright in this work is owned by Waikato Regional Council"". Attribution Required for Derivative works: ""Copyright in the underlying dataset from which this work has been derived is owned by Waikato Regional Council""","2026-09-20","2021-01-05","2021-03-26"
"NZ22_Wanaka","W&#257;naka, Otago, New Zealand 2022-2023","Airborne Lidar","ready","All indexed file URLs matched positive-sized public objects; one LAS header checked per collection.",166,166,"https://portal.opentopography.org/datasetMetadata?otCollectionID=OT.042023.2193.1","https://doi.org/10.5069/G96T0JVW","https://opentopography.s3.sdsc.edu/pc-bulk/NZ22_Wanaka/NZ22_Wanaka_TileIndex.zip","","cb652db774b3f2f638254e951b659d0fd1009ef393afb5f4bd33b4cefb151c25","09acba561180288ef3b31a17fa0fc3e08a65ac2dfad331ccf6200a44a719fbb1","https://creativecommons.org/licenses/by/4.0/","Dataset use license","Queenstown Lakes District Council, Toit&#363; Te Whenua Land Information New Zealand (LINZ) (2024). W&#257;naka, Otago, New Zealand 2022-2023. Collected by Landpro, distributed by OpenTopography and LINZ. https://doi.org/10.5069/G96T0JVW Dataset acknowledgement: Released under Creative Commons CC BY 4.0 (https://creativecommons.org/licenses/by/4.0/). Attribution Required for Copies: ""Copyright in this work is owned by Queenstown Lakes District Council"". Attribution Required for Derivative works: ""Copyright in the underlying dataset from which this work has been derived is owned by Queenstown Lakes District Council""","2026-09-20","2022-11-27","2023-01-11"
"CA12_Sims","USFS Sims Fire Lidar, CA 2012","Airborne Lidar","external","Public TileIndex unavailable: HTTP Error 404: Not Found - use the provider portal.",0,0,"https://portal.opentopography.org/datasetMetadata?otCollectionID=OT.042023.26910.1","https://doi.org/10.5069/G9BK19J5","https://opentopography.s3.sdsc.edu/pc-bulk/CA12_Sims/CA12_Sims_TileIndex.zip","https://portal.opentopography.org/login?redirect=%2FopentopoS3%3FopentopoID%3DOTLAS.042023.26910.1%26tiledIndex%3D1","","","https://creativecommons.org/share-your-work/public-domain/cc0/","Dataset use license","U.S. Forest Service Region 5 Remote Sensing Lab Information Management Staff. (2023). USFS Sims Fire Lidar, CA 2012. Collected by Watershed Sciences, Inc. Distributed by OpenTopography. https://doi.org/10.5069/G9BK19J5 Dataset acknowledgement: Data were collected by the US Forest Service using public funds and can be freely used in the public domain","2026-09-20","2012-10-18","2012-12-13"
"CA09_SanGab","USFS San Gabriel Mountain Lidar, CA 2009","Airborne Lidar","external","Public TileIndex unavailable: HTTP Error 404: Not Found - use the provider portal.",0,0,"https://portal.opentopography.org/datasetMetadata?otCollectionID=OT.032023.26911.2","https://doi.org/10.5069/G9M32T07","https://opentopography.s3.sdsc.edu/pc-bulk/CA09_SanGab/CA09_SanGab_TileIndex.zip","https://portal.opentopography.org/login?redirect=%2FopentopoS3%3FopentopoID%3DOTLAS.032023.26911.2%26tiledIndex%3D1","","","https://creativecommons.org/share-your-work/public-domain/cc0/","Dataset use license","U.S. Forest Service Region 5 Remote Sensing Lab Information Management Staff. (2023). USFS San Gabriel Mountain Lidar, CA 2009. Collected by Dewberry. Distributed by OpenTopography. https://doi.org/10.5069/G9M32T07 Dataset acknowledgement: Data were collected by the US Forest Service using public funds and can be freely used in the public domain","2026-09-20","2009-05-30","2009-06-22"
"CA13_Slide","USFS Slides Glade Lidar, CA 2013","Airborne Lidar","external","Public TileIndex unavailable: HTTP Error 404: Not Found - use the provider portal.",0,0,"https://portal.opentopography.org/datasetMetadata?otCollectionID=OT.042023.26910.2","https://doi.org/10.5069/G9GB228W","https://opentopography.s3.sdsc.edu/pc-bulk/CA13_Slide/CA13_Slide_TileIndex.zip","https://portal.opentopography.org/login?redirect=%2FopentopoS3%3FopentopoID%3DOTLAS.042023.26910.2%26tiledIndex%3D1","","","https://creativecommons.org/share-your-work/public-domain/cc0/","Dataset use license","U.S. Forest Service Region 5 Remote Sensing Lab Information Management Staff. (2023). USFS Slides Glade Lidar, CA 2013. Collected by Watershed Sciences, Inc. Distributed by OpenTopography. https://doi.org/10.5069/G9GB228W Dataset acknowledgement: Data were collected by the US Forest Service using public funds and can be freely used in the public domain","2026-09-20","2013-06-21","2013-06-21"
"CA13_Road46","USFS Road46 Lidar, CA 2013","Airborne Lidar","external","Public TileIndex unavailable: HTTP Error 404: Not Found - use the provider portal.",0,0,"https://portal.opentopography.org/datasetMetadata?otCollectionID=OT.032023.26910.4","https://doi.org/10.5069/G9QV3JRP","https://opentopography.s3.sdsc.edu/pc-bulk/CA13_Road46/CA13_Road46_TileIndex.zip","https://portal.opentopography.org/login?redirect=%2FopentopoS3%3FopentopoID%3DOTLAS.032023.26910.4%26tiledIndex%3D1","","","https://creativecommons.org/share-your-work/public-domain/cc0/","Dataset use license","U.S. Forest Service Region 5 Remote Sensing Lab Information Management Staff. (2023). USFS Road46 Lidar, CA 2013. Collected by Digital Mapping Inc. Distributed by OpenTopography. https://doi.org/10.5069/G9QV3JRP Dataset acknowledgement: Data were collected by the US Forest Service using public funds and can be freely used in the public domain","2026-09-20","2013-10-04","2013-10-05"
"CA12_Oak","USFS Oak Creek Lidar, CA 2012","Airborne Lidar","external","Public TileIndex unavailable: HTTP Error 404: Not Found - use the provider portal.",0,0,"https://portal.opentopography.org/datasetMetadata?otCollectionID=OT.032023.26911.1","https://doi.org/10.5069/G9VM49HV","https://opentopography.s3.sdsc.edu/pc-bulk/CA12_Oak/CA12_Oak_TileIndex.zip","https://portal.opentopography.org/login?redirect=%2FopentopoS3%3FopentopoID%3DOTLAS.032023.26911.1%26tiledIndex%3D1","","","https://creativecommons.org/share-your-work/public-domain/cc0/","Dataset use license","U.S. Forest Service Region 5 Remote Sensing Lab Information Management Staff. (2023). USFS Oak Creek Lidar, CA 2012. Collected by Watershed Sciences, Inc. Distributed by OpenTopography. https://doi.org/10.5069/G9VM49HV Dataset acknowledgement: Data were collected by the US Forest Service using public funds and can be freely used in the public domain","2026-09-20","2012-11-13","2012-11-15"
"CA13_Mule","USFS Mule Lidar, CA 2013","Airborne Lidar","external","Public TileIndex unavailable: HTTP Error 404: Not Found - use the provider portal.",0,0,"https://portal.opentopography.org/datasetMetadata?otCollectionID=OT.032023.26910.3","https://doi.org/10.5069/G90C4T05","https://opentopography.s3.sdsc.edu/pc-bulk/CA13_Mule/CA13_Mule_TileIndex.zip","https://portal.opentopography.org/login?redirect=%2FopentopoS3%3FopentopoID%3DOTLAS.032023.26910.3%26tiledIndex%3D1","","","https://creativecommons.org/share-your-work/public-domain/cc0/","Dataset use license","U.S. Forest Service Region 5 Remote Sensing Lab Information Management Staff. (2023). USFS Mule Lidar, CA 2013. Collected by Digital Mapping Inc. Distributed by OpenTopography. https://doi.org/10.5069/G90C4T05 Dataset acknowledgement: Data were collected by the US Forest Service using public funds and can be freely used in the public domain","2026-09-20","2013-10-20","2013-10-21"
"CA12_Mule","USFS Mule Lidar, CA 2012","Airborne Lidar","external","Public TileIndex unavailable: HTTP Error 404: Not Found - use the provider portal.",0,0,"https://portal.opentopography.org/datasetMetadata?otCollectionID=OT.032023.26910.2","https://doi.org/10.5069/G9416V8Q","https://opentopography.s3.sdsc.edu/pc-bulk/CA12_Mule/CA12_Mule_TileIndex.zip","https://portal.opentopography.org/login?redirect=%2FopentopoS3%3FopentopoID%3DOTLAS.032023.26910.2%26tiledIndex%3D1","","","https://creativecommons.org/share-your-work/public-domain/cc0/","Dataset use license","U.S. Forest Service Region 5 Remote Sensing Lab Information Management Staff. (2023). USFS Mule Lidar, CA 2012. Collected by Watershed Sciences, Inc. Distributed by OpenTopography. https://doi.org/10.5069/G9416V8Q Dataset acknowledgement: Data were collected by the US Forest Service using public funds and can be freely used in the public domain","2026-09-20","2012-10-15","2012-10-15"
"NZ22_ToS","Top of the South Flood, Nelson and Tasman, New Zealand 2022","Airborne Lidar","ready","All indexed file URLs matched positive-sized public objects; one LAS header checked per collection.",2657,2657,"https://portal.opentopography.org/datasetMetadata?otCollectionID=OT.032023.2193.1","https://doi.org/10.5069/G97S7KZ8","https://opentopography.s3.sdsc.edu/pc-bulk/NZ22_ToS/NZ22_ToS_TileIndex.zip","","01776843da020381b0f089f5ebb1a66a34a39ed3389b53cd269f1c5b25c18a8f","a3406dcc03b53bd129abcd78897a4d3d10e47d678d473d9f60556bc2e53c81e4","https://creativecommons.org/licenses/by/4.0/","Dataset use license","Tasman District Council, Nelson City Council, Waka Kotahi New Zealand Transport Agency, National Emergency Management Agency, Toit&#363; Te Whenua Land Information New Zealand (LINZ) (2023). Top of the South Flood, Nelson and Tasman, New Zealand 2022. Collected by Aerial Surveys, distributed by OpenTopography and LINZ. https://doi.org/10.5069/G97S7KZ8 Dataset acknowledgement: Released under Creative Commons CC BY 4.0 (https://creativecommons.org/licenses/by/4.0/). Attribution Required for Copies: ""Copyright in this work is owned by Nelson City Council, Tasman District Council, Waka Kotahi NZ Transport Agency and the National Emergency Management Agency"". Attribution Required for Derivative works: ""Copyright in the underlying dataset from which this work has been derived is owned by Nelson City Council, Tasman District Council, Waka Kotahi NZ Transport Agency and National Emergency Management Agency"".","2026-09-20","2022-08-23","2022-09-06"
"CA13_MtBid","USFS Mount Bidwell Lidar, CA 2013","Airborne Lidar","external","Public TileIndex unavailable: HTTP Error 404: Not Found - use the provider portal.",0,0,"https://portal.opentopography.org/datasetMetadata?otCollectionID=OT.032023.26910.1","https://doi.org/10.5069/G9CJ8BP0","https://opentopography.s3.sdsc.edu/pc-bulk/CA13_MtBid/CA13_MtBid_TileIndex.zip","https://portal.opentopography.org/login?redirect=%2FopentopoS3%3FopentopoID%3DOTLAS.032023.26910.1%26tiledIndex%3D1","","","https://creativecommons.org/share-your-work/public-domain/cc0/","Dataset use license","U.S. Forest Service Region 5 Remote Sensing Lab Information Management Staff. (2023). USFS Mount Bidwell Lidar, CA 2013. Collected by Digital Mapping, Inc. Distributed by OpenTopography. https://doi.org/10.5069/G9CJ8BP0 Dataset acknowledgement: Data were collected by the US Forest Service using public funds and can be freely used in the public domain","2026-09-20","2013-10-05","2013-10-05"
"CA13_Moores","USFS Moores Flat Lidar, CA 2013","Airborne Lidar","external","Public TileIndex unavailable: HTTP Error 404: Not Found - use the provider portal.",0,0,"https://portal.opentopography.org/datasetMetadata?otCollectionID=OT.022023.26910.5","https://doi.org/10.5069/G9H993DQ","https://opentopography.s3.sdsc.edu/pc-bulk/CA13_Moores/CA13_Moores_TileIndex.zip","https://portal.opentopography.org/login?redirect=%2FopentopoS3%3FopentopoID%3DOTLAS.022023.26910.5%26tiledIndex%3D1","","","https://creativecommons.org/share-your-work/public-domain/cc0/","Dataset use license","U.S. Forest Service Region 5 Remote Sensing Lab Information Management Staff. (2023). USFS Moores Flat Lidar, CA 2013. Collected by Watershed Sciences, Inc. Distributed by OpenTopography. https://doi.org/10.5069/G9H993DQ Dataset acknowledgement: Data were collected by the US Forest Service using public funds and can be freely used in the public domain","2026-09-20","2013-04-26","2013-04-26"
"NZ22_Tasman","Tasman Bay, Tasman, New Zealand 2022","Airborne Lidar","ready","All indexed file URLs matched positive-sized public objects; one LAS header checked per collection.",1299,1299,"https://portal.opentopography.org/datasetMetadata?otCollectionID=OT.022023.2193.1","https://doi.org/10.5069/G9N29V5H","https://opentopography.s3.sdsc.edu/pc-bulk/NZ22_Tasman/NZ22_Tasman_TileIndex.zip","","46589895980c9462bd421fed85a75f958b6199c0b5b88db22b27389a5d16daa0","f87da07defb97461e42f0bd867f4b53282d003603baa9a1505f24de1a98f63a1","https://creativecommons.org/licenses/by/4.0/","Dataset use license","Tasman District Council, Toit&#363;  Te Whenua Land Information New Zealand (LINZ) (2023). Tasman Bay, Tasman, New Zealand 2022. Collected by Aerial Surveys, distributed by OpenTopography and LINZ. https://doi.org/10.5069/G9N29V5H Dataset acknowledgement: Released under Creative Commons CC BY 4.0 (https://creativecommons.org/licenses/by/4.0/). Attribution Required for Copies: ""Copyright in this work is owned by Tasman District Council"". Attribution Required for Derivative works: ""Copyright in the underlying dataset from which this work has been derived is owned by Tasman District Council""","2026-09-20","2022-10-14","2022-11-07"
"CA13_Moon","USFS Moonlight Fire Lidar, CA 2013","Airborne Lidar","external","Public TileIndex unavailable: HTTP Error 404: Not Found - use the provider portal.",0,0,"https://portal.opentopography.org/datasetMetadata?otCollectionID=OT.022023.26910.4","https://doi.org/10.5069/G9RV0KXH","https://opentopography.s3.sdsc.edu/pc-bulk/CA13_Moon/CA13_Moon_TileIndex.zip","https://portal.opentopography.org/login?redirect=%2FopentopoS3%3FopentopoID%3DOTLAS.022023.26910.4%26tiledIndex%3D1","","","https://creativecommons.org/share-your-work/public-domain/cc0/","Dataset use license","U.S. Forest Service Region 5 Remote Sensing Lab Information Management Staff. (2023). USFS Moonlight Fire Lidar, CA 2013. Collected by Watershed Sciences, Inc. Distributed by OpenTopography. https://doi.org/10.5069/G9RV0KXH Dataset acknowledgement: Data were collected by the US Forest Service using public funds and can be freely used in the public domain","2026-09-20","2013-08-03","2013-08-15"
"CA12_MillFlat","USFS Mill Flat Creek Lidar, CA 2012","Airborne Lidar","external","Public TileIndex unavailable: HTTP Error 404: Not Found - use the provider portal.",0,0,"https://portal.opentopography.org/datasetMetadata?otCollectionID=OT.022023.26911.1","https://doi.org/10.5069/G9WM1BMS","https://opentopography.s3.sdsc.edu/pc-bulk/CA12_MillFlat/CA12_MillFlat_TileIndex.zip","https://portal.opentopography.org/login?redirect=%2FopentopoS3%3FopentopoID%3DOTLAS.022023.26911.1%26tiledIndex%3D1","","","https://creativecommons.org/share-your-work/public-domain/cc0/","Dataset use license","U.S. Forest Service Region 5 Remote Sensing Lab Information Management Staff. (2023). USFS Mill Flat Creek Lidar, CA 2012. Collected by Watershed Sciences, Inc. Distributed by OpenTopography. https://doi.org/10.5069/G9WM1BMS Dataset acknowledgement: Data were collected by the US Forest Service using public funds and can be freely used in the public domain","2026-09-20","2012-11-19","2019-11-20"
"CA13_MichBluff","USFS Michigan Bluff Lidar, CA 2013","Airborne Lidar","external","Public TileIndex unavailable: HTTP Error 404: Not Found - use the provider portal.",0,0,"https://portal.opentopography.org/datasetMetadata?otCollectionID=OT.022023.26910.3","https://doi.org/10.5069/G91834Q6","https://opentopography.s3.sdsc.edu/pc-bulk/CA13_MichBluff/CA13_MichBluff_TileIndex.zip","https://portal.opentopography.org/login?redirect=%2FopentopoS3%3FopentopoID%3DOTLAS.022023.26910.3%26tiledIndex%3D1","","","https://creativecommons.org/share-your-work/public-domain/cc0/","Dataset use license","U.S. Forest Service Region 5 Remote Sensing Lab Information Management Staff. (2023). USFS Michigan Bluff Lidar, CA 2013. Collected by Watershed Sciences, Inc. Distributed by OpenTopography. https://doi.org/10.5069/G91834Q6 Dataset acknowledgement: Data were collected by the US Forest Service using public funds and can be freely used in the public domain","2026-09-20","2013-04-26","2013-04-26"
"OR22_Sheppard","Mapping Changes in Vegetation After Deep-Seated Landslides, OR 2022","Airborne Lidar","ready","All indexed file URLs matched positive-sized public objects; one LAS header checked per collection.",20,20,"https://portal.opentopography.org/datasetMetadata?otCollectionID=OT.022023.6339.1","https://doi.org/10.5069/G9513WD3","https://opentopography.s3.sdsc.edu/pc-bulk/OR22_Sheppard/OR22_Sheppard_TileIndex.zip","","88f94d7b0557c671860b43df47160fa61b6e5e8c68720401f26dc154a73ca0c4","e0610a4d9285a17dd3d470bc7a058b18b5755a144de9656f9386e1c3c92d673b","https://creativecommons.org/licenses/by/4.0/","Dataset use license","Sheppard, J. (2023). Mapping Changes in Vegetation After Deep-Seated Landslides, OR 2022. National Center for Airborne Laser Mapping (NCALM). Distributed by OpenTopography.  https://doi.org/10.5069/G9513WD3 Dataset acknowledgement: Lidar data acquisition and processing completed by the National Center for Airborne Laser Mapping (NCALM). NCALM funding provided by NSF's Division of Earth Sciences, Instrumentation and Facilities Program. EAR-1830734","2026-09-20","2022-03-16","2022-03-16"
"CA09_Meadow","USFS Meadow Valley Lidar, CA 2009","Airborne Lidar","external","Public TileIndex unavailable: HTTP Error 404: Not Found - use the provider portal.",0,0,"https://portal.opentopography.org/datasetMetadata?otCollectionID=OT.022023.26910.1","https://doi.org/10.5069/G98S4N4H","https://opentopography.s3.sdsc.edu/pc-bulk/CA09_Meadow/CA09_Meadow_TileIndex.zip","https://portal.opentopography.org/login?redirect=%2FopentopoS3%3FopentopoID%3DOTLAS.022023.26910.1%26tiledIndex%3D1","","","https://creativecommons.org/share-your-work/public-domain/cc0/","Dataset use license","U.S. Forest Service Region 5 Remote Sensing Lab Information Management Staff. (2023). USFS Meadow Valley Lidar, CA 2009. Collected by Watershed Sciences, Inc. Distributed by OpenTopography. https://doi.org/10.5069/G98S4N4H Dataset acknowledgement: Data were collected by the US Forest Service using public funds and can be freely used in the public domain","2026-09-20","2009-07-31","2009-08-11"
"CA12_Marble","USFS Marble Valley Lidar, CA 2012","Airborne Lidar","external","Public TileIndex unavailable: HTTP Error 404: Not Found - use the provider portal.",0,0,"https://portal.opentopography.org/datasetMetadata?otCollectionID=OT.012023.26910.3","https://doi.org/10.5069/G9DJ5CVT","https://opentopography.s3.sdsc.edu/pc-bulk/CA12_Marble/CA12_Marble_TileIndex.zip","https://portal.opentopography.org/login?redirect=%2FopentopoS3%3FopentopoID%3DOTLAS.012023.26910.3%26tiledIndex%3D1","","","https://creativecommons.org/share-your-work/public-domain/cc0/","Dataset use license","U.S. Forest Service Region 5 Remote Sensing Lab Information Management Staff. (2023). USFS Marble Valley Lidar, CA 2012. Collected by Watershed Sciences, Inc. Distributed by OpenTopography. https://doi.org/10.5069/G9DJ5CVT Dataset acknowledgement: Data were collected by the US Forest Service using public funds and can be freely used in the public domain","2026-09-20","2012-10-17","2012-10-17"
"CA14_Klamath","USFS Lower Klamath Lidar, CA 2014","Airborne Lidar","external","Public TileIndex unavailable: HTTP Error 404: Not Found - use the provider portal.",0,0,"https://portal.opentopography.org/datasetMetadata?otCollectionID=OT.012023.26910.2","https://doi.org/10.5069/G9J964M0","https://opentopography.s3.sdsc.edu/pc-bulk/CA14_Klamath/CA14_Klamath_TileIndex.zip","https://portal.opentopography.org/login?redirect=%2FopentopoS3%3FopentopoID%3DOTLAS.012023.26910.2%26tiledIndex%3D1","","","https://creativecommons.org/share-your-work/public-domain/cc0/","Dataset use license","U.S. Forest Service Region 5 Remote Sensing Lab Information Management Staff. (2023). USFS Lower Klamath Lidar, CA 2014. Collected by Quantum Spatial. Distributed by OpenTopography. https://doi.org/10.5069/G9J964M0 Dataset acknowledgement: Data were collected by the US Forest Service using public funds and can be freely used in the public domain","2026-09-20","2014-05-12","2014-05-21"
"NC20_Fig","Lidar Survey of Sparta Earthquake Rupture, NC 2020","Airborne Lidar","ready","All indexed file URLs matched positive-sized public objects; one LAS header checked per collection.",25,25,"https://portal.opentopography.org/datasetMetadata?otCollectionID=OT.122022.32617.1","https://doi.org/10.5069/G92805T4","https://opentopography.s3.sdsc.edu/pc-bulk/NC20_Fig/NC20_Fig_TileIndex.zip","","3f59800bb07660da275025913eff7e84b4e844f308edc17e82a397d27cbf063d","f07d8685958d1af237199cb9a8879cecdb6eaaa4266e8e475da9d443ce1d8fbe","https://creativecommons.org/licenses/by/4.0/","Dataset use license","Figueiredo, P. (2022). Lidar Survey of Sparta Earthquake Rupture, NC 2020. National Center for Airborne Laser Mapping (NCALM). Distributed by OpenTopography. https://doi.org/10.5069/G92805T4 Dataset acknowledgement: Lidar data acquisition and processing completed by the National Center for Airborne Laser Mapping (NCALM). NCALM funding provided by NSF's Division of Earth Sciences, Instrumentation and Facilities Program. EAR-1830734","2026-09-20","2020-11-14","2020-11-14"
"CA11_Ill","USFS Illilouette Basin Lidar, CA 2011","Airborne Lidar","external","Public TileIndex unavailable: HTTP Error 404: Not Found - use the provider portal.",0,0,"https://portal.opentopography.org/datasetMetadata?otCollectionID=OT.122022.26911.1","https://doi.org/10.5069/G9XG9PCR","https://opentopography.s3.sdsc.edu/pc-bulk/CA11_Ill/CA11_Ill_TileIndex.zip","https://portal.opentopography.org/login?redirect=%2FopentopoS3%3FopentopoID%3DOTLAS.122022.26911.1%26tiledIndex%3D1","","","https://creativecommons.org/share-your-work/public-domain/cc0/","Dataset use license","U.S. Forest Service Region 5 Remote Sensing Lab Information Management Staff. (2022). USFS Illilouette Basin Lidar, CA 2011. Collected by Watershed Sciences, Inc. Distributed by OpenTopography. https://doi.org/10.5069/G9XG9PCR Dataset acknowledgement: Data were collected by the US Forest Service using public funds and can be freely used in the public domain","2026-09-20","2011-08-19","2011-08-21"
"OR22_Newcomb","Linking Snowpack Heterogeneity to Subsurface Storage and Transmissivity, OR 2022","Airborne Lidar","ready","All indexed file URLs matched positive-sized public objects; one LAS header checked per collection.",87,87,"https://portal.opentopography.org/datasetMetadata?otCollectionID=OT.122022.6339.1","https://doi.org/10.5069/G99S1P8W","https://opentopography.s3.sdsc.edu/pc-bulk/OR22_Newcomb/OR22_Newcomb_TileIndex.zip","","eeab84f7a4d1200dd18f9c3f6226127dea060aa0e34be1deea04a54acef7b8c1","75ee99143a340694b291a117e65401bc030f0dd7f61bd321db4fa568c6d7f129","https://creativecommons.org/licenses/by/4.0/","Dataset use license","Newcomb, S. (2022). Linking Snowpack Heterogeneity to Subsurface Storage and Transmissivity, OR 2022. National Center for Airborne Laser Mapping (NCALM). Distributed by OpenTopography. https://doi.org/10.5069/G99S1P8W Dataset acknowledgement: Lidar data acquisition and processing completed by the National Center for Airborne Laser Mapping (NCALM). NCALM funding provided by NSF's Division of Earth Sciences, Instrumentation and Facilities Program. EAR-1830734","2026-09-20","2022-03-17","2022-03-17"
"CA13_Humbug","USFS Humbug Creek Lidar, CA 2013","Airborne Lidar","external","Public TileIndex unavailable: HTTP Error 404: Not Found - use the provider portal.",0,0,"https://portal.opentopography.org/datasetMetadata?otCollectionID=OT.122022.26910.2","https://doi.org/10.5069/G9FJ2F12","https://opentopography.s3.sdsc.edu/pc-bulk/CA13_Humbug/CA13_Humbug_TileIndex.zip","https://portal.opentopography.org/login?redirect=%2FopentopoS3%3FopentopoID%3DOTLAS.122022.26910.2%26tiledIndex%3D1","","","https://creativecommons.org/share-your-work/public-domain/cc0/","Dataset use license","U.S. Forest Service Region 5 Remote Sensing Lab Information Management Staff. (2022). USFS Humbug Creek Lidar, CA 2013. Collected by Digital Mapping Inc. Distributed by OpenTopography. https://doi.org/10.5069/G9FJ2F12 Dataset acknowledgement: Data were collected by the US Forest Service using public funds and can be freely used in the public domain","2026-09-20","2013-09-04","2013-09-07"
"NZ20_Cant2","Canterbury, New Zealand 2020-2025","Airborne Lidar","ready","All indexed file URLs matched positive-sized public objects; one LAS header checked per collection.",99006,99006,"https://portal.opentopography.org/datasetMetadata?otCollectionID=OT.122022.2193.1","https://doi.org/10.5069/G9Q23XF8","https://opentopography.s3.sdsc.edu/pc-bulk/NZ20_Cant2/NZ20_Cant2_TileIndex.zip","","54ef32703ed90a257f35a5cbedf54367aae1b9e2d1a0f882a30a8ebff65120dc","df8a6944578193ed8c3a023550a9a7e49f7f520ae6df2b6ec9c5db312f566957","https://creativecommons.org/licenses/by/4.0/","Dataset use license","Environment Canterbury Regional Council, Waimakariri District Council, Hurunui District Council, Toit&#363; Te Whenua Land Information New Zealand (LINZ) (2025). Canterbury, New Zealand 2020-2025. Collected by Aerial Surveys, distributed by OpenTopography and LINZ. https://doi.org/10.5069/G9Q23XF8 Dataset acknowledgement: Released under Creative Commons CC BY 4.0 (https://creativecommons.org/licenses/by/4.0/). Attribution Required for Copies: ""Copyright in this work is owned by Environment Canterbury Regional Council"". Attribution Required for Derivative works: ""Copyright in the underlying dataset from which this work has been derived is owned by Environment Canterbury Regional Council"".","2026-09-20","2020-05-01","2024-04-22"
"CA13_MLV","USFS Medicine Lake Volcano Lidar, CA 2013","Airborne Lidar","external","Public TileIndex unavailable: HTTP Error 404: Not Found - use the provider portal.",0,0,"https://portal.opentopography.org/datasetMetadata?otCollectionID=OT.122022.26910.1","https://doi.org/10.5069/G9K935RC","https://opentopography.s3.sdsc.edu/pc-bulk/CA13_MLV/CA13_MLV_TileIndex.zip","https://portal.opentopography.org/login?redirect=%2FopentopoS3%3FopentopoID%3DOTLAS.122022.26910.1%26tiledIndex%3D1","","","https://creativecommons.org/share-your-work/public-domain/cc0/","Dataset use license","U.S. Forest Service Region 5 Remote Sensing Lab Information Management Staff. (2022). USFS Medicine Lake Volcano Lidar, CA 2013. Collected by Digital Mapping Inc. Distributed by OpenTopography. https://doi.org/10.5069/G9K935RC Dataset acknowledgement: Data were collected by the US Forest Service using public funds and can be freely used in the public domain","2026-09-20","2013-10-06","2013-10-18"
"CA13_Hager","USFS Hager Basin Lidar, CA 2013","Airborne Lidar","external","Public TileIndex unavailable: HTTP Error 404: Not Found - use the provider portal.",0,0,"https://portal.opentopography.org/datasetMetadata?otCollectionID=OT.112022.26910.3","https://doi.org/10.5069/G9TQ5ZRZ","https://opentopography.s3.sdsc.edu/pc-bulk/CA13_Hager/CA13_Hager_TileIndex.zip","https://portal.opentopography.org/login?redirect=%2FopentopoS3%3FopentopoID%3DOTLAS.112022.26910.3%26tiledIndex%3D1","","","https://creativecommons.org/share-your-work/public-domain/cc0/","Dataset use license","U.S. Forest Service Region 5 Remote Sensing Lab Information Management Staff. (2022). USFS Hager Basin Lidar, CA 2013. Collected by Digital Mapping Inc. Distributed by OpenTopography. https://doi.org/10.5069/G9TQ5ZRZ Dataset acknowledgement: Data were collected by the US Forest Service using public funds and can be freely used in the public domain","2026-09-20","2013-10-02","2013-10-05"
"CA22_Piske","Forest-Snow Interactions in a High Elevation Critical Zone, CA 2022","Airborne Lidar","ready","All indexed file URLs matched positive-sized public objects; one LAS header checked per collection.",73,73,"https://portal.opentopography.org/datasetMetadata?otCollectionID=OT.112022.6339.1","https://doi.org/10.5069/G9ZG6QF7","https://opentopography.s3.sdsc.edu/pc-bulk/CA22_Piske/CA22_Piske_TileIndex.zip","","18834338af4cc4848d38c54153537d0c2be968ae99ac0b8a3858fa63a338ef4a","274421d2e963468826b9803e0b19d8ad99dfa6e048b415c1502ebb76bc75d820","https://creativecommons.org/licenses/by/4.0/","Dataset use license","Piske, C. (2022). Forest-Snow Interactions in a High Elevation Critical Zone, CA 2022. National Center for Airborne Laser Mapping (NCALM). Distributed by OpenTopography. https://doi.org/10.5069/G9ZG6QF7 Dataset acknowledgement: Lidar data acquisition and processing completed by the National Center for Airborne Laser Mapping (NCALM). NCALM funding provided by NSF's Division of Earth Sciences, Instrumentation and Facilities Program. EAR-1830734","2026-09-20","2022-03-21","2022-03-21"
"CA12_Gopher","USFS Gopher Hill Lidar, CA 2012","Airborne Lidar","external","Public TileIndex unavailable: HTTP Error 404: Not Found - use the provider portal.",0,0,"https://portal.opentopography.org/datasetMetadata?otCollectionID=OT.112022.26910.2","https://doi.org/10.5069/G9707ZNV","https://opentopography.s3.sdsc.edu/pc-bulk/CA12_Gopher/CA12_Gopher_TileIndex.zip","https://portal.opentopography.org/login?redirect=%2FopentopoS3%3FopentopoID%3DOTLAS.112022.26910.2%26tiledIndex%3D1","","","https://creativecommons.org/share-your-work/public-domain/cc0/","Dataset use license","U.S. Forest Service Region 5 Remote Sensing Lab Information Management Staff. (2022). USFS Gopher Hill Lidar, CA 2012. Collected by Watershed Sciences, Inc. Distributed by OpenTopography. https://doi.org/10.5069/G9707ZNV Dataset acknowledgement: Data were collected by the US Forest Service using public funds and can be freely used in the public domain","2026-09-20","2012-11-26","2012-11-26"
"NZ18_North","Northland, New Zealand 2018-2020","Airborne Lidar","ready","All indexed file URLs matched positive-sized public objects; one LAS header checked per collection.",40026,40026,"https://portal.opentopography.org/datasetMetadata?otCollectionID=OT.112022.2193.1","https://doi.org/10.5069/G9BR8QDQ","https://opentopography.s3.sdsc.edu/pc-bulk/NZ18_North/NZ18_North_TileIndex.zip","","e1e1c7d6affd09429fea76ff5001eba1d0f92e5262822865495f88df33b215ce","3f7159232f9d8ff19432b889527ccee1434a479fb2f5b719f4e9ea0c59dca92e","https://creativecommons.org/licenses/by/4.0/","Dataset use license","Northland Regional Council, Toit&#363; Te Whenua Land Information New Zealand (LINZ) (2022). Northland, New Zealand 2018-2020. Collected by RPS Group, distributed by OpenTopography and LINZ. https://doi.org/10.5069/G9BR8QDQ Dataset acknowledgement: Released under Creative Commons CC BY 4.0 (https://creativecommons.org/licenses/by/4.0/). Attribution Required for Copies: ""Copyright in this work is owned by Northland Regional Council"". Attribution Required for Derivative works: ""Copyright in the underlying dataset from which this work has been derived is owned by Northland Regional Council""","2026-09-20","2018-12-01","2020-02-01"
"CA12_EWeaver","USFS East Branch East Weaver Creek Lidar, CA 2012","Airborne Lidar","external","Public TileIndex unavailable: HTTP Error 404: Not Found - use the provider portal.",0,0,"https://portal.opentopography.org/datasetMetadata?otCollectionID=OT.112022.26910.1","https://doi.org/10.5069/G9GH9G4F","https://opentopography.s3.sdsc.edu/pc-bulk/CA12_EWeaver/CA12_EWeaver_TileIndex.zip","https://portal.opentopography.org/login?redirect=%2FopentopoS3%3FopentopoID%3DOTLAS.112022.26910.1%26tiledIndex%3D1","","","https://creativecommons.org/share-your-work/public-domain/cc0/","Dataset use license","U.S. Forest Service Region 5 Remote Sensing Lab Information Management Staff. (2022). USFS East Branch East Weaver Creek Lidar, CA 2012. Collected by Watershed Sciences, Inc. Distributed by OpenTopography. https://doi.org/10.5069/G9GH9G4F Dataset acknowledgement: Data were collected by the US Forest Service using public funds and can be freely used in the public domain","2026-09-20","2012-10-14","2012-10-14"
"NZ15_Alpine","Alpine Fault, NZ 2015","Airborne Lidar","ready","All indexed file URLs matched positive-sized public objects; one LAS header checked per collection.",838,838,"https://portal.opentopography.org/datasetMetadata?otCollectionID=OT.102022.2193.4","https://doi.org/10.5069/G9M61HGF","https://opentopography.s3.sdsc.edu/pc-bulk/NZ15_Alpine/NZ15_Alpine_TileIndex.zip","","14ea22f88e2568470e65e8d154bd5f06fc041a8c35bb90998eb7fab71c58eb51","5da2abd5436e269e889157129d812e077183798d570660853ddf3f17772f08b3","https://creativecommons.org/licenses/by/4.0/","Dataset use license","Langridge, R.M. (2022). Alpine Fault, NZ 2015. Collected by AAM New Zealand Limited (AAM). Distributed by OpenTopography. https://doi.org/10.5069/G9M61HGF. Dataset acknowledgement: The data acquisition was funded through a grant from the New Zealand Natural Hazards Research Platform (015-GNS-01-NHRP) to Rob Langridge, GNS Science.","2026-09-20","2015-09-22","2015-09-25"
"NZ10_CAlpine","Central Alpine Fault, NZ 2010","Airborne Lidar","ready","All indexed file URLs matched positive-sized public objects; one LAS header checked per collection.",90,90,"https://portal.opentopography.org/datasetMetadata?otCollectionID=OT.102022.2193.2","https://doi.org/10.5069/G9VQ30V8","https://opentopography.s3.sdsc.edu/pc-bulk/NZ10_CAlpine/NZ10_CAlpine_TileIndex.zip","","40deebd02f7758a79b4f1789afeb5982eb1b5d65f038a45b8785112735dbdbd8","c820ebfc344aa6f327e9e6ef53fb8de7c2232ad8f7569f23f41ef5b039289864","https://creativecommons.org/licenses/by/4.0/","Dataset use license","Langridge, R.M. (2022). Central Alpine Fault, NZ 2010. Collected by New Zealand Aerial Mapping Limited (NZAM). Distributed by OpenTopography. https://doi.org/10.5069/G9VQ30V8. Dataset acknowledgement: The data acquisition was funded through a grant from the New Zealand Natural Hazards Research platform (NHRP)","2026-09-20","2010-07-07","2010-07-08"
"NZ10_WHope","Western Hope Fault, NZ 2010","Airborne Lidar","ready","All indexed file URLs matched positive-sized public objects; one LAS header checked per collection.",63,63,"https://portal.opentopography.org/datasetMetadata?otCollectionID=OT.102022.2193.3","https://doi.org/10.5069/G9QZ285D","https://opentopography.s3.sdsc.edu/pc-bulk/NZ10_WHope/NZ10_WHope_TileIndex.zip","","05922f61c087885155d8921fce4aa4bcc44ae822282492a3d93ef12e95b2a2e3","0ed5e0c5c0eca31389cc37aa7ba523dead5a004a373f287ccffe4be8f2dea6bb","https://creativecommons.org/licenses/by/4.0/","Dataset use license","Langridge, R.M.(2022). Western Hope Fault, NZ 2010. Collected by New Zealand Aerial Mapping Limited (NZAM). Distributed by OpenTopography. https://doi.org/10.5069/G9QZ285D Dataset acknowledgement: The data acquisition was funded through a grant from the New Zealand Natural Hazards Research platform (NHRP)","2026-09-20","2010-11-24","2010-11-24"
"CA12_Dinkey","USFS Dinkey Creek Lidar, CA 2012","Airborne Lidar","external","Public TileIndex unavailable: HTTP Error 404: Not Found - use the provider portal.",0,0,"https://portal.opentopography.org/datasetMetadata?otCollectionID=OT.102022.26911.3","https://doi.org/10.5069/G9474829","https://opentopography.s3.sdsc.edu/pc-bulk/CA12_Dinkey/CA12_Dinkey_TileIndex.zip","https://portal.opentopography.org/login?redirect=%2FopentopoS3%3FopentopoID%3DOTLAS.102022.26911.3%26tiledIndex%3D1","","","https://creativecommons.org/share-your-work/public-domain/cc0/","Dataset use license","U.S. Forest Service Region 5 Remote Sensing Lab Information Management Staff. (2022). USFS Dinkey Creek Lidar, CA 2012. Collected by Watershed Sciences, Inc. Distributed by OpenTopography. https://doi.org/10.5069/G9474829 Dataset acknowledgement: Data were collected by the US Forest Service using public funds and can be freely used in the public domain","2026-09-20","2012-11-21","2012-11-27"
"AZ21_McMahon","Lidar Survey of the San Pedro River, AZ 2021","Airborne Lidar","ready","All indexed file URLs matched positive-sized public objects; one LAS header checked per collection.",148,148,"https://portal.opentopography.org/datasetMetadata?otCollectionID=OT.102022.32612.1","https://doi.org/10.5069/G98050T2","https://opentopography.s3.sdsc.edu/pc-bulk/AZ21_McMahon/AZ21_McMahon_TileIndex.zip","","017f3261b0d829bf4341772286be1d6432b8f5f2dda363f942c51c298a718102","2814fdd61b7408d5ce95f726a84abb02cf254432ad087f5c1d3573511e228c0a","https://creativecommons.org/licenses/by/4.0/","Dataset use license","McMahon, C. (2022). Lidar Survey of the San Pedro River, AZ 2021. National Center for Airborne Laser Mapping (NCALM). Distributed by OpenTopography. https://doi.org/10.5069/G98050T2 Dataset acknowledgement: Lidar data acquisition and processing completed by the National Center for Airborne Laser Mapping (NCALM). NCALM funding provided by NSF's Division of Earth Sciences, Instrumentation and Facilities Program. EAR-1830734","2026-09-20","2021-07-10","2021-07-11"
"CA10_Dinkey","USFS Dinkey Creek Lidar, CA 2010","Airborne Lidar","external","Public TileIndex unavailable: HTTP Error 404: Not Found - use the provider portal.",0,0,"https://portal.opentopography.org/datasetMetadata?otCollectionID=OT.102022.26911.2","https://doi.org/10.5069/G9CR5RJ3","https://opentopography.s3.sdsc.edu/pc-bulk/CA10_Dinkey/CA10_Dinkey_TileIndex.zip","https://portal.opentopography.org/login?redirect=%2FopentopoS3%3FopentopoID%3DOTLAS.102022.26911.2%26tiledIndex%3D1","","","https://creativecommons.org/share-your-work/public-domain/cc0/","Dataset use license","U.S. Forest Service Region 5 Remote Sensing Lab Information Management Staff. (2022). USFS Dinkey Creek Lidar, CA 2010. Collected by Watershed Sciences, Inc. Distributed by OpenTopography. https://doi.org/10.5069/G9CR5RJ3 Dataset acknowledgement: Data were collected by the US Forest Service using public funds and can be freely used in the public domain","2026-09-20","2010-10-12","2010-10-19"
"NZ16_Kaikoura","Kaik&#333;ura, Canterbury, New Zealand 2016","Airborne Lidar","ready","All indexed file URLs matched positive-sized public objects; one LAS header checked per collection.",5539,5539,"https://portal.opentopography.org/datasetMetadata?otCollectionID=OT.102022.2193.1","https://doi.org/10.5069/G9HD7SWJ","https://opentopography.s3.sdsc.edu/pc-bulk/NZ16_Kaikoura/NZ16_Kaikoura_TileIndex.zip","","b74b7cebc2a4e93d9d4b02ff33e22ffdf16d7fda4b291192ce1c2eeba61f04a2","f73bb2de742c01d18921215a83a862ece5df6776e448b57600f5d09be4212aa7","https://creativecommons.org/licenses/by/4.0/","Dataset use license","GNS Science, Environment Canterbury Regional Council, Marlborough District Council, Kaik&#333;ura District Council, Hurunui District Council, Waka Kotahi NZ Transport Agency, Earthquake Commission, Toit&#363; Te Whenua Land Information New Zealand (LINZ) (2022). Kaik&#333;ura, Canterbury, New Zealand 2016. Collected by AAM, distributed by OpenTopography and LINZ. https://doi.org/10.5069/G9HD7SWJ Dataset acknowledgement: Released under Creative Commons CC BY 4.0 (https://creativecommons.org/licenses/by/4.0/). Attribution Required for Copies: ""Copyright in this work is owned by Toit<U+016B> Te Whenua Land Information New Zealand"". Attribution Required for Derivative works: ""Copyright in the underlying dataset from which this work has been derived is owned by Toit<U+016B> Te Whenua Land Information New Zealand""","2026-09-20","2016-12-02","2017-01-06"
"CA13_Deadman","USFS Deadman Creek Lidar, CA 2013","Airborne Lidar","external","Public TileIndex unavailable: HTTP Error 404: Not Found - use the provider portal.",0,0,"https://portal.opentopography.org/datasetMetadata?otCollectionID=OT.102022.26911.1","https://doi.org/10.5069/G9N58JKT","https://opentopography.s3.sdsc.edu/pc-bulk/CA13_Deadman/CA13_Deadman_TileIndex.zip","https://portal.opentopography.org/login?redirect=%2FopentopoS3%3FopentopoID%3DOTLAS.102022.26911.1%26tiledIndex%3D1","","","https://creativecommons.org/share-your-work/public-domain/cc0/","Dataset use license","U.S. Forest Service Region 5 Remote Sensing Lab Information Management Staff. (2022). USFS Deadman Creek Lidar, CA 2013. Collected by Watershed Sciences, Inc. Distributed by OpenTopography. https://doi.org/10.5069/G9N58JKT Dataset acknowledgement: Data were collected by the US Forest Service using public funds and can be freely used in the public domain","2026-09-20","2013-08-07","2013-09-01"
"CA21_Higa","Topographic and Lithologic Controls on Subsurface Weathering, CA 2021","Airborne Lidar","ready","All indexed file URLs matched positive-sized public objects; one LAS header checked per collection.",56,56,"https://portal.opentopography.org/datasetMetadata?otCollectionID=OT.092022.6340.2","https://doi.org/10.5069/G9RX998S","https://opentopography.s3.sdsc.edu/pc-bulk/CA21_Higa/CA21_Higa_TileIndex.zip","","b9e37aaff77a01cd62d548b30716be65bb0c93e10262657142035be26df7b5a7","3023dd6993c8f0fb46ac93f2bb76efd7deaf3bf56303e90e7d0b9befc5b0a983","https://creativecommons.org/licenses/by/4.0/","Dataset use license","Higa, J. (2022). Topographic and Lithologic Controls on Subsurface Weathering, CA 2021. National Center for Airborne Laser Mapping (NCALM). Distributed by OpenTopography. https://doi.org/10.5069/G9RX998S Dataset acknowledgement: Lidar data acquisition and processing completed by the National Center for Airborne Laser Mapping (NCALM). NCALM funding provided by NSF's Division of Earth Sciences, Instrumentation and Facilities Program. EAR-1830734","2026-09-20","2021-07-13","2021-07-13"
"NV21_Hasson","Morphodynamics of an Unvegetated Meandering River, NV 2021","Airborne Lidar","ready","All indexed file URLs matched positive-sized public objects; one LAS header checked per collection.",77,77,"https://portal.opentopography.org/datasetMetadata?otCollectionID=OT.092022.6340.1","https://doi.org/10.5069/G9WQ0202","https://opentopography.s3.sdsc.edu/pc-bulk/NV21_Hasson/NV21_Hasson_TileIndex.zip","","47545b8723fe31118017cccc4f8301207913bebf03aa3dbd745f38d162bf1bdf","b927427f3b1541bc83ce72a645f11e5abb3ed34b08bae0102f22f2d4579719b4","https://creativecommons.org/licenses/by/4.0/","Dataset use license","Hasson, M. (2022). Morphodynamics of an Unvegetated Meandering River, NV 2021. National Center for Airborne Laser Mapping (NCALM). Distributed by OpenTopography.  https://doi.org/10.5069/G9WQ0202. Dataset acknowledgement: Lidar data acquisition and processing completed by the National Center for Airborne Laser Mapping (NCALM). NCALM funding provided by NSF's Division of Earth Sciences, Instrumentation and Facilities Program. EAR-1830734","2026-09-20","2021-07-15","2021-07-15"
"CA09_Cub","USFS Cub Complex Lidar, CA 2009","Airborne Lidar","external","Public TileIndex unavailable: HTTP Error 404: Not Found - use the provider portal.",0,0,"https://portal.opentopography.org/datasetMetadata?otCollectionID=OT.092022.26910.2","https://doi.org/10.5069/G91G0JGZ","https://opentopography.s3.sdsc.edu/pc-bulk/CA09_Cub/CA09_Cub_TileIndex.zip","https://portal.opentopography.org/login?redirect=%2FopentopoS3%3FopentopoID%3DOTLAS.092022.26910.2%26tiledIndex%3D1","","","https://creativecommons.org/share-your-work/public-domain/cc0/","Dataset use license","U.S. Forest Service Region 5 Remote Sensing Lab Information Management Staff. (2022). USFS Cub Complex Lidar, CA 2009. Collected by Watershed Sciences, Inc. Distributed by OpenTopography. https://doi.org/10.5069/10.5069/G91G0JGZ Dataset acknowledgement: Data were collected by the US Forest Service using public funds and can be freely used in the public domain","2026-09-20","2009-07-31","2009-08-11"
"CA13_Bluff","USFS Bluff Creek Lidar, CA 2013","Airborne Lidar","external","Public TileIndex unavailable: HTTP Error 404: Not Found - use the provider portal.",0,0,"https://portal.opentopography.org/datasetMetadata?otCollectionID=OT.092022.26910.1","https://doi.org/10.5069/G9571974","https://opentopography.s3.sdsc.edu/pc-bulk/CA13_Bluff/CA13_Bluff_TileIndex.zip","https://portal.opentopography.org/login?redirect=%2FopentopoS3%3FopentopoID%3DOTLAS.092022.26910.1%26tiledIndex%3D1","","","https://creativecommons.org/share-your-work/public-domain/cc0/","Dataset use license","U.S. Forest Service Region 5 Remote Sensing Lab Information Management Staff. (2022). USFS Bluff Creek Lidar, CA 2013. Collected by Watershed Sciences, Inc. Distributed by OpenTopography. https://doi.org/10.5069/G9571974 Dataset acknowledgement: Data were collected by the US Forest Service using public funds and can be freely used in the public domain","2026-09-20","2013-04-24","2013-04-24"
"CA12_Blacksmith","Lidar Survey of the Sierra Nevada Mountains, CA 2012","Airborne Lidar","ready","All indexed file URLs matched positive-sized public objects; one LAS header checked per collection.",460,460,"https://portal.opentopography.org/datasetMetadata?otCollectionID=OT.082022.6339.1","https://doi.org/10.5069/G9DN438J","https://opentopography.s3.sdsc.edu/pc-bulk/CA12_Blacksmith/CA12_Blacksmith_TileIndex.zip","","184e52b6ae031ee249db7b074493e4d4a472f69b743032bd8a17ced5252f3af0","a6fce7c1fb19b20f3cfb10030bebd597bc145ccc0bfbdfb9bee7126310f43f10","https://creativecommons.org/licenses/by/4.0/","Dataset use license","Qinghua, G. (2022). Lidar Survey of the Sierra Nevada Mountains, CA 2012. National Center for Airborne Laser Mapping (NCALM). Distributed by OpenTopography. https://doi.org/10.5069/G9DN438J Dataset acknowledgement: Lidar data acquisition and processing completed by the National Center for Airborne Laser Mapping (NCALM). NCALM funding provided by NSF's Division of Earth Sciences, Instrumentation and Facilities Program.","2026-09-20","2012-11-01","2012-11-07"
"CA13_Blodgett","USFS Blodgett Forest Lidar, CA 2013","Airborne Lidar","external","Public TileIndex unavailable: HTTP Error 404: Not Found - use the provider portal.",0,0,"https://portal.opentopography.org/datasetMetadata?otCollectionID=OT.082022.26910.3","https://doi.org/10.5069/G9JD4TZ1","https://opentopography.s3.sdsc.edu/pc-bulk/CA13_Blodgett/CA13_Blodgett_TileIndex.zip","https://portal.opentopography.org/login?redirect=%2FopentopoS3%3FopentopoID%3DOTLAS.082022.26910.3%26tiledIndex%3D1","","","https://creativecommons.org/share-your-work/public-domain/cc0/","Dataset use license","U.S. Forest Service Region 5 Remote Sensing Lab Information Management Staff. (2022). USFS Blodgett Forest Lidar, CA 2013. Distributed by OpenTopography. https://doi.org/10.5069/G9JD4TZ1 Dataset acknowledgement: Data were collected by the US Forest Service using public funds and can be freely used in the public domain","2026-09-20","2013-11-09","2013-11-09"
"CA12_Bean","USFS Bean Hill Lidar, CA 2012","Airborne Lidar","external","Public TileIndex unavailable: HTTP Error 404: Not Found - use the provider portal.",0,0,"https://portal.opentopography.org/datasetMetadata?otCollectionID=OT.082022.26910.2","https://doi.org/10.5069/G9P55KPR","https://opentopography.s3.sdsc.edu/pc-bulk/CA12_Bean/CA12_Bean_TileIndex.zip","https://portal.opentopography.org/login?redirect=%2FopentopoS3%3FopentopoID%3DOTLAS.082022.26910.2%26tiledIndex%3D1","","","https://creativecommons.org/share-your-work/public-domain/cc0/","Dataset use license","U.S. Forest Service Region 5 Remote Sensing Lab Information Management Staff. (2022). USFS Bean Hill Lidar, CA 2012. Collected by Watershed Sciences, Inc. Distributed by OpenTopography. https://doi.org/10.5069/G9P55KPR Dataset acknowledgement: Data were collected by the US Forest Service using public funds and can be freely used in the public domain","2026-09-20","2012-11-26","2012-11-26"
"CA13_Bagley","USFS Bagley Fire Lidar, CA 2013","Airborne Lidar","external","Public TileIndex unavailable: HTTP Error 404: Not Found - use the provider portal.",0,0,"https://portal.opentopography.org/datasetMetadata?otCollectionID=OT.082022.26910.1","https://doi.org/10.5069/G9SX6BD5","https://opentopography.s3.sdsc.edu/pc-bulk/CA13_Bagley/CA13_Bagley_TileIndex.zip","https://portal.opentopography.org/login?redirect=%2FopentopoS3%3FopentopoID%3DOTLAS.082022.26910.1%26tiledIndex%3D1","","","https://creativecommons.org/share-your-work/public-domain/cc0/","Dataset use license","U.S. Forest Service Region 5 Remote Sensing Lab Information Management Staff. (2022). USFS Bagley Fire Lidar, CA 2013. Collected by Digital Mapping Inc. Distributed by OpenTopography. https://doi.org/10.5069/G9SX6BD5 Dataset acknowledgement: Data were collected by the US Forest Service using public funds and can be freely used in the public domain","2026-09-20","2013-08-29","2013-09-01"
"TX21_Fisher","Topographic Signatures of Barrier Island Vulnerability, TX 2021","Airborne Lidar","ready","All indexed file URLs matched positive-sized public objects; one LAS header checked per collection.",96,96,"https://portal.opentopography.org/datasetMetadata?otCollectionID=OT.082022.32614.1","https://doi.org/10.5069/G9XP734W","https://opentopography.s3.sdsc.edu/pc-bulk/TX21_Fisher/TX21_Fisher_TileIndex.zip","","41a968089515a672c0e202e491252e2a03327b6b782b29bce1500b3f7dce378b","bae538aab3908308c2962c4ec4c71cc84145f37fb8595d2f251bae0dd26e95a0","https://creativecommons.org/licenses/by/4.0/","Dataset use license","Fisher, K. (2022). Topographic Signatures of Barrier Island Vulnerability, TX 2021. National Center for Airborne Laser Mapping (NCALM). Distributed by OpenTopography. https://doi.org/10.5069/G9XP734W Dataset acknowledgement: Lidar data acquisition and processing completed by the National Center for Airborne Laser Mapping (NCALM). NCALM funding provided by NSF's Division of Earth Sciences, Instrumentation and Facilities Program. EAR-1830734","2026-09-20","2021-11-29","2021-11-29"
"LA20_Nghiem","Sediment Accretion Rates and Spatial Patterns in the Wax Lake Delta, LA 2020","Airborne Lidar","ready","All indexed file URLs matched positive-sized public objects; one LAS header checked per collection.",71,71,"https://portal.opentopography.org/datasetMetadata?otCollectionID=OT.072022.6344.1","https://doi.org/10.5069/G99W0CP6","https://opentopography.s3.sdsc.edu/pc-bulk/LA20_Nghiem/LA20_Nghiem_TileIndex.zip","","c7660fd1804dbf70d6dd451b3d5f99154896aad9419f3ad26597bd740a8bcea8","d4344e5098ea2a280bd0bc1107ba2272430f0ff724019f4f969a619296329925","https://creativecommons.org/licenses/by/4.0/","Dataset use license","Nghiem, J. (2022). Sediment Accretion Rates and Spatial Patterns in the Wax Lake Delta, LA 2020. National Center for Airborne Laser Mapping (NCALM). Distributed by OpenTopography. https://doi.org/10.5069/G99W0CP6 Dataset acknowledgement: Lidar data acquisition and processing completed by the National Center for Airborne Laser Mapping (NCALM). NCALM funding provided by NSF's Division of Earth Sciences, Instrumentation and Facilities Program. EAR-1830734","2026-09-20","2020-11-06","2020-11-06"
"CA21_Salt","Structure from Motion data along the sSAF, Salt Creek, CA 2021","Structure from Motion / Photogrammetry","out_of_scope","Outside airborne-LiDAR scope: Structure from Motion / Photogrammetry",58,58,"https://portal.opentopography.org/datasetMetadata?otCollectionID=OT.072022.32611.1","https://doi.org/10.5069/G9TX3CK0","https://opentopography.s3.sdsc.edu/pc-bulk/CA21_Salt/CA21_Salt_TileIndex.zip","","bbe55ba3a39d0350978e352b2fb7cfd792439583f028ffff92f9be7082f17093","fba3358374938ad4da8db93196f17ed36e8a6b36f1ec1e658394aec551a46720","https://creativecommons.org/share-your-work/public-domain/cc0/","Dataset use license","Buckley, W.C. and Rockwell, T.K. (2022). Structure from Motion data along the sSAF, Salt Creek, CA 2021. Distributed by OpenTopography. https://doi.org/10.5069/G9TX3CK0 Dataset acknowledgement: N/A - Acknowledgement Guidance","2026-09-20","2021-11-21","2021-12-28"
"NZ21_OtagoCC","Coastal Catchments, Otago, New Zealand 2021","Airborne Lidar","ready","All indexed file URLs matched positive-sized public objects; one LAS header checked per collection.",12324,12324,"https://portal.opentopography.org/datasetMetadata?otCollectionID=OT.072022.2193.1","https://doi.org/10.5069/G9Q52MT4","https://opentopography.s3.sdsc.edu/pc-bulk/NZ21_OtagoCC/NZ21_OtagoCC_TileIndex.zip","","d5824c9cb93ae8f371b2f9ca608652bb7aaeaada0572fcf375b5aeb1796ca253","5c35246a8fa0cae131ee835ec2913387566cc1e446757e6b4350a5e5c57ae6d8","https://creativecommons.org/licenses/by/4.0/","Dataset use license","Otago Regional Council, Toit&#363; Te Whenua Land Information New Zealand (LINZ) (2022). Coastal Catchments, Otago, New Zealand 2021. Collected by AAM, distributed by OpenTopography and LINZ. https://doi.org/10.5069/G9Q52MT4 Dataset acknowledgement: Released under Creative Commons CC BY 4.0 (https://creativecommons.org/licenses/by/4.0/). Attribution Required for Copies: ""Copyright in this work is owned by Otago Regional Council"". Attribution Required for Derivative works: ""Copyright in the underlying dataset from which this work has been derived is owned by Otago Regional Council""","2026-09-20","2021-06-25","2021-10-01"
"NZ20_Canterbury","Christchurch, Canterbury, New Zealand 2020-2021","Airborne Lidar","ready","All indexed file URLs matched positive-sized public objects; one LAS header checked per collection.",1611,1611,"https://portal.opentopography.org/datasetMetadata?otCollectionID=OT.072022.2193.2","https://doi.org/10.5069/G9KD1W3T","https://opentopography.s3.sdsc.edu/pc-bulk/NZ20_Canterbury/NZ20_Canterbury_TileIndex.zip","","33900b73d34a6cba842b5a885f3208d5b0706fca05a499803fcfcf3f312c453d","842c2b629e9289f54d09fcdbccffadd6aa57d77b4253547025a30c7464031322","https://creativecommons.org/licenses/by/4.0/","Dataset use license","Christchurch City Council, Environment Canterbury Regional Council, Toit&#363; Te Whenua Land Information New Zealand (LINZ) (2022). Christchurch, Canterbury, New Zealand 2020-2021. Collected by Landpro, distributed by OpenTopography and LINZ. https://doi.org/10.5069/G9KD1W3T Dataset acknowledgement: Released under Creative Commons CC BY 4.0 (https://creativecommons.org/licenses/by/4.0/). Attribution Required for Copies: ""Copyright in this work is owned by Christchurch City Council and Environment Canterbury Regional Council"". Attribution Required for Derivative works: ""Copyright in the underlying dataset from which this work has been derived is owned by Christchurch City Council and Environment Canterbury Regional Council""","2026-09-20","2020-12-18","2021-02-17"
"CA15_Power","USFS Power Fire Lidar, CA 2015","Airborne Lidar","external","Public TileIndex unavailable: HTTP Error 404: Not Found - use the provider portal.",0,0,"https://portal.opentopography.org/datasetMetadata?otCollectionID=OT.072022.26910.1","https://doi.org/10.5069/G9ZP44B5","https://opentopography.s3.sdsc.edu/pc-bulk/CA15_Power/CA15_Power_TileIndex.zip","https://portal.opentopography.org/login?redirect=%2FopentopoS3%3FopentopoID%3DOTLAS.072022.26910.1%26tiledIndex%3D1","","","https://creativecommons.org/share-your-work/public-domain/cc0/","Dataset use license","U.S. Forest Service Region 5 Remote Sensing Lab Information Management Staff. (2022). USFS Power Fire Lidar, CA 2015. Collected by Quantum Spatial, Inc. Distributed by OpenTopography. https://doi.org/10.5069/G9ZP44B5 Dataset acknowledgement: Data were collected by the US Forest Service using public funds and can be freely used in the public domain","2026-09-20","2014-11-23","2015-06-05"
"CA21_Ferrum","Structure from Motion data along the sSAF, Ferrum, CA 2021","Structure from Motion / Photogrammetry","out_of_scope","Outside airborne-LiDAR scope: Structure from Motion / Photogrammetry",98,98,"https://portal.opentopography.org/datasetMetadata?otCollectionID=OT.062022.32611.1","https://doi.org/10.5069/G93F4MT2","https://opentopography.s3.sdsc.edu/pc-bulk/CA21_Ferrum/CA21_Ferrum_TileIndex.zip","","bfe41ad55c3d91878daba01535fff12fdd650d5ddc2f1d169e78e9b292846700","27f7c884ab959b4add4cbf728f272e9abc724deb097844fa5c1dcb395420b935","https://creativecommons.org/share-your-work/public-domain/cc0/","Dataset use license","Buckley, W.C., Rockwell, T.K., and Gontz, A.M. (2022). Structure from Motion data along the sSAF, Ferrum, CA 2021. Distributed by OpenTopography. https://doi.org/10.5069/G93F4MT2 Dataset acknowledgement: N/A - Acknowledgement Guidance","2026-09-20","2021-02-23","2021-02-23"
"CA15_NHappy","USFS North Happy Camp Complex Lidar, CA 2015","Airborne Lidar","external","Public TileIndex unavailable: HTTP Error 404: Not Found - use the provider portal.",0,0,"https://portal.opentopography.org/datasetMetadata?otCollectionID=OT.062022.26910.2","https://doi.org/10.5069/G9736P31","https://opentopography.s3.sdsc.edu/pc-bulk/CA15_NHappy/CA15_NHappy_TileIndex.zip","https://portal.opentopography.org/login?redirect=%2FopentopoS3%3FopentopoID%3DOTLAS.062022.26910.2%26tiledIndex%3D1","","","https://creativecommons.org/share-your-work/public-domain/cc0/","Dataset use license","U.S. Forest Service Region 5 Remote Sensing Lab Information Management Staff. (2022). USFS North Happy Camp Complex Lidar, CA 2015. Collected by Tetra Tech. Distributed by OpenTopography. https://doi.org/10.5069/G9736P31 Dataset acknowledgement: Data were collected by the US Forest Service using public funds and can be freely used in the public domain","2026-09-20","2015-02-16","2022-03-08"
"CA11_Kern","USFS Kern Plateau Lidar, CA 2011","Airborne Lidar","external","Public TileIndex unavailable: HTTP Error 404: Not Found - use the provider portal.",0,0,"https://portal.opentopography.org/datasetMetadata?otCollectionID=OT.062022.26911.1","https://doi.org/10.5069/G9MC8X7N","https://opentopography.s3.sdsc.edu/pc-bulk/CA11_Kern/CA11_Kern_TileIndex.zip","https://portal.opentopography.org/login?redirect=%2FopentopoS3%3FopentopoID%3DOTLAS.062022.26911.1%26tiledIndex%3D1","","","https://creativecommons.org/share-your-work/public-domain/cc0/","Dataset use license","U.S. Forest Service Region 5 Remote Sensing Lab Information Management Staff. (2022). USFS Kern Plateau Lidar, CA 2011. Collected by Watershed Sciences, Inc. Distributed by OpenTopography. https://doi.org/10.5069/G9MC8X7N Dataset acknowledgement: Data were collected by the US Forest Service using public funds and can be freely used in the public domain","2026-09-20","2011-08-13","2011-08-18"
"NZ21_UpHutt","Upper Hutt City, Wellington, New Zealand 2021","Airborne Lidar","ready","All indexed file URLs matched positive-sized public objects; one LAS header checked per collection.",448,448,"https://portal.opentopography.org/datasetMetadata?otCollectionID=OT.062022.2193.1","https://doi.org/10.5069/G90P0X74","https://opentopography.s3.sdsc.edu/pc-bulk/NZ21_UpHutt/NZ21_UpHutt_TileIndex.zip","","0c940d6572a4179783179d59c808a83972f49012fc170eb3bb9cba10b2ad99eb","8cd7f2e64c3715c60bb296429ab93b450bfa15f8ef787431ecb8cc05326c176c","https://creativecommons.org/licenses/by/4.0/","Dataset use license","Upper Hutt City Council, Toit&#363; Te Whenua Land Information New Zealand (LINZ) (2022). Upper Hutt City, Wellington, New Zealand 2021. Collected by AAM, distributed by OpenTopography and LINZ. https://doi.org/10.5069/G90P0X74 Dataset acknowledgement: Released under Creative Commons CC BY 4.0 (https://creativecommons.org/licenses/by/4.0/). Attribution Required for Copies: ""Copyright in this work is owned by Upper Hutt City Council"". Attribution Required for Derivative works: ""Copyright in the underlying dataset from which this work has been derived is owned by Upper Hutt City Council""","2026-09-20","2021-03-25","2021-03-27"
"CA15_Fred","USFS Freds Fire Lidar, CA 2015","Airborne Lidar","external","Public TileIndex unavailable: HTTP Error 404: Not Found - use the provider portal.",0,0,"https://portal.opentopography.org/datasetMetadata?otCollectionID=OT.062022.26910.1","https://doi.org/10.5069/G94B2ZHP","https://opentopography.s3.sdsc.edu/pc-bulk/CA15_Fred/CA15_Fred_TileIndex.zip","https://portal.opentopography.org/login?redirect=%2FopentopoS3%3FopentopoID%3DOTLAS.062022.26910.1%26tiledIndex%3D1","","","https://creativecommons.org/share-your-work/public-domain/cc0/","Dataset use license","U.S. Forest Service Region 5 Remote Sensing Lab Information Management Staff. (2022). USFS Freds Fire Lidar, CA 2015. Collected by Quantum Spatial. Distributed by OpenTopography. https://doi.org/10.5069/G94B2ZHP Dataset acknowledgement: Data were collected by the US Forest Service using public funds and can be freely used in the public domain","2026-09-20","2014-10-16","2015-06-03"
"CN17_Ou","Survey of 1920 Haiyuan Earthquake Rupture, China 2013-2017","Structure from Motion / Photogrammetry","out_of_scope","Outside airborne-LiDAR scope: Structure from Motion / Photogrammetry",43,43,"https://portal.opentopography.org/datasetMetadata?otCollectionID=OT.052022.32648.1","https://doi.org/10.5069/G9833Q6Z","https://opentopography.s3.sdsc.edu/pc-bulk/CN17_Ou/CN17_Ou_TileIndex.zip","","9bc7b5aa03f329bc5e81dda44c8333e0544f8dafef36984c6bc315c3e70ed507","19946a9ac21e0ada5a1f7dd52528c8ca15152711cd7d6f9fb08043fc1682ae4a","https://creativecommons.org/licenses/by/4.0/","Dataset use license","Ou, Q., Kulikova, G., Yu, J., Elliott, A., Parsons, B., & Walker, R. (2022). Survey of 1920 Haiyuan Earthquake Rupture, China 2013-2017 . Distributed by OpenTopography. https://doi.org/10.5069/G9833Q6Z Dataset acknowledgement: This data was produced as part of the work published in the following paper. For more information please see: Ou, Q., Kulikova, G., Yu, J., Elliott, A., Parsons, B., & Walker, R. (2020). Magnitude of the 1920 Haiyuan Earthquake Reestimated Using Seismological and Geomorphological Methods. Journal of Geophysical Research: Solid Earth, 125(8). https://doi.org/10.1029/2019jb019244","2026-09-20","2013-04-23","2017-08-14"
"CO18_Rossi","Bedrock exposure, canopy density, and runoff generation in the Rampart Range, CO 2018","Airborne Lidar","ready","All indexed file URLs matched positive-sized public objects; one LAS header checked per collection.",629,629,"https://portal.opentopography.org/datasetMetadata?otCollectionID=OT.052022.6342.1","https://doi.org/10.5069/G9CV4FXZ","https://opentopography.s3.sdsc.edu/pc-bulk/CO18_Rossi/CO18_Rossi_TileIndex.zip","","bce0814552fe51efd62b01c6da021cac0133a8b241315c5ad633a7ad994b4ff9","a99c9b4ee512ab5deb97ee782ceb15f4f68fcde73246cd19bf9bd6ecd712bacf","https://creativecommons.org/licenses/by/4.0/","Dataset use license","Rossi, M.W., Anderson, S.P., Anderson, R.S. and Tucker, G.E. (2022). Bedrock exposure, canopy density, and runoff generation in the Rampart Range, CO 2018. National Center for Airborne Laser Mapping (NCALM). Distributed by OpenTopography. https://doi.org/10.5069/G9CV4FXZ Dataset acknowledgement: Lidar data acquisition and processing completed by the National Center for Airborne Laser Mapping (NCALM). NCALM funding provided by NSF's Division of Earth Sciences, Instrumentation and Facilities Program. EAR-1830734","2026-09-20","2018-09-15","2018-09-16"
"MA21_Fields","Estimating Bedload Transport in Gravel-Bedded Rivers, MA 2021","Airborne Lidar","ready","All indexed file URLs matched positive-sized public objects; one LAS header checked per collection.",410,410,"https://portal.opentopography.org/datasetMetadata?otCollectionID=OT.052022.6347.1","https://doi.org/10.5069/G9HM56NP","https://opentopography.s3.sdsc.edu/pc-bulk/MA21_Fields/MA21_Fields_TileIndex.zip","","e4669fadef2c75a814e01cb440f0ae423b613e0eeafa4b488a08354d60db037a","1d43266ef60db0bfd91f0779996103de6a9fe8f0f1778117cae19e5cc29264cd","https://creativecommons.org/licenses/by/4.0/","Dataset use license","Fields, J. (2022). Estimating Bedload Transport in Gravel-Bedded Rivers, MA 2021. National Center for Airborne Laser Mapping (NCALM). Distributed by OpenTopography. https://doi.org/10.5069/G9HM56NP Dataset acknowledgement: Lidar data acquisition and processing completed by the National Center for Airborne Laser Mapping (NCALM). NCALM funding provided by NSF's Division of Earth Sciences, Instrumentation and Facilities Program. EAR-1830734","2026-09-20","2021-08-31","2021-08-31"
"NZ21_Tasman","Tasman, New Zealand 2020-2022","Airborne Lidar","ready","All indexed file URLs matched positive-sized public objects; one LAS header checked per collection.",23523,23523,"https://portal.opentopography.org/datasetMetadata?otCollectionID=OT.052022.2193.2","https://doi.org/10.5069/G9S46Q5N","https://opentopography.s3.sdsc.edu/pc-bulk/NZ21_Tasman/NZ21_Tasman_TileIndex.zip","","ba093c110e9c6420475f5794226ec26bcfcf631bdffdda8d8824715eba7a3a79","56ea79d407a69bde4fc13a8ec13b5e4d47a7e01a839598e7093970d8132fc8a0","https://creativecommons.org/licenses/by/4.0/","Dataset use license","Tasman District Council, Toit&#363; Te Whenua Land Information New Zealand (LINZ) (2023). Tasman, New Zealand 2020-2022. Collected by Aerial Surveys, distributed by OpenTopography and LINZ. https://doi.org/10.5069/G9S46Q5N Dataset acknowledgement: Released under Creative Commons CC BY 4.0 (https://creativecommons.org/licenses/by/4.0/). Attribution Required for Copies: ""Copyright in this work is owned by Tasman District Council"". Attribution Required for Derivative works: ""Copyright in the underlying dataset from which this work has been derived is owned by Tasman District Council"".","2026-09-20","2020-01-28","2022-01-30"
"CA21_Rothman","Impact of Waterfall Formation on River Long Profiles, CA 2021","Airborne Lidar","ready","All indexed file URLs matched positive-sized public objects; one LAS header checked per collection.",132,132,"https://portal.opentopography.org/datasetMetadata?otCollectionID=OT.052022.32611.1","https://doi.org/10.5069/G9WW7FV6","https://opentopography.s3.sdsc.edu/pc-bulk/CA21_Rothman/CA21_Rothman_TileIndex.zip","","82e82aba3e5c875d0c97d54bba161e9861d3cf8d6124d0f2369b1bb23a9d84e1","771afc623d7b5fbd6309db552fd1ecd63f6075f4d68dbb73ec87a52281d698bc","https://creativecommons.org/licenses/by/4.0/","Dataset use license","Rothman, S. (2022). Impact of Waterfall Formation on River Long Profiles, CA 2021. National Center for Airborne Laser Mapping (NCALM). Distributed by OpenTopography. https://doi.org/10.5069/G9WW7FV6 Dataset acknowledgement: Lidar data acquisition and processing completed by the National Center for Airborne Laser Mapping (NCALM). NCALM funding provided by NSF's Division of Earth Sciences, Instrumentation and Facilities Program. EAR-1830734.","2026-09-20","2021-07-25","2021-07-27"
"NZ21_Dunedin","Dunedin and Mosgiel, Otago, New Zealand 2021","Airborne Lidar","ready","All indexed file URLs matched positive-sized public objects; one LAS header checked per collection.",151,151,"https://portal.opentopography.org/datasetMetadata?otCollectionID=OT.052022.2193.1","https://doi.org/10.5069/G91J97ZM","https://opentopography.s3.sdsc.edu/pc-bulk/NZ21_Dunedin/NZ21_Dunedin_TileIndex.zip","","3c64c7a340c2f0568c0d423ccf1eb34219902bf96103f7703cb1e4025433334d","3e2054e1110cf5b48c941e424af505b046797f9328e70c3b3a14d4a3da9166f0","https://creativecommons.org/licenses/by/4.0/","Dataset use license","Otago Regional Council, Toit&#363; Te Whenua Land Information New Zealand (LINZ) (2022). Dunedin and Mosgiel, Otago, New Zealand 2021. Collected by AAM, distributed by OpenTopography and LINZ. https://doi.org/10.5069/G91J97ZM Dataset acknowledgement: Released under Creative Commons CC BY 4.0 (https://creativecommons.org/licenses/by/4.0/). Attribution Required for Copies: ""Copyright in this work is owned by Otago Regional Council"". Attribution Required for Derivative works: ""Copyright in the underlying dataset from which this work has been derived is owned by Otago Regional Council"".","2026-09-20","2021-06-24","2021-06-24"
"MX19_Inomata","Lidar Survey of Middle Usumacinta Region, Mexico","Airborne Lidar","ready","All indexed file URLs matched positive-sized public objects; one LAS header checked per collection.",3996,3996,"https://portal.opentopography.org/datasetMetadata?otCollectionID=OT.042022.32615.1","https://doi.org/10.5069/G95B00NF","https://opentopography.s3.sdsc.edu/pc-bulk/MX19_Inomata/MX19_Inomata_TileIndex.zip","","f6b6d4f9e94bc543475298f3632432276b5d578832c3cd32afdc0c3f5fc68edc","6b9caf5b91a9ff2701295217e14c1d51566b3258df174a8bc94c34a44fc546b6","https://creativecommons.org/licenses/by/4.0/","Dataset use license","Inomata, T. (2022). Lidar Survey of Middle Usumacinta Region, Mexico. National Center for Airborne Laser Mapping (NCALM). Distributed by OpenTopography. https://doi.org/10.5069/G95B00NF Dataset acknowledgement: Lidar data acquisition and processing completed by the National Center for Airborne Laser Mapping (NCALM). NCALM funding provided by NSF's Division of Earth Sciences, Instrumentation and Facilities Program. EAR-1830734","2026-09-20","2019-06-09","2019-06-18"
"NZ21_Rakiura","Oban, Stewart Island / Rakiura, New Zealand 2021","Airborne Lidar","ready","All indexed file URLs matched positive-sized public objects; one LAS header checked per collection.",70,70,"https://portal.opentopography.org/datasetMetadata?otCollectionID=OT.042022.2193.3","https://doi.org/10.5069/G9930RCS","https://opentopography.s3.sdsc.edu/pc-bulk/NZ21_Rakiura/NZ21_Rakiura_TileIndex.zip","","5d39c91eeb55511ba62873ad6e02df9b75352a87fa64d492ed229508b7612465","f595c8cbf6eac54688083b131f11467378273ad026d7f849da50f72c5dddd2ed","https://creativecommons.org/licenses/by/4.0/","Dataset use license","Environment Southland Regional Council, Toit&#363; Te Whenua Land Information New Zealand (LINZ) (2022). Oban, Stewart Island / Rakiura, New Zealand 2021. Collected by Aerial Surveys, distributed by OpenTopography and LINZ. https://doi.org/10.5069/G9930RCS Dataset acknowledgement: Released under Creative Commons CC BY 4.0 (https://creativecommons.org/licenses/by/4.0/). Attribution Required for Copies: ""Copyright in this work is owned by Environment Southland"" Attribution Required for Derivative works: ""Copyright in the underlying dataset from which this work has been derived is owned by Environment Southland"".","2026-09-20","2021-09-03","2021-09-03"
"NZ21_Taranaki","Taranaki, New Zealand 2021","Airborne Lidar","ready","All indexed file URLs matched positive-sized public objects; one LAS header checked per collection.",23676,23676,"https://portal.opentopography.org/datasetMetadata?otCollectionID=OT.042022.2193.1","https://doi.org/10.5069/G9JM27VZ","https://opentopography.s3.sdsc.edu/pc-bulk/NZ21_Taranaki/NZ21_Taranaki_TileIndex.zip","","da54e5d6883616a5f10aa02944edc4df5c107d69ad05a63c6c14b8b4d563706f","c0a52f7d0bbec5a73dcd96a624118316afb33bce160e6840fe9715321e228ce9","https://creativecommons.org/licenses/by/4.0/","Dataset use license","Taranaki Regional Council, Toit&#363; Te Whenua Land Information New Zealand (LINZ) (2022). Taranaki, New Zealand 2021. Collected by AAM, distributed by OpenTopography and LINZ. https://doi.org/10.5069/G9JM27VZ Dataset acknowledgement: Released under Creative Commons CC BY 4.0 (https://creativecommons.org/licenses/by/4.0/). Attribution Required for Copies: ""Copyright in this work is owned by Taranaki Regional Council"". Attribution Required for Derivative works: ""Copyright in the underlying dataset from which this work has been derived is owned by Taranaki Regional Council""","2026-09-20","2021-04-03","2021-10-16"
"CA18_Dangermond","Lidar Survey of Dangermond Preserve, CA","Airborne Lidar","ready","All indexed file URLs matched positive-sized public objects; one LAS header checked per collection.",132,132,"https://portal.opentopography.org/datasetMetadata?otCollectionID=OT.042022.32611.1","https://doi.org/10.5069/G9T43R8K","https://opentopography.s3.sdsc.edu/pc-bulk/CA18_Dangermond/CA18_Dangermond_TileIndex.zip","","53bd43edb040f33d49abc3b3b27842c63edc894f0dd4782e141cc9e2baf1f7a3","2a33eb4e051f26cf46f94e35d6d939d5c559b88f993c814506688792a63e25f7","https://creativecommons.org/licenses/by/4.0/","Dataset use license","Nature Conservancy (2022). Lidar Survey of Dangermond Preserve, CA. Collected by Aeroptic LLC. Distributed by OpenTopography. https://doi.org/10.5069/G9T43R8K Dataset acknowledgement: This data was collected for scientific and academic purposes by Aeroptic LLC in partnership with the Nature Conservancy and ESRI","2026-09-20","2018-09-22","2018-10-01"
"NZ21_Hutt","Hutt City, Wellington, New Zealand 2021","Airborne Lidar","ready","All indexed file URLs matched positive-sized public objects; one LAS header checked per collection.",1221,1221,"https://portal.opentopography.org/datasetMetadata?otCollectionID=OT.032022.2193.1","https://doi.org/10.5069/G92J692Z","https://opentopography.s3.sdsc.edu/pc-bulk/NZ21_Hutt/NZ21_Hutt_TileIndex.zip","","a9b38641d11ad9481f62a0fc6550070e077ec15fd278c4831b9351493a8805ad","da1fb336611cb8932886b3a6e093b97dacd106e7a2122f1d3d518e4376d7b5ae","https://creativecommons.org/licenses/by/4.0/","Dataset use license","Hutt City Council, Toit&#363; Te Whenua Land Information New Zealand (LINZ) (2022). Hutt City, Wellington, New Zealand 2021. Collected by AAM, distributed by OpenTopography and LINZ. https://doi.org/10.5069/G92J692Z Dataset acknowledgement: Released under Creative Commons CC BY 4.0 (https://creativecommons.org/licenses/by/4.0/). Attribution Required for Copies: ""Copyright in this work is owned by Hutt City Council"". Attribution Required for Derivative works: ""Copyright in the underlying dataset from which this work has been derived is owned by Hutt City Council""","2026-09-20","2021-03-23","2021-03-27"
"BMEF2009","Blacks Mountain Experimental Forest, CA 2009","Airborne Lidar","external","Public TileIndex unavailable: HTTP Error 404: Not Found - use the provider portal.",0,0,"https://portal.opentopography.org/datasetMetadata?otCollectionID=OT.032022.26910.1","https://doi.org/10.5069/G9ZS2TP6","https://opentopography.s3.sdsc.edu/pc-bulk/BMEF2009/BMEF2009_TileIndex.zip","https://portal.opentopography.org/login?redirect=%2FopentopoS3%3FopentopoID%3DOTLAS.032022.26910.1%26tiledIndex%3D1","","","https://creativecommons.org/share-your-work/public-domain/cc0/","Dataset use license","U.S. Forest Service Region 5 Remote Sensing Lab Information Management Staff. (2022). Blacks Mountain Experimental Forest, CA 2009. Collected by Watershed Sciences, Inc. Distributed by OpenTopography. https://doi.org/10.5069/G9ZS2TP6 Dataset acknowledgement: Data were collected by the US Forest Service using public funds and can be freely used in the public domain","2026-09-20","2009-07-31","2009-08-11"
"ID19_Yanites","Lidar Survey of Dump Creek, ID 2019","Airborne Lidar","ready","All indexed file URLs matched positive-sized public objects; one LAS header checked per collection.",62,62,"https://portal.opentopography.org/datasetMetadata?otCollectionID=OT.032022.6341.1","https://doi.org/10.5069/G93J3B5W","https://opentopography.s3.sdsc.edu/pc-bulk/ID19_Yanites/ID19_Yanites_TileIndex.zip","","a9de9e34f1e25c0608fc3af37330c9be3430014cae6dd320766f9d866eb5bc22","45c1c7cfb668f3f7fec0173ae0c657e871f636d71ea3071f403bf363db7d6c00","https://creativecommons.org/licenses/by/4.0/","Dataset use license","Yanites, B. (2022). Lidar Survey of Dump Creek, ID 2019. National Center for Airborne Laser Mapping (NCALM). Distributed by OpenTopography. https://doi.org/10.5069/G93J3B5W Dataset acknowledgement: Lidar data acquisition and processing completed by the National Center for Airborne Laser Mapping (NCALM). NCALM funding provided by NSF's Division of Earth Sciences, Instrumentation and Facilities Program. EAR-1830734.","2026-09-20","2019-09-23","2019-09-23"
"CA19_Dibiase","Climate and Tectonic Controls on Bedrock Hillslopes, CA 2019","Airborne Lidar","ready","All indexed file URLs matched positive-sized public objects; one LAS header checked per collection.",188,188,"https://portal.opentopography.org/datasetMetadata?otCollectionID=OT.022022.6340.1","https://doi.org/10.5069/G9C24TN0","https://opentopography.s3.sdsc.edu/pc-bulk/CA19_Dibiase/CA19_Dibiase_TileIndex.zip","","cee719397c9b9e390e68bf7354685863b8f947c3b623fbf1b0f2b84bdc484389","e0793eb8ccfb8ef7f89d3628421b1ceed9666fd315f2fc85a1bed67e1064ee7e","https://creativecommons.org/licenses/by/4.0/","Dataset use license","DiBiase, R. (2022). Climate and Tectonic Controls on Bedrock Hillslopes, CA 2019. National Center for Airborne Laser Mapping (NCALM). Distributed by OpenTopography. https://doi.org/10.5069/G9C24TN0 Dataset acknowledgement: Lidar data acquisition and processing completed by the National Center for Airborne Laser Mapping (NCALM). NCALM funding provided by NSF's Division of Earth Sciences, Instrumentation and Facilities Program. EAR-1830734.","2026-09-20","2019-09-29","2019-10-03"
"NZ21_Kapiti","Kapiti Coast, Wellington, New Zealand 2021","Airborne Lidar","ready","All indexed file URLs matched positive-sized public objects; one LAS header checked per collection.",3383,3383,"https://portal.opentopography.org/datasetMetadata?otCollectionID=OT.012022.2193.1","https://doi.org/10.5069/G9GT5KCD","https://opentopography.s3.sdsc.edu/pc-bulk/NZ21_Kapiti/NZ21_Kapiti_TileIndex.zip","","866775e7ca8a0d00dba8bdc24535ba58de465382a764d7bf8a6cdd194e9d57e2","9ad51e8147a3454c7e97fd59b03cd9f07d1fafb5df6a6ad1178f03a055a60c03","https://creativecommons.org/licenses/by/4.0/","Dataset use license","Kapiti Coast District Council, Toit&#363; Te Whenua Land Information New Zealand (LINZ) (2021). Kapiti Coast, Wellington, New Zealand 2021. Collected by AAM, distributed by OpenTopography and LINZ. https://doi.org/10.5069/G9GT5KCD Dataset acknowledgement: Released under Creative Commons CC BY 4.0 (https://creativecommons.org/licenses/by/4.0/). Attribution Required for Copies: ""Copyright in this work is owned by Kapiti Coast District Council"". Attribution Required for Derivative works: ""Copyright in the underlying dataset from which this work has been derived is owned by Kapiti Coast District Council""","2026-09-20","2021-03-13","2021-03-15"
"NZ21_Nelson","Nelson, New Zealand 2021","Airborne Lidar","ready","All indexed file URLs matched positive-sized public objects; one LAS header checked per collection.",1490,1490,"https://portal.opentopography.org/datasetMetadata?otCollectionID=OT.122021.2193.1","https://doi.org/10.5069/G9R78CD4","https://opentopography.s3.sdsc.edu/pc-bulk/NZ21_Nelson/NZ21_Nelson_TileIndex.zip","","6003710b21d031f53f07251323168f10080695ee5724261577f730ed834245ca","44894e9e65558f39ba57be7807d0ca9cca507959e9eceb6cdf0fa6bc8f8b6583","https://creativecommons.org/licenses/by/4.0/","Dataset use license","Nelson City Council, Toit&#363; Te Whenua Land Information New Zealand (LINZ) (2021). Nelson, New Zealand 2021. Collected by Aerial Surveys, distributed by OpenTopography and LINZ. https://doi.org/10.5069/G9R78CD4 Dataset acknowledgement: Released under Creative Commons CC By 4.0 (https://creativecommons.org/licenses/by/4.0/). Attribution Required for Copies: ""Copyright in this work is owned by Nelson City Council"". Attribution Required for Derivative works: ""Copyright in the underlying dataset from which this work has been derived is owned by Nelson City Council"".","2026-09-20","2021-01-10","2021-06-24"
"WA21_Lumbrazo","Hydrologic Effects of Forest Restoration, WA 2021","Airborne Lidar","ready","All indexed file URLs matched positive-sized public objects; one LAS header checked per collection.",103,103,"https://portal.opentopography.org/datasetMetadata?otCollectionID=OT.122021.6339.1","https://doi.org/10.5069/G989142F","https://opentopography.s3.sdsc.edu/pc-bulk/WA21_Lumbrazo/WA21_Lumbrazo_TileIndex.zip","","ea7d1eabc8a88ab5827e2f34cfc588e7b353b08bd33fc30adecd52ad571521f3","9bf970d2a829e55791e08467dbacc62f373e975ddf670f4fa4b8a731981790a1","https://creativecommons.org/licenses/by/4.0/","Dataset use license","Lumbrazo, C. (2021). Hydrologic Effects of Forest Restoration, WA 2021. National Center for Airborne Laser Mapping (NCALM). Distributed by OpenTopography. https://doi.org/10.5069/G989142F. Dataset acknowledgement: Lidar data acquisition and processing completed by the National Center for Airborne Laser Mapping (NCALM). NCALM funding provided by NSF's Division of Earth Sciences, Instrumentation and Facilities Program. EAR-1830734.","2026-09-20","2021-04-01","2021-04-01"
"NZ20_Hawkes","Hawke's Bay, New Zealand 2020-2021","Airborne Lidar","ready","All indexed file URLs matched positive-sized public objects; one LAS header checked per collection.",39861,39861,"https://portal.opentopography.org/datasetMetadata?otCollectionID=OT.112021.2193.1","https://doi.org/10.5069/G9S75DH2","https://opentopography.s3.sdsc.edu/pc-bulk/NZ20_Hawkes/NZ20_Hawkes_TileIndex.zip","","d6fd53e911a6c3823e42784e9482f2784070ca4330857e56dd680ccce83bcd44","5f1392ecc33e9b0b5b2b8369282565b78ec34a420920e7681c9f25e1ed9d0121","https://creativecommons.org/licenses/by/4.0/","Dataset use license","Hawke's Bay Regional Council, Wairoa District Council, Hastings District Council, Napier City Council, Central Hawke's Bay District Council, Toit&#363; Te Whenua Land Information New Zealand (LINZ) (2023). Hawke's Bay, New Zealand 2020-2021. Collected by Ocean Infinity, distributed by OpenTopography and LINZ. https://doi.org/10.5069/G9S75DH2 Dataset acknowledgement: Released under Creative Commons CC BY 4.0 (https://creativecommons.org/licenses/by/4.0/). Attribution Required for Copies: ""Copyright in this work is owned by Hawke's Bay Regional Council"". Attribution Required for Derivative works: ""Copyright in the underlying dataset from which this work has been derived is owned by Hawke's Bay Regional Council"".","2026-09-20","2020-11-11","2021-01-24"
"NZ10_Wairarapa","Wairarapa Fault, NZ 2010","Airborne Lidar","ready","All indexed file URLs matched positive-sized public objects; one LAS header checked per collection.",180,180,"https://portal.opentopography.org/datasetMetadata?otCollectionID=OT.042018.2193.2","https://doi.org/10.5069/G9ZW1J0K","https://opentopography.s3.sdsc.edu/pc-bulk/NZ10_Wairarapa/NZ10_Wairarapa_TileIndex.zip","","9e1c919a121c3f8b84dc38361a46a484673e072498ecfd5de3f6bcb6d5beec81","823714562a48cef277fab7fda5e2fa37fdb073fa15028b3661872ca04ef1eab6","https://opentopography.org/usageterms","OpenTopography Data and Content terms; no dataset-specific license supplied","Manighetti, I.  (2020).  Wairarapa Fault, NZ 2010.  Distributed by OpenTopography.  https://doi.org/10.5069/G9ZW1J0K Dataset acknowledgement: The use of the data in any publication or work should be acknowledged by referring to ""ANR, CENTURISK Risknat09-456076 (PI: I. Manighetti).""","2026-09-20","2012-04-08","2012-04-09"
"WI20_Roland","Measuring Lake Michigan Coastal Erosion, WI 2020","Airborne Lidar","ready","All indexed file URLs matched positive-sized public objects; one LAS header checked per collection.",190,190,"https://portal.opentopography.org/datasetMetadata?otCollectionID=OT.102021.6345.1","https://doi.org/10.5069/G9Z036C5","https://opentopography.s3.sdsc.edu/pc-bulk/WI20_Roland/WI20_Roland_TileIndex.zip","","ef2d1a17710fd1d1d93725176f95423718cd8164869417b6cc8b809f3ea71423","57fed954ee19fbe31fb0aaa0f6e388e88378eed5c19ed20152048a2c56e9b6ac","https://creativecommons.org/licenses/by/4.0/","Dataset use license","Roland, C. (2021). Measuring Lake Michigan Coastal Erosion, WI 2020. National Center for Airborne Laser Mapping (NCALM). Distributed by OpenTopography. https://doi.org/10.5069/G9Z036C5. Dataset acknowledgement: Lidar data acquisition and processing completed by the National Center for Airborne Laser Mapping (NCALM). NCALM funding provided by NSF's Division of Earth Sciences, Instrumentation and Facilities Program. EAR-1830734.","2026-09-20","2020-11-12","2020-11-13"
"CA20_Graup","Preserving Mountains with Forest Management, CA 2020","Airborne Lidar","ready","All indexed file URLs matched positive-sized public objects; one LAS header checked per collection.",102,102,"https://portal.opentopography.org/datasetMetadata?otCollectionID=OT.092021.6339.1","https://doi.org/10.5069/G96H4FMX","https://opentopography.s3.sdsc.edu/pc-bulk/CA20_Graup/CA20_Graup_TileIndex.zip","","569b6813ba2bb1968d43d0df22d4e1515da7bdbc6e7dca7ad0ca6ad4229e59c1","14cea15e681678bd1bba9bae5fdf839240f91dca6b9cae8fe745c40d5434bad3","https://creativecommons.org/licenses/by/4.0/","Dataset use license","Graup, L. (2021). Preserving Mountains with Forest Management, CA 2020. National Center for Airborne Laser Mapping (NCALM). Distributed by OpenTopography. https://doi.org/10.5069/G96H4FMX. Dataset acknowledgement: Lidar data acquisition and processing completed by the National Center for Airborne Laser Mapping (NCALM). NCALM funding provided by NSF's Division of Earth Sciences, Instrumentation and Facilities Program. EAR-1830734.","2026-09-20","2020-11-10","2020-11-10"
"CA21_Bunds","Southern San Andreas Fault from Painted Canyon to Bombay Beach, CA","Structure from Motion / Photogrammetry","out_of_scope","Outside airborne-LiDAR scope: Structure from Motion / Photogrammetry",254,254,"https://portal.opentopography.org/datasetMetadata?otCollectionID=OT.092021.32611.1","https://doi.org/10.5069/G94M92RG","https://opentopography.s3.sdsc.edu/pc-bulk/CA21_Bunds/CA21_Bunds_TileIndex.zip","","7e7bbd32f4be80f42d27a501f9ac97d6b87507057301b480bc90f32deb6b77cd","b8d6b106e799ef6d5084353f0ee68e13c4fa48b2a49ccd710fa7e9c667822798","https://creativecommons.org/licenses/by/4.0/","Dataset use license","Bunds, M.P., Scott, C., Whitney, B., and Lee, V.J.C., 2021, High Resolution Topography of the Southern San Andreas Fault from Painted Canyon to Bombay Beach, USA, distributed by OpenTopography. DOI: https://doi.org/10.5069/G94M92RG Dataset acknowledgement: N/A - Acknowledgement Guidance","2026-09-20","2020-02-15","2020-02-18"
"CA19_Dietrich","Repeat Mapping of Antelope Valley Ranch, CA, 2019","Airborne Lidar","ready","All indexed file URLs matched positive-sized public objects; one LAS header checked per collection.",38,38,"https://portal.opentopography.org/datasetMetadata?otCollectionID=OT.082021.6339.2","https://doi.org/10.5069/G9FX77MW","https://opentopography.s3.sdsc.edu/pc-bulk/CA19_Dietrich/CA19_Dietrich_TileIndex.zip","","64ec122704a8e24638da3f3aba38c22695898b760d32b1ed19a419bd4902df8a","8e1553d78e5a557df962b7c003b01fdb0f73ecad1e2e31123a42ad1a4033b61c","https://creativecommons.org/licenses/by/4.0/","Dataset use license","Dietrich, W. (2021). Repeat Mapping of Antelope Valley Ranch, CA, 2019. National Center for Airborne Laser Mapping (NCALM). Distributed by OpenTopography. https://doi.org/10.5069/G9FX77MW. Dataset acknowledgement: Lidar data acquisition and processing completed by the National Center for Airborne Laser Mapping (NCALM). NCALM funding provided by NSF's Division of Earth Sciences, Instrumentation and Facilities Program. EAR-1339015.","2026-09-20","2019-04-16","2019-04-17"
"OR20_Hunter","Post-Fire Debris Flow Detection and Erosion, Oregon 2020","Airborne Lidar","ready","All indexed file URLs matched positive-sized public objects; one LAS header checked per collection.",80,80,"https://portal.opentopography.org/datasetMetadata?otCollectionID=OT.082021.6339.1","https://doi.org/10.5069/G9V69GS8","https://opentopography.s3.sdsc.edu/pc-bulk/OR20_Hunter/OR20_Hunter_TileIndex.zip","","ec44e8c1d51d1eead215404858b9c903a6ae60fa762cc9254ed374edbc4f1d34","3f2e3871a318715c18b1aad945bee6af5e2cab17fb4a9c13f056e2a7d0475966","https://creativecommons.org/licenses/by/4.0/","Dataset use license","Hunter, B. (2021). Post-Fire Debris Flow Detection and Erosion, Oregon 2020. National Center for Airborne Laser Mapping (NCALM). Distributed by OpenTopography. https://doi.org/10.5069/G9V69GS8. Dataset acknowledgement: Lidar data acquisition and processing completed by the National Center for Airborne Laser Mapping (NCALM). NCALM funding provided by NSF's Division of Earth Sciences, Instrumentation and Facilities Program. EAR-1830734.","2026-09-20","2020-11-08","2020-11-08"
"NZ20_Marlbo","Marlborough, New Zealand 2020-2022","Airborne Lidar","ready","All indexed file URLs matched positive-sized public objects; one LAS header checked per collection.",32342,32342,"https://portal.opentopography.org/datasetMetadata?otCollectionID=OT.082021.2193.3","https://doi.org/10.5069/G97D2SB0","https://opentopography.s3.sdsc.edu/pc-bulk/NZ20_Marlbo/NZ20_Marlbo_TileIndex.zip","","014fcd31e143722c9d999cbee7a6c1717937345831d5da9e287de1994d710585","8d79614c506b9acae402ffc819003e696fb5994bbe95a52d89a863b6f862fc88","https://creativecommons.org/licenses/by/4.0/","Dataset use license","Marlborough District Council, Toit&#363; Te Whenua Land Information New Zealand (LINZ) (2023). Marlborough, New Zealand 2020-2022. Collected by Aerial Surveys, distributed by OpenTopography and LINZ. https://doi.org/10.5069/G97D2SB0 Dataset acknowledgement: Released under Creative Commons CC BY 4.0 (https://creativecommons.org/licenses/by/4.0/). Attribution Required for Copies: ""Copyright in this work is owned by Marlborough District Council"". Attribution Required for Derivative works: ""Copyright in the underlying dataset from which this work has been derived is owned by Marlborough District Council""","2026-09-20","2020-02-10","2022-02-15"
"CA20_Brande","3D Fuel Structure in Relation to Prescribed Fire, CA 2020","Airborne Lidar","ready","All indexed file URLs matched positive-sized public objects; one LAS header checked per collection.",83,83,"https://portal.opentopography.org/datasetMetadata?otCollectionID=OT.082021.32610.1","https://doi.org/10.5069/G9C53J18","https://opentopography.s3.sdsc.edu/pc-bulk/CA20_Brande/CA20_Brande_TileIndex.zip","","1b67b88b5e5aa6cf5be6b7a5a3e9793fb834a78d583ada5a46e9e13a75ff7659","121f292a43ecedb4a2045ed0be1cd797d67b070641afc01c5a089e015aa174e6","https://creativecommons.org/licenses/by/4.0/","Dataset use license","Brande, K. (2021). 3D Fuel Structure in Relation to Prescribed Fire, CA 2020. National Center for Airborne Laser Mapping (NCALM). Distributed by OpenTopography. https://doi.org/10.5069/G9C53J18. Dataset acknowledgement: Lidar data acquisition and processing completed by the National Center for Airborne Laser Mapping (NCALM). NCALM funding provided by NSF's Division of Earth Sciences, Instrumentation and Facilities Program. EAR-1830734","2026-09-20","2020-11-04","2020-11-04"
"CA18_Scott","Topography of Normal Faults in the Volcanic Tablelands, CA 2018","Structure from Motion / Photogrammetry","out_of_scope","Outside airborne-LiDAR scope: Structure from Motion / Photogrammetry",112,0,"https://portal.opentopography.org/datasetMetadata?otCollectionID=OT.062020.26911.2","https://doi.org/10.5069/G9SF2TC5","https://opentopography.s3.sdsc.edu/pc-bulk/CA18_Scott/CA18_Scott_TileIndex.zip","","d78f8e155ea483a50f5b031719d2266c0975a3bb79f4fd8e02138f85b40fa88e","20ef0f0c8d0eea98772412cea9b3b92612e3e53cb5e59152b5703165f56e8a53","https://opentopography.org/usageterms","OpenTopography Data and Content terms; no dataset-specific license supplied","Scott, C., Davila, D.L., Manighetti, I., Scott, T., Arrowsmith, R., Leclerc, F., Matteo, L., Dominguez, S., Malavieille, J. (2020). Topography of Normal Faults in the Volcanic Tablelands, CA 2018. Distributed by OpenTopography. https://doi.org/10.5069/G9SF2TC5. Dataset acknowledgement: The data acquisition has been made in the framework of the project FAULTS_R_GEMS led by I. Manighetti, and funded by the French Research Agency under the ANR Grant FAULTS_R_GEMS # ANR-17-CE31-0008. We acknowledge additional funding from the School of Earth & Space Exploration at Arizona State University. We thank Dione Perkins at the Bureau of Land Management in the Bishop Office for helping us to gain access to the Volcanic Tablelands to complete our data collection.","2026-09-20","2018-03-05","2018-03-12"
"NC21_Scheip","Evaluating Area-Volume Relationships after Mass Wasting Event, NC 2020","Airborne Lidar","ready","All indexed file URLs matched positive-sized public objects; one LAS header checked per collection.",131,131,"https://portal.opentopography.org/datasetMetadata?otCollectionID=OT.082021.6346.1","https://doi.org/10.5069/G9RF5S7S","https://opentopography.s3.sdsc.edu/pc-bulk/NC21_Scheip/NC21_Scheip_TileIndex.zip","","6ee630a08366cf34af26a6d1d975a4a2181b5f0de1f632d116a865671013ba26","b52b8b2535fd6d993b5f815dbc64c1e03d33200cc1b9ade36850db94808a475f","https://creativecommons.org/licenses/by/4.0/","Dataset use license","Scheip, C. (2021). Utilization of airborne lidar to evaluate regional landslide area-volume scaling relationships after a large rainfall-triggered mass wasting event in western North Carolina. National Center for Airborne Laser Mapping (NCALM). Distributed by OpenTopography. https://doi.org/10.5069/G9RF5S7S. Dataset acknowledgement: Lidar data acquisition and processing completed by the National Center for Airborne Laser Mapping (NCALM). NCALM funding provided by NSF's Division of Earth Sciences, Instrumentation and Facilities Program. EAR-1830734.","2026-09-20","2020-11-14","2020-11-14"
"NZ21_Otago","Queenstown, Otago, New Zealand 2021","Airborne Lidar","ready","All indexed file URLs matched positive-sized public objects; one LAS header checked per collection.",597,597,"https://portal.opentopography.org/datasetMetadata?otCollectionID=OT.082021.2193.2","https://doi.org/10.5069/G9MP51G0","https://opentopography.s3.sdsc.edu/pc-bulk/NZ21_Otago/NZ21_Otago_TileIndex.zip","","c138b1796e1fec8497e659f9e94870cbdb0508b17ad972b1342accaa42169c41","26bfacdea7c2ac28a6f4b08991d5d25d7c3967b5623d7041edf0e8812b1e01df","https://creativecommons.org/licenses/by/4.0/","Dataset use license","Queenstown Lakes District Council, Toit&#363; Te Whenua Land Information New Zealand (LINZ) (2021). Queenstown, Otago, New Zealand 2021. Collected by Landpro, distributed by OpenTopography and LINZ. https://doi.org/10.5069/G9MP51G0 Dataset acknowledgement: Released under Creative Commons CC By 4.0 (https://creativecommons.org/licenses/by/4.0/). Attribution Required for Copies: ""Copyright in this work is owned by Queenstown Lakes District Council"". Attribution Required for Derivative works: ""Copyright in the underlying dataset from which this work has been derived is owned by Queenstown Lakes District Council"".","2026-09-20","2021-03-13","2021-03-14"
"NZ20_BoP","Bay of Plenty, New Zealand 2019-2022","Airborne Lidar","ready","All indexed file URLs matched positive-sized public objects; one LAS header checked per collection.",37026,37026,"https://portal.opentopography.org/datasetMetadata?otCollectionID=OT.082021.2193.1","https://doi.org/10.5069/G9W66J0Z","https://opentopography.s3.sdsc.edu/pc-bulk/NZ20_BoP/NZ20_BoP_TileIndex.zip","","b25bcbc3827af5ff15926e3ea5891b8004ccdd0c96bc7b614e94f495f0a1338a","81d1bc6ca556777532097d800c2c1ffe3e9104c1a718b34d9be28ba3c7c4c8d1","https://creativecommons.org/licenses/by/4.0/","Dataset use license","BOPLASS Limited, Toit&#363; Te Whenua Land Information New Zealand (LINZ) (2023). Bay of Plenty, New Zealand 2019-2022. Collected by Aerial Surveys, distributed by OpenTopography and LINZ. https://doi.org/10.5069/G9W66J0Z Dataset acknowledgement: Released under Creative Commons CC BY 4.0 (https://creativecommons.org/licenses/by/4.0/). Attribution Required for Copies: ""Copyright in this work is owned by BOPLASS Ltd"". Attribution Required for Derivative works: ""Copyright in the underlying dataset from which this work has been derived is owned BOPLASS Ltd"".","2026-09-20","2019-10-27","2022-10-24"
"NZ20_Whanganui","Whanganui Urban, Manawatu-Whanganui, New Zealand 2020-2021","Airborne Lidar","ready","All indexed file URLs matched positive-sized public objects; one LAS header checked per collection.",1283,1283,"https://portal.opentopography.org/datasetMetadata?otCollectionID=OT.072021.2193.1","https://doi.org/10.5069/G90Z71GX","https://opentopography.s3.sdsc.edu/pc-bulk/NZ20_Whanganui/NZ20_Whanganui_TileIndex.zip","","23836e7b82c7fe762754b72ff0e4eb441b3f584e24f5868e6247215d507e5c81","ae41751c42b57c881c2d0904a7b30317be4b1b5fd5e93af0c575c8e19291e744","https://creativecommons.org/licenses/by/4.0/","Dataset use license","Whanganui District Council, LINZ (2021). Whanganui Urban, Manawatu-Whanganui, New Zealand 2020-2021. Collected by Aerial Surveys, distributed by OpenTopography and Land Information New Zealand (LINZ). https://doi.org/10.5069/G90Z71GX Dataset acknowledgement: Released under Creative Commons CC By 4.0 (https://creativecommons.org/licenses/by/4.0/). Attribution Required for Copies: ""Copyright in this work is owned by Whanganui District Council"". Attribution Required for Derivative works: ""Copyright in the underlying dataset from which this work has been derived is owned by Whanganui District Council""","2026-09-20","2020-09-08","2021-02-03"
"NZ19_Gisborne","Gisborne, New Zealand 2018-2020","Airborne Lidar","ready","All indexed file URLs matched positive-sized public objects; one LAS header checked per collection.",25190,25190,"https://portal.opentopography.org/datasetMetadata?otCollectionID=OT.042021.2193.2","https://doi.org/10.5069/G92V2D9X","https://opentopography.s3.sdsc.edu/pc-bulk/NZ19_Gisborne/NZ19_Gisborne_TileIndex.zip","","9ced8fb8f493bd6004c6c8c9d6a4e9aca1b55669510abcd665786026d23822a0","c68a9cd1044df9378a0feb87b9c5a1dc4a4eb3950a96419bf78f813badadaa9e","https://creativecommons.org/licenses/by/4.0/","Dataset use license","Gisborne District Council, LINZ (2021). Gisborne, New Zealand 2018-2020. Collected by Aerial Surveys, distributed by OpenTopography and Land Information New Zealand (LINZ). https://doi.org/10.5069/G92V2D9X Dataset acknowledgement: Released under Creative Commons CC By 4.0 (https://creativecommons.org/licenses/by/4.0/). Attribution Required for Copies: ""Copyright in this work is owned by Gisborne District Council"". Attribution Required for Derivative works: ""Copyright in the underlying dataset from which this work has been derived is owned by Gisborne District Council"".","2026-09-20","2018-12-31","2020-01-25"
"NZ20_Westport","West Coast, New Zealand 2020-2025","Airborne Lidar","ready","All indexed file URLs matched positive-sized public objects; one LAS header checked per collection.",70173,70173,"https://portal.opentopography.org/datasetMetadata?otCollectionID=OT.042021.2193.1","https://doi.org/10.5069/G9Z31WV0","https://opentopography.s3.sdsc.edu/pc-bulk/NZ20_Westport/NZ20_Westport_TileIndex.zip","","ece23013b44e6d3becb04863304421c3f3d731ad503a05be5e59fbfbfc3d2a43","13b67ea5a50b42d15ce73d6619ab388bbb63d3ed398856e6b238e2f90793f7db","https://creativecommons.org/licenses/by/4.0/","Dataset use license","West Coast Regional Council, Toit&#363; Te Whenua Land Information New Zealand (LINZ) (2025). West Coast, New Zealand 2020-2025. Collected by Aerial Surveys, distributed by OpenTopography and LINZ. https://doi.org/10.5069/G9Z31WV0 Dataset acknowledgement: Released under Creative Commons CC BY 4.0 (https://creativecommons.org/licenses/by/4.0/). Attribution Required for Copies: ""Copyright in this work is owned by West Coast Regional Council"". Attribution Required for Derivative works: ""Copyright in the underlying dataset from which this work has been derived is owned by West Coast Regional Council""","2026-09-20","2020-05-16","2024-07-11"
"CA18_Thompson","Illilouette Creek Basin Lidar Survey, Yosemite Valley, CA 2018","Airborne Lidar","ready","All indexed file URLs matched positive-sized public objects; one LAS header checked per collection.",342,342,"https://portal.opentopography.org/datasetMetadata?otCollectionID=OT.042021.6340.1","https://doi.org/10.5069/G96M351N","https://opentopography.s3.sdsc.edu/pc-bulk/CA18_Thompson/CA18_Thompson_TileIndex.zip","","a8138cf5170282612df5db3ea429479c15f043f751fcc5e88a0b2951432bb17c","a4f4e576e98d1a8345b0945e5f74c35369e60ae545277af84f371ddd1fce0f6a","https://creativecommons.org/licenses/by/4.0/","Dataset use license","Thompson, S. (2021). Illilouette Creek Basin Lidar Survey, Yosemite Valley, CA 2018. National Center for Airborne Laser Mapping (NCALM). Distributed by OpenTopography. https://doi.org/10.5069/G96M351N. Dataset acknowledgement: Lidar data acquisition and processing completed by the National Center for Airborne Laser Mapping (NCALM). NCALM funding provided by NSF's Division of Earth Sciences, Instrumentation and Facilities Program. EAR-1830734.","2026-09-20","2018-09-21","2018-09-23"
"ID15_Bunds","Lost River Fault at Doublespring Pass Rd, Idaho 2015","Structure from Motion / Photogrammetry","out_of_scope","Outside airborne-LiDAR scope: Structure from Motion / Photogrammetry",50,50,"https://portal.opentopography.org/datasetMetadata?otCollectionID=OT.112020.6341.1","https://doi.org/10.5069/G9TH8JWV","https://opentopography.s3.sdsc.edu/pc-bulk/ID15_Bunds/ID15_Bunds_TileIndex.zip","","289f7ba41a5de9ff7dbdd887879b37c3163de317697e555a73e099a76fc24db5","4fac60d3a452fb04e2ab6d7f617cb981b9b863f00655c3985be87e1af1174b54","https://opentopography.org/usageterms","OpenTopography Data and Content terms; no dataset-specific license supplied","Bunds, M.P., DuRoss, C.B., Gold, R.D., Reitman, N.G., Toke, N.A., Briggs, R.W., Ungerman, B., and Matheson, E. (2020). Lost River Fault at Doublespring Pass Rd, Idaho 2015. Utah Valley University (UVU). Distributed by OpenTopography. https://doi.org/10.5069/G9TH8JWV. Dataset acknowledgement: N/A - Acknowledgement Guidance","2026-09-20","2015-05-01","2016-05-01"
"NZ18_Banks","Banks Peninsula, Canterbury, New Zealand 2018-2019","Airborne Lidar","ready","All indexed file URLs matched positive-sized public objects; one LAS header checked per collection.",3151,3151,"https://portal.opentopography.org/datasetMetadata?otCollectionID=OT.092020.2193.2","https://doi.org/10.5069/G98W3BHC","https://opentopography.s3.sdsc.edu/pc-bulk/NZ18_Banks/NZ18_Banks_TileIndex.zip","","c687899b3ac329949147be1ddc3e24b64dd335738ed9dbe1f3b4002d2717720a","a1a5f9879b389520761d94113505303f67c7429041d69d3b5e46e2fa399dd462","https://creativecommons.org/licenses/by/4.0/","Dataset use license","Environment Canterbury Regional Council, LINZ (2020). Banks Peninsula, Canterbury, New Zealand 2018. Collected by Aerial Surveys, distributed by OpenTopography and Land Information New Zealand (LINZ). https://doi.org/10.5069/G98W3BHC Dataset acknowledgement: Released under Creative Commons CC BY 4.0 (https://creativecommons.org/licenses/by/4.0/). Attribution Required for Copies: ""Copyright in this work is owned by Environment Canterbury Regional Council"". Attribution Required for Derivative works: ""Copyright in the underlying dataset from which this work has been derived is owned by Environment Canterbury Regional Council"".","2026-09-20","2018-07-18","2019-02-10"
"NZ19_Wellington","Wellington City, New Zealand 2019-2020","Airborne Lidar","ready","All indexed file URLs matched positive-sized public objects; one LAS header checked per collection.",450,450,"https://portal.opentopography.org/datasetMetadata?otCollectionID=OT.092020.2193.1","https://doi.org/10.5069/G9K935QX","https://opentopography.s3.sdsc.edu/pc-bulk/NZ19_Wellington/NZ19_Wellington_TileIndex.zip","","efc155cb9208bd2aaab973e2cf4c9c3e2f76bb9ac825c8fb2dfd3a4b8b74eb3a","debcfa6b4c8335974f26d4edd54aa9e14b6a4031cdec471ddb8175c840cbe8e1","https://creativecommons.org/licenses/by/4.0/","Dataset use license","Wellington City Council, LINZ (2020). Wellington City, New Zealand 2019-2020. Collected by Aerial Surveys, distributed by OpenTopography and Land Information New Zealand (LINZ). https://doi.org/10.5069/G9K935QX Dataset acknowledgement: Released under Creative Commons CC By 4.0 (https://creativecommons.org/licenses/by/4.0/). Attribution Required for Copies: ""Copyright in this work is owned by Wellington City Council"". Attribution Required for Derivative works: ""Copyright in the underlying dataset from which this work has been derived is owned by Wellington City Council"".","2026-09-20","2019-03-20","2020-03-14"
"UT18_Dennison","Monitoring Woodland Ecosystems, Utah 2018","Airborne Lidar","ready","All indexed file URLs matched positive-sized public objects; one LAS header checked per collection.",1116,1116,"https://portal.opentopography.org/datasetMetadata?otCollectionID=OT.092020.26912.1","https://doi.org/10.5069/G90C4SZ9","https://opentopography.s3.sdsc.edu/pc-bulk/UT18_Dennison/UT18_Dennison_TileIndex.zip","","74fb174b9ca4aaef4061f078bc7db1e65a1ef4b9e78acf3bbcbe04350747a080","7e7e4b4c3c72246072da423408b6bb144e822c764d95572e91b98df6f0d2e399","https://creativecommons.org/licenses/by/4.0/","Dataset use license","Dennison, P., Codding, B. (2020). Monitoring Woodland Ecosystems, Utah 2018. National Center (NCALM). Distributed by OpenTopography. https://doi.org/10.5069/G90C4SZ9 Dataset acknowledgement: Lidar data acquisition and processing completed by the National Center for Airborne Laser Mapping (NCALM). NCALM funding provided by NSF's Division of Earth Sciences, Instrumentation and Facilities Program. EAR-1830734.","2026-09-20","2018-06-02","2018-06-03"
"MX14_Hinojosa","Salsipuedes-Punta Morro, Baja California, Mexico 2014","Airborne Lidar","ready","All indexed file URLs matched positive-sized public objects; one LAS header checked per collection.",3,3,"https://portal.opentopography.org/datasetMetadata?otCollectionID=OT.082020.26911.1","https://doi.org/10.5069/G9FQ9TSV","https://opentopography.s3.sdsc.edu/pc-bulk/MX14_Hinojosa/MX14_Hinojosa_TileIndex.zip","","1267e67fb4763541d1d31d7ce68de8442df93eaa8161e0cb40f55fe7b4f4d667","2f87e52e6f00686adbff59978d6a9f77ca3910f150cf65478be0285740707259","https://creativecommons.org/licenses/by/4.0/","Dataset use license","Hinojosa-Corona, A., Fernandez-Diaz, J.C. (2014). Salsipuedes Bay, northern Baja California, Mexico airborne lidar. National Center for Airborne Laser Mapping (NCALM), distributed by OpenTopography.  https://doi.org/10.5069/G9FQ9TSV Dataset acknowledgement: Funding for this project provided by CONACYT grant 133042. Lidar data acquisition and processing completed by the National Center for Airborne Laser Mapping (NCALM). Red Geodesica del Noroeste de Mexico (REGNOM) provided GPS data from base stations to aid in processing the Lidar data. To pilot Butch Miller for special maneuvers avoiding persistent clouds and Darren Hauser technical<U+0092>s support","2026-09-20","2014-07-02","2014-07-03"
"TX18_Guneralp","Post Hurricane Harvey Mapping of the Mission River, Texas 2018","Airborne Lidar","ready","All indexed file URLs matched positive-sized public objects; one LAS header checked per collection.",87,87,"https://portal.opentopography.org/datasetMetadata?otCollectionID=OT.082020.6343.1","https://doi.org/10.5069/G9MG7MPD","https://opentopography.s3.sdsc.edu/pc-bulk/TX18_Guneralp/TX18_Guneralp_TileIndex.zip","","442111fff4fe6ffba5ed287ce19b421e41ee9d1ed0412c163d8a10bf36b4c253","172ac4334e692b3ffc23969eb92dcff588a56d195e7e9e04b95cd94e8e2a84dc","https://creativecommons.org/licenses/by/4.0/","Dataset use license","Guneralp, I. (2020). Post Hurricane Harvey Mapping of the Mission River, Texas 2018.. National Center for Airborne Laser Mapping (NCALM). Distributed by OpenTopography. https://doi.org/10.5069/G9MG7MPD. Dataset acknowledgement: Lidar data acquisition and processing completed by the National Center for Airborne Laser Mapping (NCALM). NCALM funding provided by NSF's Division of Earth Sciences, Instrumentation and Facilities Program. EAR-1830734.","2026-09-20","2018-03-08","2018-03-09"
"ID19_Mitchell","Measuring Variations in Bedrock Cliff Morphologies, Idaho 2019","Airborne Lidar","ready","All indexed file URLs matched positive-sized public objects; one LAS header checked per collection.",78,78,"https://portal.opentopography.org/datasetMetadata?otCollectionID=OT.082020.6341.1","https://doi.org/10.5069/G9GQ6VZP","https://opentopography.s3.sdsc.edu/pc-bulk/ID19_Mitchell/ID19_Mitchell_TileIndex.zip","","a8481976638dad77a9d899204c4717f6bdb25e96484f59b856064dca13c7fe31","aadbe64c6e22b0b78ed2dd9fb75166d2a73b4c58cef95ea40c6fbef49a34d6c4","https://creativecommons.org/licenses/by/4.0/","Dataset use license","Mitchell, N. (2020). Measuring Variations in Bedrock Cliff Morphologies, Idaho 2019. National Center for Airborne Laser Mapping (NCALM). Distributed by OpenTopography. https://doi.org/10.5069/G9GQ6VZP. Dataset acknowledgement: Lidar data acquisition and processing completed by the National Center for Airborne Laser Mapping (NCALM). NCALM funding provided by NSF's Division of Earth Sciences, Instrumentation and Facilities Program. EAR-1830734.","2026-09-20","2019-09-23","2019-09-24"
"CA19_Bunds","High Resolution SFM Topography of the Central San Andreas Fault, California","Structure from Motion / Photogrammetry","out_of_scope","Outside airborne-LiDAR scope: Structure from Motion / Photogrammetry",19,19,"https://portal.opentopography.org/datasetMetadata?otCollectionID=OT.082020.32610.1","https://doi.org/10.5069/G91N7Z92","https://opentopography.s3.sdsc.edu/pc-bulk/CA19_Bunds/CA19_Bunds_TileIndex.zip","","6f52ce33af1c2ff00fdc234e5f067dcf74fa0b1add2796bc470ea5690ad6aa59","e83e1294c89db66d4ca2b4a2b2c7deb8b14a9f1d43da439a0c58341edbd68dbb","https://creativecommons.org/licenses/by/4.0/","Dataset use license","Bunds, M.P., Scott, C., Tok<U+00E9>, N.A., Saldivar, J., Woolstenhulme, L., Phillips, J., Keck, M., Smith, S., and Ranney, M., 2020, High Resolution Topography of the Central San Andreas Fault at Dry Lake Valley, California, USA, distributed by OpenTopography. DOI: https://doi.org/10.5069/G91N7Z92 Dataset acknowledgement: N/A - Acknowledgement Guidance","2026-09-20","2019-10-27","2019-10-28"
"NZ18_AmuriCant","Canterbury, New Zealand 2018-2019","Airborne Lidar","ready","All indexed file URLs matched positive-sized public objects; one LAS header checked per collection.",16382,16382,"https://portal.opentopography.org/datasetMetadata?otCollectionID=OT.082020.2193.1","https://doi.org/10.5069/G92N50FT","https://opentopography.s3.sdsc.edu/pc-bulk/NZ18_AmuriCant/NZ18_AmuriCant_TileIndex.zip","","7c575c349f3d0b7544bc663928f670f28fcb3ac1f71a720e8d75b37e614bda3b","31f03dcd0d4f1acd0a603dd2809c17ddf5899b95c0b3e244cdba9d78faf90bca","https://creativecommons.org/licenses/by/4.0/","Dataset use license","Environment Canterbury Regional Council, LINZ (2020).  Canterbury, New Zealand 2018-2019.  Collected by Aerial Surveys, distributed by OpenTopography and Land Information New Zealand (LINZ).  https://doi.org/10.5069/G92N50FT Dataset acknowledgement: Released under Creative Commons CC BY 4.0 (https://creativecommons.org/licenses/by/4.0/). Attribution Required for Copies: ""Copyright in this work is owned by Environment Canterbury Regional Council"". Attribution Required for Derivative works: ""Copyright in the underlying dataset from which this work has been derived is owned by Environment Canterbury Regional Council"".","2026-09-20","2018-03-14","2019-05-01"
"CA19_Douglas","Meandering Channels in Death Valley, CA 2019","Airborne Lidar","ready","All indexed file URLs matched positive-sized public objects; one LAS header checked per collection.",112,112,"https://portal.opentopography.org/datasetMetadata?otCollectionID=OT.072020.6340.2","https://doi.org/10.5069/G96D5R55","https://opentopography.s3.sdsc.edu/pc-bulk/CA19_Douglas/CA19_Douglas_TileIndex.zip","","780bd8692eba309b8bf0f3ea0a93daa4c4963382fb80fc9ab7ea891cb2072aff","c24da4cc224968680ad44cf0df80165f887c0f10ec793ef31f8d2268748230cc","https://creativecommons.org/licenses/by/4.0/","Dataset use license","Douglas, M. (2020). Meandering Channels in Death Valley, CA 2019. National Center (NCALM). Distributed by OpenTopography. https://doi.org/10.5069/G96D5R55. Dataset acknowledgement: Lidar data acquisition and processing completed by the National Center for Airborne Laser Mapping (NCALM). NCALM funding provided by NSF's Division of Earth Sciences, Instrumentation and Facilities Program. EAR-1830734.","2026-09-20","2019-09-27","2019-09-28"
"NZ16_North","Marsden Point, Northland, New Zealand 2016","Airborne Lidar","ready","All indexed file URLs matched positive-sized public objects; one LAS header checked per collection.",36,36,"https://portal.opentopography.org/datasetMetadata?otCollectionID=OT.072020.2193.5","https://doi.org/10.5069/G9B56GWG","https://opentopography.s3.sdsc.edu/pc-bulk/NZ16_North/NZ16_North_TileIndex.zip","","f561800f38ed8a486e213143ef69bd48b992283e617ddcc3b3b06de01624a8e9","45cb89585a73b2e8e697220bef5cc71773cd1e9a7834e6d79a45d4bdb142bafe","https://creativecommons.org/licenses/by/4.0/","Dataset acknowledgement","LINZ (2020). Marsden Point, Northland, New Zealand 2016. Collected by Aerial Surveys, distributed by OpenTopography and Land Information New Zealand (LINZ). https://doi.org/10.5069/G9B56GWG Dataset acknowledgement: Released under Creative Commons CC By 4.0 (https://creativecommons.org/licenses/by/4.0/). Attribution Required for Copies: ""Copyright in this work is owned by Land Information New Zealand"". Attribution Required for Derivative works: ""Copyright in the underlying dataset from which this work has been derived is owned by Land Information New Zealand"".","2026-09-20","2016-11-09","2016-11-21"
"CA19_Townsend","Post-fire Debris Flows in Santa Monica Mountains, CA 2019","Airborne Lidar","ready","All indexed file URLs matched positive-sized public objects; one LAS header checked per collection.",79,79,"https://portal.opentopography.org/datasetMetadata?otCollectionID=OT.072020.32611.1","https://doi.org/10.5069/G9MK6B2P","https://opentopography.s3.sdsc.edu/pc-bulk/CA19_Townsend/CA19_Townsend_TileIndex.zip","","1d3158a8daf49f56c95cf795eeea8402885dc0ad083d2bbe2ea385013bb9a03d","ebf0311f03ed6517509f209b9db2592210dfb74d2a28d931f6bd540a17c94922","https://creativecommons.org/licenses/by/4.0/","Dataset use license","Townsend, K. (2020). Post-fire Debris Flows in Santa Monica Mountains, CA 2019. National Center for Airborne Laser Mapping (NCALM). Distributed by OpenTopography. https://doi.org/10.5069/G9MK6B2P. Dataset acknowledgement: Lidar data acquisition and processing completed by the National Center for Airborne Laser Mapping (NCALM). NCALM funding provided by NSF's Division of Earth Sciences, Instrumentation and Facilities Program. EAR-1830734.","2026-09-20","2019-09-25","2019-09-26"
"ID19_Bello","High Resolution Topography along the Lost River Valley, Idaho 2019","Structure from Motion / Photogrammetry","out_of_scope","Outside airborne-LiDAR scope: Structure from Motion / Photogrammetry",109,109,"https://portal.opentopography.org/datasetMetadata?otCollectionID=OT.072020.32612.1","https://doi.org/10.5069/G94M92Q1","https://opentopography.s3.sdsc.edu/pc-bulk/ID19_Bello/ID19_Bello_TileIndex.zip","","b7545b571f43139ae9a8fa7d90dc39cac3cba980b697e896dbc964687d7be77a","b5ea668575e26415829b7d100cb90e1346157cd7f5b0e53bc8b54b72725ac5ad","https://creativecommons.org/licenses/by/4.0/","Dataset acknowledgement","Bello, S., Scott, C., Arrowsmith, R., Scott, T. (2020). High Resolution Topography along the Lost River Valley, Idaho 2019. Distributed by OpenTopography. https://doi.org/10.5069/G94M92Q1 Dataset acknowledgement: We acknowledge funding from School of Advanced Studies G. d'Annunzio at ""Gabriele d'Annunzio"" University of Chieti-Pescara (Italy) to the ""Earthquake and Environmental Hazards"" Ph.D. Course, the National Science Foundation Postdoctoral Fellowship 1625221 to Chelsea Scott, the School of Earth & Space Exploration at Arizona State University, and NASA ROSES funding from the Jet Propulsion Laboratory to Arizona State University. Released under Creative Commons CC BY 4.0 (https://creativecommons.org/licenses/by/4.0/)","2026-09-20","2019-04-19","2019-04-28"
"NZ19_Hamilton","Hamilton, Waikato, New Zealand 2019","Airborne Lidar","ready","All indexed file URLs matched positive-sized public objects; one LAS header checked per collection.",1240,1240,"https://portal.opentopography.org/datasetMetadata?otCollectionID=OT.072020.2193.4","https://doi.org/10.5069/G9891410","https://opentopography.s3.sdsc.edu/pc-bulk/NZ19_Hamilton/NZ19_Hamilton_TileIndex.zip","","12b62d0a11825d46349e0c14cb398527fbde69bd863941ad36d25fa32c0f798b","cd73e84ed8e2b09d70732abe7164abaa81dc7920e5ee1e4f36aa4f55573ac0db","https://creativecommons.org/licenses/by/4.0/","Dataset use license","Hamilton City Council, LINZ (2020). Hamilton, Waikato, New Zealand 2019. Collected by Aerial Surveys, distributed by OpenTopography and Land Information New Zealand (LINZ). https://doi.org/10.5069/G9891410 Dataset acknowledgement: Released under Creative Commons CC By 4.0 (https://creativecommons.org/licenses/by/4.0/). Attribution Required for Copies: ""Copyright in this work is owned by Hamilton City Council"". Attribution Required for Derivative works: ""Copyright in the underlying dataset from which this work has been derived is owned by Hamilton City Council"".","2026-09-20","2019-11-03","2019-11-05"
"NZ18_Tasman","Motueka River Valley, Tasman, New Zealand 2018-2019","Airborne Lidar","ready","All indexed file URLs matched positive-sized public objects; one LAS header checked per collection.",1332,1332,"https://portal.opentopography.org/datasetMetadata?otCollectionID=OT.072020.2193.3","https://doi.org/10.5069/G9D21VRX","https://opentopography.s3.sdsc.edu/pc-bulk/NZ18_Tasman/NZ18_Tasman_TileIndex.zip","","187e6103f2d540fda3a5fca290798f02eeec7519846a525e60d513680e6e74db","02ff2cb9f8b3dd820297ff74f9b433ed2905fa668dce967bef698d9d49b4a4cd","https://creativecommons.org/licenses/by/4.0/","Dataset acknowledgement","Tasman District Council, LINZ (2020). Motueka River Valley, Tasman, New Zealand 2018-2019. Collected by Aerial Surveys, distributed by OpenTopography and Land Information New Zealand (LINZ). https://doi.org/10.5069/G9D21VRX Dataset acknowledgement: Released under Creative Commons CC By 4.0 (https://creativecommons.org/licenses/by/4.0/). Attribution Required for Copies: ""Copyright in this work is owned by Tasman District Council"". Attribution Required for Derivative works: ""Copyright in the underlying dataset from which this work has been derived is owned by Tasman District Council"".","2026-09-20","2018-11-15","2019-02-13"
"CA19_Guilinger","Change Detection of Post-fire Runoff Events, CA 2019","Airborne Lidar","ready","All indexed file URLs matched positive-sized public objects; one LAS header checked per collection.",82,82,"https://portal.opentopography.org/datasetMetadata?otCollectionID=OT.072020.6340.1","https://doi.org/10.5069/G9HT2MGB","https://opentopography.s3.sdsc.edu/pc-bulk/CA19_Guilinger/CA19_Guilinger_TileIndex.zip","","c30379862f07af36bb3ce5aa33ba122de7bd7230bb79dc87cb9ed0a0bdb05c14","2a8c55fd27001dc3855e6ce7d514e615911df4502c1ac162e23744ba8c919993","https://creativecommons.org/licenses/by/4.0/","Dataset use license","Guilinger, J.  (2020). Change Detection of Post-fire Runoff Events, CA 2019. National Center for Airborne Laser Mapping (NCALM). Distributed by OpenTopography. https://doi.org/10.5069/G9HT2MGB. Dataset acknowledgement: Lidar data acquisition and processing completed by the National Center for Airborne Laser Mapping (NCALM). NCALM funding provided by NSF's Division of Earth Sciences, Instrumentation and Facilities Program. EAR-1830734.","2026-09-20","2019-09-25","2019-09-26"
"CA19_Reed","Study in Erosion Response: Horse Linto, CA 2019","Airborne Lidar","ready","All indexed file URLs matched positive-sized public objects; one LAS header checked per collection.",303,303,"https://portal.opentopography.org/datasetMetadata?otCollectionID=OT.072020.6339.2","https://doi.org/10.5069/G9NK3C62","https://opentopography.s3.sdsc.edu/pc-bulk/CA19_Reed/CA19_Reed_TileIndex.zip","","4e3331fc9ba50e47c3f3bee4e4debafe5a8215680435d6780f8d1a1dc83bfa63","14f5d8b4c04e0d84bd1d9a5469fe14cc0a56d3827eadfb7e5b2fe3758295991f","https://creativecommons.org/licenses/by/4.0/","Dataset use license","Reed, M. (2020). Study in Erosion Response: Horse Linto, CA 2019. National Center for Airborne Laser Mapping (NCALM). Distributed by OpenTopography. https://doi.org/10.5069/G9NK3C62. Dataset acknowledgement: Lidar data acquisition and processing completed by the National Center for Airborne Laser Mapping (NCALM). NCALM funding provided by NSF's Division of Earth Sciences, Instrumentation and Facilities Program. EAR-1830734.","2026-09-20","2019-09-20","2019-09-21"
"CA19_Herbst","Lassen Volcanic National Park, CA 2019","Airborne Lidar","ready","All indexed file URLs matched positive-sized public objects; one LAS header checked per collection.",261,261,"https://portal.opentopography.org/datasetMetadata?otCollectionID=OT.072020.6339.1","https://doi.org/10.5069/G9SB43XC","https://opentopography.s3.sdsc.edu/pc-bulk/CA19_Herbst/CA19_Herbst_TileIndex.zip","","5da4288e0b05b05801d9745ad79de09da08de69ceb2b030add8c39fa8abadd77","d357926435fb52d3fc9ab916d4c311eaa8b24215d259cefd760363297d9baebd","https://creativecommons.org/licenses/by/4.0/","Dataset use license","Herbst, T. (2020). Lassen Volcanic National Park, CA 2019. National Center for Airborne Laser Mapping (NCALM). Distributed by OpenTopography. https://doi.org/10.5069/G9SB43XC. Dataset acknowledgement: Lidar data acquisition and processing completed by the National Center for Airborne Laser Mapping (NCALM). NCALM funding provided by NSF's Division of Earth Sciences, Instrumentation and Facilities Program. EAR-1830734.","2026-09-20","2019-09-21","2019-09-22"
"UT19_Padilla","Normal Fault Comparisons, Utah 2019","Airborne Lidar","ready","All indexed file URLs matched positive-sized public objects; one LAS header checked per collection.",92,92,"https://portal.opentopography.org/datasetMetadata?otCollectionID=OT.072020.6341.1","https://doi.org/10.5069/G9X34VNQ","https://opentopography.s3.sdsc.edu/pc-bulk/UT19_Padilla/UT19_Padilla_TileIndex.zip","","761a9cf9d0a0b952e11693f0bcb1dc2576f9d1407582f0d9317d5cd2ffa18cbc","633cc24d5b053dd0653c3041b3d69ffb76a6f6c15803a54aae2199fb61a5e730","https://creativecommons.org/licenses/by/4.0/","Dataset use license","Rodriguez Padilla, A.M. (2020). Normal Fault Comparisons, Utah 2019. National Center for Airborne Laser Mapping (NCALM). Distributed by OpenTopography. https://doi.org/10.5069/G9X34VNQ. Dataset acknowledgement: Lidar data acquisition and processing completed by the National Center for Airborne Laser Mapping (NCALM). NCALM funding provided by NSF's Division of Earth Sciences, Instrumentation and Facilities Program. EAR-1830734.","2026-09-20","2019-09-14","2019-09-15"
"NZ16_NAuckland","Auckland North, New Zealand 2016-2018","Airborne Lidar","ready","All indexed file URLs matched positive-sized public objects; one LAS header checked per collection.",13231,13231,"https://portal.opentopography.org/datasetMetadata?otCollectionID=OT.072020.2193.2","https://doi.org/10.5069/G92R3PVR","https://opentopography.s3.sdsc.edu/pc-bulk/NZ16_NAuckland/NZ16_NAuckland_TileIndex.zip","","ef47de15f944092fe940dfef846ec952cb135d0d7b96560a2fd6aa93735978ca","949beb5b168442e3d90f1adc175609c01d9845fca43643c14e6e68a3e543481c","https://creativecommons.org/licenses/by/4.0/","Dataset use license","Auckland Council, Toit&#363; Te Whenua Land Information New Zealand (LINZ) (2020) . Auckland North, New Zealand 2016-2018. Collected by Aerial Surveys, distributed by OpenTopography and LINZ. https://doi.org/10.5069/G92R3PVR Dataset acknowledgement: Released under Creative Commons CC By 4.0 (https://creativecommons.org/licenses/by/4.0/). Attribution Required for Copies: ""Copyright in this work is owned by Auckland Council"". Attribution Required for Derivative works: ""Copyright in the underlying dataset from which this work has been derived is owned by Auckland Council"".","2026-09-20","2016-08-01","2018-08-01"
"NZ20_Balclutha","Balclutha, Otago, New Zealand 2020","Airborne Lidar","ready","All indexed file URLs matched positive-sized public objects; one LAS header checked per collection.",1283,1283,"https://portal.opentopography.org/datasetMetadata?otCollectionID=OT.072020.2193.1","https://doi.org/10.5069/G9C827G1","https://opentopography.s3.sdsc.edu/pc-bulk/NZ20_Balclutha/NZ20_Balclutha_TileIndex.zip","","db4fb2b90b5a2363996efea34dab14dc43e4bb161cab2bacb13adcce5afc822c","5d2e3537c6db41df081c540eec73c1d028923d4206c391bdde739761bf137819","https://creativecommons.org/licenses/by/4.0/","Dataset use license","Otago Regional Council, LINZ (2020). Balclutha, Otago, New Zealand 2020. Collected by Landpro, distributed by OpenTopography and Land Information New Zealand (LINZ). https://doi.org/10.5069/G9C827G1 Dataset acknowledgement: Released under Creative Commons CC By 4.0 (https://creativecommons.org/licenses/by/4.0/). Attribution Required for Copies: ""Copyright in this work is owned by Otago Regional Council"". Attribution Required for Derivative works: ""Copyright in the underlying dataset from which this work has been derived is owned by Otago Regional Council"".","2026-09-20","2020-01-16","2020-01-18"
"NZ18_BoP","Bay of Plenty, New Zealand 2018-2019","Airborne Lidar","ready","All indexed file URLs matched positive-sized public objects; one LAS header checked per collection.",2280,2280,"https://portal.opentopography.org/datasetMetadata?otCollectionID=OT.062020.2193.1","https://doi.org/10.5069/G9J101B4","https://opentopography.s3.sdsc.edu/pc-bulk/NZ18_BoP/NZ18_BoP_TileIndex.zip","","9274b6b5ad8d009453346e172301769a9649b6078f1d3c749b5064a5b5282ad1","ddeda855994d9d7647f844085e75ef0ee7d6189074c37944d30ccbf58911edb6","https://creativecommons.org/licenses/by/4.0/","Dataset use license","BOPLASS Limited, LINZ (2020). Bay of Plenty, New Zealand 2018-2019. Collected by AAM New Zealand Limited, distributed by OpenTopography and Land Information New Zealand (LINZ). https://doi.org/10.5069/G9J101B4 Dataset acknowledgement: Released under Creative Commons CC By 4.0 (https://creativecommons.org/licenses/by/4.0/). Attribution Required for Copies: ""Copyright in this work is owned by BOPLASS Limited"". Attribution Required for Derivative works: ""Copyright in the underlying dataset from which this work has been derived is owned by BOPLASS Limited"".","2026-09-20","2018-12-01","2019-04-30"
"CA19_Scott","Topography of Normal Faults in the Volcanic Tablelands, CA 2019","Structure from Motion / Photogrammetry","out_of_scope","Outside airborne-LiDAR scope: Structure from Motion / Photogrammetry",45,45,"https://portal.opentopography.org/datasetMetadata?otCollectionID=OT.062020.26911.1","https://doi.org/10.5069/G97S7KXT","https://opentopography.s3.sdsc.edu/pc-bulk/CA19_Scott/CA19_Scott_TileIndex.zip","","84bbe2ee07b915faab75383d98bd453036b7d517fa14544f7658dd14454efb91","b0deda247373d0d65843ccc7d7f7f04f166412e835d12cfab17d61570e2003a6","https://opentopography.org/usageterms","OpenTopography Data and Content terms; no dataset-specific license supplied","Scott, C., Scott, T., Arrowsmith, R., Brigham, C., Bello, S., Xu, J., Ferrarini, F. Milliner, C., Donnellan, A. (2020). Topography of Normal Faults in the Volcanic Tablelands, CA 2019. Distributed by OpenTopography. https://doi.org/10.5069/G97S7KXT. Dataset acknowledgement: We acknowledge funding from National Science Foundation Postdoctoral Grant 1625221 to CS, Southern California Earthquake Center, the School of Earth & Space Exploration at Arizona State University, and NASA ROSES funding from the Jet Propulsion Laboratory to Arizona State University. CB was funded by a NSF graduate research fellowship and a University of Washington research award from the Anthony Qamar Endowed Memorial Fund. FF was funded by the European Union's Horizon 2020 Research and Innovation Programme (COLOSSEO project) under the Grant Agreement #795396. Part of this research was carried out at the Jet Propulsion Laboratory, California Institute of Technology under contract with NASA from the Earth Surface and Interior Program. Funding for this project was provided under a NASA Postdoctoral Program fellowship to C.M. administered by the Universities Space and Research Association through a contract with NASA. We thank Dione Perkins at the Bureau of Land Management in the Bishop Office for helping us to gain access to the Volcanic Tablelands to complete our data collection.","2026-09-20","2019-04-11","2019-04-13"
"CA15_Dibiase","Southern California Bedrock Landscapes 2015 Airborne Lidar","Airborne Lidar","ready","All indexed file URLs matched positive-sized public objects; one LAS header checked per collection.",342,342,"https://portal.opentopography.org/datasetMetadata?otCollectionID=OT.062020.6340.1","https://doi.org/10.5069/G9J38QPM","https://opentopography.s3.sdsc.edu/pc-bulk/CA15_Dibiase/CA15_Dibiase_TileIndex.zip","","91541db00c79ef367d9624d43fee6eb64897b155eebea8355ef7943c16781219","492050876e0f04a407b46a6db9d6539c64c2bf0241005a54589a227475f8e9c9","https://creativecommons.org/licenses/by/4.0/","Dataset use license","DiBiase, R.A., and Ferrier, K.L. (2020). Southern California Bedrock Landscapes 2015 Airborne Lidar. National Center for Airborne Laser Mapping (NCALM), distributed by OpenTopography.  https://doi.org/10.5069/G9J38QPM Dataset acknowledgement: Lidar data acquisition and processing completed by the National Center for Airborne Laser Mapping (NCALM). NCALM funding provided by NSF's Division of Earth Sciences, Instrumentation and Facilities Program. EAR-1830734.","2026-09-20","2015-06-18","2015-06-24"
"UT19_Speed","Interpreting Fluvial Processes from Channel-Belt Deposits, Utah 2018","Airborne Lidar","ready","All indexed file URLs matched positive-sized public objects; one LAS header checked per collection.",281,281,"https://portal.opentopography.org/datasetMetadata?otCollectionID=OT.052020.6341.1","https://doi.org/10.5069/G9J964J3","https://opentopography.s3.sdsc.edu/pc-bulk/UT19_Speed/UT19_Speed_TileIndex.zip","","b0529a2f1877e4c54ad44fdeacc966740673c401792f7dd3e2c129655a54c2af","782e0bec39d0b31820489cb5e8f1d374324069c4d66727954fec20968dcae23a","https://creativecommons.org/licenses/by/4.0/","Dataset use license","Speed, C. (2020). Interpreting Fluvial Processes from Channel-Belt Deposits, Utah 2018. National Center for Airborne Laser Mapping (NCALM). Distributed by OpenTopography. https://doi.org/10.5069/G9J964J3. Dataset acknowledgement: Lidar data acquisition and processing completed by the National Center for Airborne Laser Mapping (NCALM). NCALM funding provided by NSF's Division of Earth Sciences, Instrumentation and Facilities Program. EAR-1830734.","2026-09-20","2019-09-14","2019-09-15"
"MX14_ABF","Agua Blanca Fault, Baja California, Mexico.","Airborne Lidar","ready","All indexed file URLs matched positive-sized public objects; one LAS header checked per collection.",146,146,"https://portal.opentopography.org/datasetMetadata?otCollectionID=OT.042020.26911.1","https://doi.org/10.5069/G9VQ30TT","https://opentopography.s3.sdsc.edu/pc-bulk/MX14_ABF/MX14_ABF_TileIndex.zip","","85a93d39afdd0c1b5d774b7925286fb0ac56872e255299763143a8f65e768874","2dac547b5e3d2e67055fd6cf0c042d9bb43f3fb5ec6c266ae8390920d28469cb","https://creativecommons.org/licenses/by/4.0/","Dataset use license","Hinojosa-Corona, A., Gold, P.O., Fletcher, J.M., Behr, W.M., and Romo-Jones J.M. (2014). Agua Blanca Fault, northern Baja California, Mexico airborne lidar. National Center for Airborne Laser Mapping (NCALM), distributed by OpenTopography.  https://doi.org/10.5069/G9VQ30TT Dataset acknowledgement: Funding for this project provided by CONACYT grant 133042. Lidar data acquisition and processing completed by the National Center for Airborne Laser Mapping (NCALM). Red Geodesica del Noroeste de Mexico (REGNOM) provided GPS data from base stations to aid in processing the Lidar data.","2026-09-20","2014-07-02","2014-07-03"
"GabilanMesa","High Resolution Topography over Gabilan Mesa, CA 2003","Airborne Lidar","ready","All indexed file URLs matched positive-sized public objects; one LAS header checked per collection.",15,15,"https://portal.opentopography.org/datasetMetadata?otCollectionID=OT.042020.26910.1","https://doi.org/10.5069/G947481V","https://opentopography.s3.sdsc.edu/pc-bulk/GabilanMesa/GabilanMesa_TileIndex.zip","","e46c3fc80579596d92df2e0b2b6f9d49c6441c8aa2b7d20999c693089339b28a","74608226274c8e57c698eceef6224064451216b4d1d32da036b4ede925f073df","https://creativecommons.org/licenses/by/4.0/","Dataset use license","Dietrich, W. (2020). High Resolution Topography over Gabilan Mesa, CA 2003. National Center for Airborne Laser Mapping (NCALM). Distributed by OpenTopography. https://doi.org/10.5069/G947481V. Dataset acknowledgement: Laser altimetry for Gabilan Mesa was acquired and processed by NCALM (https://ncalm.cive.uh.edu) with support from the National Center for Earth-surface Dynamics (NCED)","2026-09-20","2003-05-26","2003-05-27"
"CA18_Klamath","Topographic Data Set: Klamath River, California 2018","Airborne Lidar","ready","All indexed file URLs matched positive-sized public objects; one LAS header checked per collection.",2261,2261,"https://portal.opentopography.org/datasetMetadata?otCollectionID=OT.042020.6339.1","https://doi.org/10.5069/G9DN436N","https://opentopography.s3.sdsc.edu/pc-bulk/CA18_Klamath/CA18_Klamath_TileIndex.zip","","dc55f0bf5ab35e361280e330da8e6a02a0778df3fba6f5032c7e6ed6f27bed62","cd322b31b52267e2b5d75b550189f7aa6d60642d237972d7b7bce4b0adc1a934","https://opentopography.org/usageterms","OpenTopography Data and Content terms; no dataset-specific license supplied","Yurok Tribe (2020). Topographic Data Set: Klamath River, California 2018. Distributed by OpenTopography. https://doi.org/10.5069/G9DN436N. Dataset acknowledgement: Organizations involved in this project include: United States Geological Survey (USGS) - 3D Elevation Program (3DEP); Hewlett Foundation; Quantum Spatial Inc. (QSI); National Oceanic and Atmospheric Administration (NOAA); Klamath River Renewal Corporation (KRRC); AECOM; GMA Hydrology; US Army Corps of Engineer (USACE) - Engineering Research and Development Center (ERDC), Coastal and Hydraulics Laboratory (CHL); Bureau of Reclamation (BOR); Karuk Tribe; and Yurok Tribe. Data processing services provided by the OpenTopography Facility with support from the National Science Foundation under NSF Award Numbers 1833703, 1833643, and 1833632.","2026-09-20","2018-02-11","2018-10-07"
"CA17_Duvall","High Resolution Topography near Santa Cruz, CA 2017","Airborne Lidar","ready","All indexed file URLs matched positive-sized public objects; one LAS header checked per collection.",54,54,"https://portal.opentopography.org/datasetMetadata?otCollectionID=OT.042020.6339.2","https://doi.org/10.5069/G9FN14B1","https://opentopography.s3.sdsc.edu/pc-bulk/CA17_Duvall/CA17_Duvall_TileIndex.zip","","63449d9972caa9434e235b96e09282fa0caea79a36a3bf9d8c13ff2254a9b72e","0bc6a1b4b84a0b30b1bc79a4fb271363d1e8b70e713eca5635861476ae4a2dcd","https://creativecommons.org/licenses/by/4.0/","Dataset use license","Duvall, A. (2020). High Resolution Topography near Santa Cruz, CA 2017. National Center for Airborne Laser Mapping (NCALM). Distributed by OpenTopography. https://doi.org/10.5069/G9FN14B1. Dataset acknowledgement: Lidar data acquisition and processing completed by the National Center for Airborne Laser Mapping (NCALM). NCALM funding provided by NSF's Division of Earth Sciences, Instrumentation and Facilities Program. EAR-1830734","2026-09-20","2017-10-12","2017-10-14"
"NZ18_PalmN","Palmerston North, Manawatu-Whanganui, New Zealand 2018","Airborne Lidar","ready","All indexed file URLs matched positive-sized public objects; one LAS header checked per collection.",1265,1265,"https://portal.opentopography.org/datasetMetadata?otCollectionID=OT.022020.2193.2","https://doi.org/10.5069/G95B00M0","https://opentopography.s3.sdsc.edu/pc-bulk/NZ18_PalmN/NZ18_PalmN_TileIndex.zip","","291ab0e1f285cabad65a60742ff52a2402baec89374932e7f9d445fbb4e97b76","a38b5e0d8a9b9c8f494de53494592177a4fda59a3b48a1b3da957ceafaf27463","https://creativecommons.org/licenses/by/4.0/","Dataset use license","Palmerston North City Council, LINZ (2020).  Palmerston North, Manawatu-Whanganui, New Zealand 2018.  Collected by AAM New Zealand Limited, distributed by OpenTopography and Land Information New Zealand (LINZ). https://doi.org/10.5069/G95B00M0 Dataset acknowledgement: Released under Creative Commons CC By 4.0 (https://creativecommons.org/licenses/by/4.0/). Attribution Required for Copies: 'Copyright in this work is owned by Palmerston North City Council'. Attribution Required for Derivative works: 'Copyright in the underlying dataset from which this work has been derived is owned by Palmerston North City Council'.","2026-09-20","2018-08-29","2018-09-28"
"NZ18_Canterbury","Christchurch and Ashley River, Canterbury, New Zealand 2018-2019","Airborne Lidar","ready","All indexed file URLs matched positive-sized public objects; one LAS header checked per collection.",1867,1867,"https://portal.opentopography.org/datasetMetadata?otCollectionID=OT.022020.2193.3","https://doi.org/10.5069/G91J97WQ","https://opentopography.s3.sdsc.edu/pc-bulk/NZ18_Canterbury/NZ18_Canterbury_TileIndex.zip","","f0cefb20634c563f11c3d9c88405c49d43e7203a49b9b0d174f12feebd3d9f84","6e9a4438e0b43c397d1f34db6029e8403a3ec02ffdb1899288c492c34def0990","https://creativecommons.org/licenses/by/4.0/","Dataset use license","Environment Canterbury Regional Council, LINZ (2020).  Christchurch and Ashley River, Canterbury, New Zealand 2018-2019.  Collected by Aerial Surveys, distributed by OpenTopography and Land Information New Zealand (LINZ).  https://doi.org/10.5069/G91J97WQ Dataset acknowledgement: Released under Creative Commons CC By 4.0 (https://creativecommons.org/licenses/by/4.0/). Attribution Required for Copies: 'Copyright in this work is owned by Environment Canterbury Regional Council'. Attribution Required for Derivative works: 'Copyright in the underlying dataset from which this work has been derived is owned by Environment Canterbury Regional Council'.","2026-09-20","2018-07-20","2019-03-01"
"NZ15_Huntly","Huntly, Waikato, New Zealand 2015-2019","Airborne Lidar","ready","All indexed file URLs matched positive-sized public objects; one LAS header checked per collection.",1838,1838,"https://portal.opentopography.org/datasetMetadata?otCollectionID=OT.022020.2193.1","https://doi.org/10.5069/G9FT8J6K","https://opentopography.s3.sdsc.edu/pc-bulk/NZ15_Huntly/NZ15_Huntly_TileIndex.zip","","fec401674df8b08144955c98c21ea14dc990d2a6406f6b95b770a91af043c878","5f5c10ede507c4349d4b4760d96302e25032dc70547f5318addfc85ecc59025b","https://creativecommons.org/licenses/by/4.0/","Dataset use license","Waikato Regional Council, LINZ. (2020). Huntly, Waikato, New Zealand 2015-2019. Collected by Aerial Surveys, distributed by OpenTopography and Land Information New Zealand (LINZ). https://doi.org/10.5069/G9FT8J6K Dataset acknowledgement: Released under Creative Commons CC By 4.0 (https://creativecommons.org/licenses/by/4.0/). Attribution Required for Copies: 'Copyright in this work is owned by Waikato Regional Council'. Attribution Required for Derivative works: 'Copyright in the underlying dataset from which this work has been derived is owned by Waikato Regional Council'.","2026-09-20","2015-02-01","2019-01-31"
"CA19_ridge3","2019 Ridgecrest, CA Post-Earthquake Lidar Collection","Airborne Lidar","ready","All indexed file URLs matched positive-sized public objects; one LAS header checked per collection.",910,910,"https://portal.opentopography.org/datasetMetadata?otCollectionID=OT.012020.32611.1","https://doi.org/10.5069/G9W0942Z","https://opentopography.s3.sdsc.edu/pc-bulk/CA19_ridge3/CA19_ridge3_TileIndex.zip","","d1292cf5654de10fbddd6ec3f68b69936b0e37be991fab157ddab426669b040b","f2121bdc7451259b688e55d36e809ac1a1adbe64253f2055590f3c1f6856cc79","https://creativecommons.org/licenses/by/4.0/","Dataset use license","Hudnut, K.W., B. Brooks, K. Scharer, J.L. Hernandez, T.E. Dawson, M.E. Oskin, R. Arrowsmith, C.A. Goulet, K. Blake, M.L. Boggs, S. Bork, C.L. Glennie, J.C. Fernandez-Diaz, A. Singhania, D. Hauser, S. Sorhus (2020). 2019 Ridgecrest, CA Post-Earthquake Lidar Collection. National Center for Airborne Laser Mapping (NCALM). Distributed by OpenTopography.  https://doi.org/10.5069/G9W0942Z. Dataset acknowledgement: Lidar data acquisition and processing completed by the National Center for Airborne Laser Mapping (NCALM). NCALM funding for this project provided by the U.S. Geological Survey and by NSF's Division of Earth Sciences, Instrumentation and Facilities Program (EAR-1339015), and the NSF RAPID program ( EAR-1945754 , EAR-1945781 ).","2026-09-20","2019-07-27","2019-08-02"
"NZ16_SAuckland","Auckland South, New Zealand 2016-2017","Airborne Lidar","ready","All indexed file URLs matched positive-sized public objects; one LAS header checked per collection.",6195,6195,"https://portal.opentopography.org/datasetMetadata?otCollectionID=OT.122019.2193.2","https://doi.org/10.5069/G9KP8095","https://opentopography.s3.sdsc.edu/pc-bulk/NZ16_SAuckland/NZ16_SAuckland_TileIndex.zip","","d2f1efa13c6aed0762730696411475acfe5c8955384f96f6e3dc01d1329338ed","6fd33e2288995c10c7240d76d988412eb655e939abb52fae51fb2cb6e8576002","https://creativecommons.org/licenses/by/4.0/","Dataset use license","Auckland Council, LINZ. (2019). Auckland South, New Zealand 2016-2017.  Collected by AAM New Zealand Limited, distributed by OpenTopography and Land Information New Zealand (LINZ).  https://doi.org/10.5069/G9KP8095. Dataset acknowledgement: Released under Creative Commons CC BY 4.0 (https://creativecommons.org/licenses/by/4.0/). Attribution Required for Copies: ""Copyright in this work is owned by Auckland Council"". Attribution Required for Derivative works: ""Copyright in the underlying dataset from which this work has been derived is owned by Auckland Council"".","2026-09-20","2016-09-09","2017-02-06"
"CA15_CRREL","Lake Isabella Lidar Collection, CA 2015","Airborne Lidar","ready","All indexed file URLs matched positive-sized public objects; one LAS header checked per collection.",286,286,"https://portal.opentopography.org/datasetMetadata?otCollectionID=OT.122019.2229.2","https://doi.org/10.5069/G9SF2TBQ","https://opentopography.s3.sdsc.edu/pc-bulk/CA15_CRREL/CA15_CRREL_TileIndex.zip","","745d4f3ca6e8ba8206e43b0e69a740280b12a7b9667d16efcf4c0b75cb66637c","5adbd710406618c85846d7cafdbdc9209db6274d6267bc24971bcca731505595","https://opentopography.org/usageterms","OpenTopography Data and Content terms; no dataset-specific license supplied","United States Army Corps of Engineers.  (2019).  Lake Isabella Lidar Collection, CA 2015.  CRREL.  Distributed by OpenTopography.  https://doi.org/10.5069/G9SF2TBQ. Dataset acknowledgement: N/A - Acknowledgement Guidance","2026-09-20","2015-08-21","2015-08-22"
"CA08_Amos","Kern Canyon Lidar Collection, CA 2008","Airborne Lidar","ready","All indexed file URLs matched positive-sized public objects; one LAS header checked per collection.",798,798,"https://portal.opentopography.org/datasetMetadata?otCollectionID=OT.122019.2229.1","https://doi.org/10.5069/G9X34VM8","https://opentopography.s3.sdsc.edu/pc-bulk/CA08_Amos/CA08_Amos_TileIndex.zip","","d9eff73e4ca2af36bec62ccf1c798b8837218ec99d8d6fb1fd769d6892998221","d226321a03e30ac2fe4a39c5cd7599bd41d5f36ea29c7ae6467d399df7deba1e","https://opentopography.org/usageterms","OpenTopography Data and Content terms; no dataset-specific license supplied","United States Army Corps of Engineers. (2019).  Kern Canyon Lidar Collection, CA 2008.  Towill, Inc.  Distributed by OpenTopography.  https://doi.org/10.5069/G9X34VM8. Dataset acknowledgement: N/A - Acknowledgement Guidance","2026-09-20","2008-05-01","2009-09-01"
"NZ16_Whangarei","Whangarei Heads, Northland, New Zealand 2016","Airborne Lidar","ready","All indexed file URLs matched positive-sized public objects; one LAS header checked per collection.",259,259,"https://portal.opentopography.org/datasetMetadata?otCollectionID=OT.122019.2193.1","https://doi.org/10.5069/G91V5C3N","https://opentopography.s3.sdsc.edu/pc-bulk/NZ16_Whangarei/NZ16_Whangarei_TileIndex.zip","","c3bf7c4605dff48a05e300ef28e401e7004ef8a1ab6e6ba91230e0a7de4be121","8919a3e39691008bc4851b6a2afd02ab87f44b7c4f2db48f359543d00021c3eb","https://creativecommons.org/licenses/by/4.0/","Dataset use license","LINZ (2019). Whangarei Heads, Northland, New Zealand 2016. Collected by Aerial Surveys, distributed by OpenTopography and Land Information New Zealand (LINZ).  https://doi.org/10.5069/G91V5C3N. Dataset acknowledgement: Released under Creative Commons CC By 4.0 (https://creativecommons.org/licenses/by/4.0/). Attribution Required for Copies: ""Copyright in this work is owned by Land Information New Zealand"". Attribution Required for Derivative works: ""Copyright in the underlying dataset from which this work has been derived is owned by Land Information New Zealand"".","2026-09-20","2016-11-21","2016-11-22"
"NZ17_Waikato","Thames, Waikato, New Zealand 2017-2019","Airborne Lidar","ready","All indexed file URLs matched positive-sized public objects; one LAS header checked per collection.",498,498,"https://portal.opentopography.org/datasetMetadata?otCollectionID=OT.112019.2193.2","https://doi.org/10.5069/G9MS3QWX","https://opentopography.s3.sdsc.edu/pc-bulk/NZ17_Waikato/NZ17_Waikato_TileIndex.zip","","a74eeaa5b4a0543753b4195df0d4e842ed05ec84922c001240f065e46a30ca7d","d825085865f9509c9fce48c98b4ead3bd42882e235b2444af1dcc83b86c947c7","https://creativecommons.org/licenses/by/4.0/","Dataset use license","Waikato Regional Council, LINZ. (2019). Thames, Waikato, New Zealand 2017-2019. Collected by Aerial Surveys, distributed by OpenTopography and Land Information New Zealand (LINZ).  https://doi.org/10.5069/G9MS3QWX. Dataset acknowledgement: Released under Creative Commons CC By 4.0 (https://creativecommons.org/licenses/by/4.0/). Attribution Required for Copies: ""Copyright in this work is owned by Waikato Regional Council"". Attribution Required for Derivative works: ""Copyright in the underlying dataset from which this work has been derived is owned by Waikato Regional Council"".","2026-09-20","2017-02-07","2019-04-02"
"NZ19_Waikato","Reporoa and Upper Piako River, Waikato, New Zealand 2019","Airborne Lidar","ready","All indexed file URLs matched positive-sized public objects; one LAS header checked per collection.",1405,1405,"https://portal.opentopography.org/datasetMetadata?otCollectionID=OT.112019.2193.1","https://doi.org/10.5069/G9SJ1HQK","https://opentopography.s3.sdsc.edu/pc-bulk/NZ19_Waikato/NZ19_Waikato_TileIndex.zip","","9311333dab30835b5df56461e94b132a14cd3f0a04644b8d800a86ec6a869edb","8c427071e316f65fdc7bac2b6934db12de246d3bceb58cccda244509a834bfaf","https://creativecommons.org/licenses/by/4.0/","Dataset use license","LINZ (2019).  Reporoa and Upper Piako River, Waikato, New Zealand 2019.  Collected by Aerial Surveys, distributed by OpenTopography and Land Information New Zealand (LINZ). https://doi.org/10.5069/G9SJ1HQK. Dataset acknowledgement: Released under Creative Commons CC By 4.0 (https://creativecommons.org/licenses/by/4.0/). Attribution Required for Copies:""Copyright in this work is owned by Lincoln Agritech Limited"". Attribution Required for Derivative works: ""Copyright in the underlying dataset from which this work has been derived is owned by Lincoln Agritech Limited"".","2026-09-20","2019-04-16","2019-04-17"
"CA18_Feehan","Paleo-Outburst Floods in the Truckee River Canyon, CA","Airborne Lidar","ready","All indexed file URLs matched positive-sized public objects; one LAS header checked per collection.",155,155,"https://portal.opentopography.org/datasetMetadata?otCollectionID=OT.102019.6339.2","https://doi.org/10.5069/G9X928F9","https://opentopography.s3.sdsc.edu/pc-bulk/CA18_Feehan/CA18_Feehan_TileIndex.zip","","89e6c96534b3521db03bbd629b8c64eeda65b999fadc0f5b45e1c2f03a78b37a","0bcd1946a38f3c74c6c1ca2528cd2444adc12d0cdd1e1c76d7d2604eff4d89d5","https://creativecommons.org/licenses/by/4.0/","Dataset use license","Feehan, S. (2019). Paleo-Outburst Floods in the Truckee River Canyon, CA. National Center for Airborne Laser Mapping (NCALM). Distributed by OpenTopography. https://doi.org/10.5069/G9X928F9. Dataset acknowledgement: Lidar data acquisition and processing completed by the National Center for Airborne Laser Mapping (NCALM). NCALM funding provided by NSF's Division of Earth Sciences, Instrumentation and Facilities Program. EAR-1830734.","2026-09-20","2018-09-22","2018-09-23"
"CA19_Murphy","Alteration of Groundwater Flow due to Slow Landslide Failure, CA","Airborne Lidar","ready","All indexed file URLs matched positive-sized public objects; one LAS header checked per collection.",60,60,"https://portal.opentopography.org/datasetMetadata?otCollectionID=OT.102019.6339.1","https://doi.org/10.5069/G9SQ8XJP","https://opentopography.s3.sdsc.edu/pc-bulk/CA19_Murphy/CA19_Murphy_TileIndex.zip","","ccb82230be5d0ebe5f3ce5071a6377aefac9cbe2e27f5d638524af0ee174babb","61bba23a8b00df0dcf8278967190f20b7322189c8beae0f9244cf1019fdf0f7c","https://creativecommons.org/licenses/by/4.0/","Dataset use license","Murphy, C. (2019). Alteration of Groundwater Flow due to Slow Landslide Failure, CA. National Center for Airborne Laser Mapping (NCALM). Distributed by OpenTopography. https://doi.org/10.5069/G9SQ8XJP. Dataset acknowledgement: Lidar data acquisition and processing completed by the National Center for Airborne Laser Mapping (NCALM). NCALM funding provided by NSF's Division of Earth Sciences, Instrumentation and Facilities Program. EAR-1830734.","2026-09-20","2018-09-21","2018-09-22"
"UT19_Bunds","High Resolution Topography of House Range Fault, Utah","Structure from Motion / Photogrammetry","out_of_scope","Outside airborne-LiDAR scope: Structure from Motion / Photogrammetry",13,13,"https://portal.opentopography.org/datasetMetadata?otCollectionID=OT.102019.6341.1","https://doi.org/10.5069/G9348HH6","https://opentopography.s3.sdsc.edu/pc-bulk/UT19_Bunds/UT19_Bunds_TileIndex.zip","","87324bafa3a7a4d321ba734caf1ea3bc22995e1d020eb632d7bc823c19f6822b","f9027b26393bb5b62e61bb2279baad97f100f4011b73cc1a363639796e69a149","https://opentopography.org/usageterms","OpenTopography Data and Content terms; no dataset-specific license supplied","Bunds, M. (2019). High Resolution Topography of House Range Fault, Utah. Utah Valley University (UVU). Distributed by OpenTopography. https://doi.org/10.5069/G9348HH6. Dataset acknowledgement: Bunds, M.P., Andreini, J., Wells, J., and Stahl, T.A. (2019). High Resolution Topography of a Portion of the House Range Fault and Pleistocene Lake Bonneville Shorelines, Sevier Desert, Utah, USA. Distributed by OpenTopography.","2026-09-20","2016-05-01","2016-05-03"
"CA19_ridgecrest","2019 Ridgecrest, CA: Trona-Argus Area - Post-Earthquake Lidar","Airborne Lidar","ready","All indexed file URLs matched positive-sized public objects; one LAS header checked per collection.",36,36,"https://portal.opentopography.org/datasetMetadata?otCollectionID=OT.102019.32611.1","https://doi.org/10.5069/G97W69C0","https://opentopography.s3.sdsc.edu/pc-bulk/CA19_ridgecrest/CA19_ridgecrest_TileIndex.zip","","6111f89f900684beb6c105ad1cecfe3320fc49eb7ca8b4466cba95e91edc0ac7","05613df514827613155f14769438157edb18782b75e5494b6049a73b68fe7a62","https://creativecommons.org/licenses/by/4.0/","Dataset use license","Hudnut, K.W., B. Brooks, K. Scharer, J.L. Hernandez, T.E. Dawson, M.E. Oskin, R. Arrowsmith, C.A. Goulet, K. Blake, M.L. Boggs, S. Bork, C.L. Glennie, J.C. Fernandez-Diaz, A. Singhania, D. Hauser, S. Sorhus (2020). 2019 Ridgecrest, CA Post-Earthquake Lidar Collection. National Center for Airborne Laser Mapping (NCALM). Distributed by OpenTopography. https://doi.org/10.5069/G9W0942Z. Accessed: 2020-01-31 Dataset acknowledgement: Lidar data acquisition and processing completed by the National Center for Airborne Laser Mapping (NCALM). NCALM funding for this project provided by the U.S. Geological Survey and by NSF's Division of Earth Sciences, Instrumentation and Facilities Program (EAR-1339015), and the NSF RAPID program ( EAR-1945754 , EAR-1945781 ).","2026-09-20","2019-07-27","2019-08-02"
"CA18_Hemes","Ecosystem Structure in Hetereogeneous Restored Wetlands, CA 2018","Airborne Lidar","ready","All indexed file URLs matched positive-sized public objects; one LAS header checked per collection.",101,101,"https://portal.opentopography.org/datasetMetadata?otCollectionID=OT.092019.26910.1","https://doi.org/10.5069/G9ZK5DT3","https://opentopography.s3.sdsc.edu/pc-bulk/CA18_Hemes/CA18_Hemes_TileIndex.zip","","5280673f07af57e71fd74ca55135fe1b75492ed1ea858f7aa210760206f4b005","ebded3a2d0dc51e038c46834a57ede32278aa814167c3801287cc6ce6cc29f6f","https://creativecommons.org/licenses/by/4.0/","Dataset use license","Hemes, K.S. (2019). Ecosystem Structure in Hetereogeneous Restored Wetlands: Sherman Island, CA. National Center for Airborne Laser Mapping (NCALM). Distributed by OpenTopography. https://doi.org/10.5069/G9ZK5DT3. Dataset acknowledgement: Lidar data acquisition and processing completed by the National Center for Airborne Laser Mapping (NCALM). NCALM funding provided by NSF's Division of Earth Sciences, Instrumentation and Facilities Program. EAR-1339015.","2026-09-20","2018-09-20","2018-09-21"
"CA18_Sare","Point Classification for Hazard Applications: Mammoth Lakes, CA","Airborne Lidar","ready","All indexed file URLs matched positive-sized public objects; one LAS header checked per collection.",46,46,"https://portal.opentopography.org/datasetMetadata?otCollectionID=OT.092019.26911.1","https://doi.org/10.5069/G9TT4P3S","https://opentopography.s3.sdsc.edu/pc-bulk/CA18_Sare/CA18_Sare_TileIndex.zip","","1fb36a94d7e0e1262fd3e7b978d70cb4d06acc3c85de799cf55972e2713b428b","722a3d3e13d774fc435ad9612bf26b3ca57a16145b9a8c9bc1836264688552d0","https://creativecommons.org/licenses/by/4.0/","Dataset use license","Sare, R. (2019). Point Classification for Hazard Applications: Mammoth Lakes, CA. National Center for Airborne Laser Mapping (NCALM). Distributed by OpenTopography. https://doi.org/10.5069/G9TT4P3S. Dataset acknowledgement: Lidar data acquisition and processing completed by the National Center for Airborne Laser Mapping (NCALM). NCALM funding provided by NSF's Division of Earth Sciences, Instrumentation and Facilities Program. EAR-1339015.","2026-09-20","2018-09-22","2018-09-23"
"ID18_Struble","Control of steepland landscape morphology in Idaho Batholith","Airborne Lidar","ready","All indexed file URLs matched positive-sized public objects; one LAS header checked per collection.",97,97,"https://portal.opentopography.org/datasetMetadata?otCollectionID=OT.092019.6340.1","https://doi.org/10.5069/G98050QQ","https://opentopography.s3.sdsc.edu/pc-bulk/ID18_Struble/ID18_Struble_TileIndex.zip","","529c9338be5489e5fec4768bc159ef6a894c9638ca191a2488a5535edebd19ed","94b5ab9d7ddb6aefd1fdb7c6493f7557e9702a1023fd8774a8267b33bcc65daf","https://creativecommons.org/licenses/by/4.0/","Dataset use license","Struble, W. (2019). Control of steepland landscape morphology in Idaho Batholith. National Center for Airborne Laser Mapping (NCALM). Distributed by OpenTopography. https://doi.org/10.5069/G98050QQ. Dataset acknowledgement: Lidar data acquisition and processing completed by the National Center for Airborne Laser Mapping (NCALM). NCALM funding provided by NSF's Division of Earth Sciences, Instrumentation and Facilities Program. EAR-1339015.","2026-09-20","2018-09-18","2018-09-19"
"AZ12_USFS","Mapping the Kaibab Plateau, AZ","Airborne Lidar","ready","All indexed file URLs matched positive-sized public objects; one LAS header checked per collection.",1359,1359,"https://portal.opentopography.org/datasetMetadata?otCollectionID=OT.082019.26912.1","https://doi.org/10.5069/G9TX3CH3","https://opentopography.s3.sdsc.edu/pc-bulk/AZ12_USFS/AZ12_USFS_TileIndex.zip","","314ff82f83075e64ecf28bdf2b46d55b6d53567af9fcd204a1f918ef54c55784","622416f51f258372e636df08bd39d06cde9773e2e4678274b73e3d6debfb14a9","https://opentopography.org/usageterms","OpenTopography Data and Content terms; no dataset-specific license supplied","Mapping the Kaibab Plateau, AZ. Distributed by OpenTopography. https://doi.org/10.5069/G9TX3CH3 Dataset acknowledgement: USFS(2019). Mapping the Kaibab Plateau, AZ. Collected by 3Di West.","2026-09-20","2012-08-25","2012-09-15"
"Bund_BoraPk","Lost River Fault Zone Near Borah Peak, Idaho","Structure from Motion / Photogrammetry","out_of_scope","Outside airborne-LiDAR scope: Structure from Motion / Photogrammetry",33,33,"https://portal.opentopography.org/datasetMetadata?otCollectionID=OT.052019.6341.1","https://doi.org/10.5069/G9222RWR","https://opentopography.s3.sdsc.edu/pc-bulk/Bund_BoraPk/Bund_BoraPk_TileIndex.zip","","c9b6b7ec8eadb65614c6c9b382c5999107979f2b9aeb9dab06e025247b0da6f8","895b0460ac0fad3f0d2bfb006f7bf1c82967709c7a80ad91b3961ac41bc7aafe","https://opentopography.org/usageterms","OpenTopography Data and Content terms; no dataset-specific license supplied","Lost River Fault Zone Near Borah Peak, Idaho. Distributed by OpenTopography. https://doi.org/10.5069/G9222RWR Dataset acknowledgement: Bunds, M.P., DuRoss, C.B., Gold, R.D., Reitman, N.G., Toke, N.A., Briggs, R.W., Personius, S.F., Johnson, K., Lajoie, L., Ungerman, B., Matheson, E., Andreini, J., Larsen, K., 2019, High Resolution Topography of the Northern 16 km of the M6.9 1983 Borah Peak Earthquake Surface Rupture on the Lost River Fault Zone, Idaho, USA. Distributed by OpenTopography.","2026-09-20","2015-05-01","2016-05-01"
"CA17_Dietrich","High Resolution Mapping of Antelope Valley Ranch, CA.","Airborne Lidar","ready","All indexed file URLs matched positive-sized public objects; one LAS header checked per collection.",41,41,"https://portal.opentopography.org/datasetMetadata?otCollectionID=OT.072019.6339.2","https://doi.org/10.5069/G9QC01MQ","https://opentopography.s3.sdsc.edu/pc-bulk/CA17_Dietrich/CA17_Dietrich_TileIndex.zip","","98f4e5102a49cc531feb122d5aa72c9cd5cd18b4ac526366aa8c1c41a0a158be","188a54bc0cd161c08a95679fda093bb9c2e6cc0f7612bd3b2105d76bb54d85c9","https://creativecommons.org/licenses/by/4.0/","Dataset use license","Dietrich, W. (2019). High Resolution Mapping of Antelope Valley Ranch, CA.  National Center for Airborne Laser Mapping (NCALM). Distributed by OpenTopography.  https://doi.org/10.5069/G9QC01MQ. Dataset acknowledgement: Lidar data acquisition and processing completed by the National Center for Airborne Laser Mapping (NCALM). NCALM funding provided by NSF's Division of Earth Sciences, Instrumentation and Facilities Program. EAR-1339015.","2026-09-20","2017-03-16","2017-03-17"
"NZ18_Marlbo","Marlborough, New Zealand 2018","Airborne Lidar","ready","All indexed file URLs matched positive-sized public objects; one LAS header checked per collection.",2286,2286,"https://portal.opentopography.org/datasetMetadata?otCollectionID=OT.072019.2193.1","https://doi.org/10.5069/G91R6NNG","https://opentopography.s3.sdsc.edu/pc-bulk/NZ18_Marlbo/NZ18_Marlbo_TileIndex.zip","","0b87db0c76ef6d43abc8826f263ee7b2d0f6a1ece70dc4c622da82d2b2958168","91ba272db00666bb332a918e1197699fb5fbb4bf4623643810263c3f0fb6eb84","https://creativecommons.org/licenses/by/4.0/","Dataset use license","Marlborough District Council, LINZ (2019).  Marlborough, New Zealand 2018.  Collected by AAM New Zealand Limited, distributed by OpenTopography and Land Information New Zealand (LINZ). https://doi.org/10.5069/G91R6NNG Dataset acknowledgement: Released under Creative Commons CC BY 4.0 (https://creativecommons.org/licenses/by/4.0/). Attribution Required for Copies: ""Copyright in this work is owned by Marlborough District Council"". Attribution Required for Derivative works: ""Copyright in the underlying dataset from which this work has been derived is owned by Marlborough District Council"".","2026-09-20","2018-05-26","2018-09-12"
"WA18_Wall","High-Resolution Mapping of Goat Rock Volcano, WA","Airborne Lidar","ready","All indexed file URLs matched positive-sized public objects; one LAS header checked per collection.",94,94,"https://portal.opentopography.org/datasetMetadata?otCollectionID=OT.072019.6339.1","https://doi.org/10.5069/G95H7DC6","https://opentopography.s3.sdsc.edu/pc-bulk/WA18_Wall/WA18_Wall_TileIndex.zip","","b6faf3cb5b33bb4369fb250ce46af42258711f0c06d8e4e93f68d858d44ae1a1","f593ad9fab09067ea87d295ba23cfcd56b03e897b74ae73650fb4af23600cd1f","https://creativecommons.org/licenses/by/4.0/","Dataset use license","Wall, K. (2019). High-Resolution Mapping of Goat Rock Volcano, WA.   National Center for Airborne Laser Mapping (NCALM). Distributed by OpenTopography.  https://doi.org/10.5069/G95H7DC6. Dataset acknowledgement: Lidar data acquisition and processing completed by the National Center for Airborne Laser Mapping (NCALM). NCALM funding provided by NSF's Division of Earth Sciences, Instrumentation and Facilities Program. EAR-1339015.","2026-09-20","2018-09-19","2018-09-20"
"NZ15_Manawatu","Manawatu - Whanganui, New Zealand 2015-2016","Airborne Lidar","ready","All indexed file URLs matched positive-sized public objects; one LAS header checked per collection.",7550,7550,"https://portal.opentopography.org/datasetMetadata?otCollectionID=OT.052019.2193.1","https://doi.org/10.5069/G9G44NDD","https://opentopography.s3.sdsc.edu/pc-bulk/NZ15_Manawatu/NZ15_Manawatu_TileIndex.zip","","5fd2fdc01f6ad0bba7f214f40ce6237b59470a2fe9f98e116200b5744c2499ac","ecb582f21faed5cb4bb8a0f9fa43460aa54e150989a9f8a6bf3c230b90759c97","https://creativecommons.org/licenses/by/4.0/","Dataset use license","Horizons Regional Council, LINZ (2019). Manawatu - Whanganui, New Zealand 2015-2016. Collected by Aerial Surveys, distributed by OpenTopography and Land Information New Zealand (LINZ). https://doi.org/10.5069/G9G44NDD Dataset acknowledgement: Released under Creative Commons CC BY 4.0 (https://creativecommons.org/licenses/by/4.0/). Attribution Required for Copies: ""Copyright in this work is owned by Horizons Regional Council"". Attribution Required for Derivative works: ""Copyright in the underlying dataset from which this work has been derived is owned by Horizons Regional Council"".","2026-09-20","2015-12-27","2016-12-17"
"CA16_Krugh","Erosion and sedimentation within the Kern River Canyon, CA","Airborne Lidar","ready","All indexed file URLs matched positive-sized public objects; one LAS header checked per collection.",304,304,"https://portal.opentopography.org/datasetMetadata?otCollectionID=OT.052019.6340.1","https://doi.org/10.5069/G95Q4T79","https://opentopography.s3.sdsc.edu/pc-bulk/CA16_Krugh/CA16_Krugh_TileIndex.zip","","b10623f6aef81ecc77fcc4710f8d85611cbbfb620a617b31660cfc79e264bb2a","e1e9a490d07ef3fe8e91c1ba46aa803911af96ce16f1c0cdcb2d470ceff452ca","https://creativecommons.org/licenses/by/4.0/","Dataset use license","Krugh, W. (2019). Erosion and sedimentation within the Kern River Canyon, CA. National Center for Airborne Laser Mapping (NCALM). Distributed by OpenTopography.  https://doi.org/10.5069/G95Q4T79. Dataset acknowledgement: Lidar data acquisition and processing completed by the National Center for Airborne Laser Mapping (NCALM). NCALM funding provided by NSF's Division of Earth Sciences, Instrumentation and Facilities Program. EAR-1339015.","2026-09-20","2016-10-09","2016-10-10"
"NM18_Neely","Quantifying rock strength controls in Guadalupe Mountains, NM/TX","Airborne Lidar","ready","All indexed file URLs matched positive-sized public objects; one LAS header checked per collection.",87,87,"https://portal.opentopography.org/datasetMetadata?otCollectionID=OT.042019.6342.2","https://doi.org/10.5069/G9BK19G8","https://opentopography.s3.sdsc.edu/pc-bulk/NM18_Neely/NM18_Neely_TileIndex.zip","","20a7f7efed2911e72fc379b2f0f9c2773090a86c78f69b71bcbbfb5300e3ddfe","c195e7040b18aea15c0dee692fa65b0ee5e1243f75281ab8f629c99c0b404d5d","https://creativecommons.org/licenses/by/4.0/","Dataset use license","Neely, A. (2019). Quantifying rock strength controls in Guadalupe Mountains, NM/TX. National Center for Airborne Laser Mapping (NCALM). Distributed by OpenTopography.  https://doi.org/10.5069/G9BK19G8. Dataset acknowledgement: Lidar data acquisition and processing completed by the National Center for Airborne Laser Mapping (NCALM). NCALM funding provided by NSF's Division of Earth Sciences, Instrumentation and Facilities Program. EAR-1339015.","2026-09-20","2018-06-04","2018-06-04"
"NM16_Dorshow","3D Landscape Reconstruction and Land Use Modeling, Chaco Canyon, NM 2016","Airborne Lidar","ready","All indexed file URLs matched positive-sized public objects; one LAS header checked per collection.",624,624,"https://portal.opentopography.org/datasetMetadata?otCollectionID=OT.042019.6342.1","https://doi.org/10.5069/G9XG9P8D","https://opentopography.s3.sdsc.edu/pc-bulk/NM16_Dorshow/NM16_Dorshow_TileIndex.zip","","01161c0a103dc4954cb80b03f57086e0b3061e2935cc98176bfed666b36635eb","291b0e1a0890ba981b5ac181faee82f5a19a72ad7f97e0216e1450cf8a9f41ed","https://creativecommons.org/licenses/by/4.0/","Dataset use license","Dorshow, W. (2019).  3D Landscape Reconstruction and Land Use Modeling, Chaco Canyon, NM 2016. National Center for Airborne Laser Mapping (NCALM). Distributed by OpenTopography.  https://doi.org/10.5069/G9XG9P8D. Dataset acknowledgement: Lidar data acquisition and processing completed by the National Center for Airborne Laser Mapping (NCALM). NCALM funding provided by NSF's Division of Earth Sciences, Instrumentation and Facilities Program. EAR-1339015.","2026-09-20","2016-10-12","2016-10-15"
"NZ16_Canterbury","Canterbury, New Zealand 2016-2017","Airborne Lidar","ready","All indexed file URLs matched positive-sized public objects; one LAS header checked per collection.",2169,2169,"https://portal.opentopography.org/datasetMetadata?otCollectionID=OT.032019.2193.1","https://doi.org/10.5069/G9707ZJH","https://opentopography.s3.sdsc.edu/pc-bulk/NZ16_Canterbury/NZ16_Canterbury_TileIndex.zip","","d6c88258d3c794b9421670811cf19c717374b947c6fb2910e88bb96173d04d06","0c849dac7e816bc82282380d277b732dd42421c8fef88a46fe52ae4d7a3e51af","https://creativecommons.org/licenses/by/4.0/","Dataset use license","LINZ (2019). Canterbury, New Zealand 2016-2017. Collected by AAM New Zealand Limited. Distributed by OpenTopography and Land Information New Zealand (LINZ). https://doi.org/10.5069/G9707ZJH. Dataset acknowledgement: Released under Creative Commons CC BY 4.0 (https://creativecommons.org/licenses/by/4.0/). Attribution Required for Copies: ""Copyright in this work is owned by Environment Canterbury Regional Council"". Attribution Required for Derivative works: ""Copyright in the underlying dataset from which this work has been derived is owned by Environment Canterbury Regional Council"".","2026-09-20","2016-11-01","2017-01-31"
"CA18_Vadman","Mapping of Displacements Near Parkfield, California","Airborne Lidar","ready","All indexed file URLs matched positive-sized public objects; one LAS header checked per collection.",120,120,"https://portal.opentopography.org/datasetMetadata?otCollectionID=OT.032019.32610.1","https://doi.org/10.5069/G9HD7SRR","https://opentopography.s3.sdsc.edu/pc-bulk/CA18_Vadman/CA18_Vadman_TileIndex.zip","","ceaa7defe03ed266328ab3751e8a1effb3d6e38e4caf23cdbd64836c5b2379b6","087903c82e8aa292231d0fd65788b103d6b6ebc77cd0c456087c0066eea9e4af","https://creativecommons.org/licenses/by/4.0/","Dataset use license","Vadman, M. (2019). Mapping of Displacements near Parkfield, California.  National Center for Airborne Laser Mapping (NCALM). Distributed by OpenTopography.  https://doi.org/10.5069/G9HD7SRR. Dataset acknowledgement: Any use of this data should acknowledge lidar data acquisition and processing completed by the National Center for Airborne Laser Mapping (NCALM). NCALM funding provided by NSF's Division of Earth Sciences, Instrumentation and Facilities Program (EAR# 1339015).","2026-09-20","2018-05-31","2018-06-01"
"CA09_Heimsath","Mapping of  San Gabriel Mountains, CA 2009 Fire","Airborne Lidar","ready","All indexed file URLs matched positive-sized public objects; one LAS header checked per collection.",418,418,"https://portal.opentopography.org/datasetMetadata?otCollectionID=OT.012019.26911.1","https://doi.org/10.5069/G94M92N4","https://opentopography.s3.sdsc.edu/pc-bulk/CA09_Heimsath/CA09_Heimsath_TileIndex.zip","","16a2eb36c7ceb0fad0fc8e54b10cc4fda08db7ba7fefb9f23713bd1912cb1616","2a1193fee5ae80358880fc6b02baec257b7c16bb87201902376189ec35d11356","https://creativecommons.org/licenses/by/4.0/","Dataset use license","Heimsath, A., Hudnut, K., Lamb, M., Whipple, K. (2019).  Mapping of San Gabriel Mountains, CA 2009 Fire.  National Center for Airborne Laser Mapping (NCALM), Distributed by OpenTopography. https://doi.org/10.5069/G94M92N4. Dataset acknowledgement: Any use of this data should acknowledge lidar data acquisition and processing completed by the National Center for Airborne Laser Mapping (NCALM). NCALM funding provided by NSF's Division of Earth Sciences, Instrumentation and Facilities Program (EAR# 1830734).","2026-09-20","2009-09-28","2009-10-01"
"UT16_UGS","2015-2017 State of Utah Lidar Acquisition","Airborne Lidar","ready","All indexed file URLs matched positive-sized public objects; one LAS header checked per collection.",12458,12458,"https://portal.opentopography.org/datasetMetadata?otCollectionID=OT.092018.6341.1","https://doi.org/10.5069/G9RV0KSQ","https://opentopography.s3.sdsc.edu/pc-bulk/UT16_UGS/UT16_UGS_TileIndex.zip","","00a7325f66c777e3aae8a2f19cf4c54fde8240d703be842c6d7324a4490fe1b9","123d39e3800def795d3ef073fe0b1e235e3993c3d4c3546f34f9e271fe89a4b7","https://opentopography.org/usageterms","OpenTopography Data and Content terms; no dataset-specific license supplied","State of Utah and Partners, 2019, Regional Utah high-resolution lidar data 2015 - 2017: Collected by Quantum Spatial, Inc., Digital Mapping, Inc., and Aero-Graphics, Inc. and distributed by OpenTopography, https://doi.org/10.5069/G9RV0KSQ. Dataset acknowledgement: The datasets acquired by the State of Utah and its partners are in the public domain and can be freely distributed with proper credit to the State of Utah and its partners. The datasets are presented as received from our acquisition vendors, and do not necessarily conform to State of Utah and its partners technical, editorial, or policy standards; this should be considered by an individual planning to take action based on the contents of the datasets. The State of Utah and its partners makes no warranty, expressed or implied, regarding its suitability for a particular use and shall not be liable under any circumstances for any direct, indirect, special, incidental, or consequential damages with respect to users of this product.","2026-09-20","2015-10-15","2017-10-27"
"NZ16_Otago","Otago, New Zealand 2016","Airborne Lidar","ready","All indexed file URLs matched positive-sized public objects; one LAS header checked per collection.",6420,6420,"https://portal.opentopography.org/datasetMetadata?otCollectionID=OT.012019.2193.2","https://doi.org/10.5069/G9F47M7K","https://opentopography.s3.sdsc.edu/pc-bulk/NZ16_Otago/NZ16_Otago_TileIndex.zip","","6c1abd2df4e735d78d693675adc0676a5ed0921521578b6ff58e65accf3999fe","ee96efbb7d43924c5feabd6a2a5a91b81b9214db6677a7b4b95ec528f5461363","https://creativecommons.org/licenses/by/4.0/","Dataset use license","LINZ (2019). Otago, New Zealand 2016 Airborne Lidar. Collected by Aerial Surveys. Distributed by OpenTopography and Land Information New Zealand(LINZ). https://doi.org/10.5069/G9F47M7K. Dataset acknowledgement: Released under Creative Commons CC BY 4.0 (https://creativecommons.org/licenses/by/4.0/). Attribution Required for Copies: 'Copyright in this work is owned by Otago Regional Council'. Attribution Required for Derivative works: 'Copyright in the underlying dataset from which this work has been derived is owned by Otago Regional Council'.","2026-09-20","2016-03-02","2016-04-10"
"NZ16_Queen","Queenstown, Otago, New Zealand 2016","Airborne Lidar","ready","All indexed file URLs matched positive-sized public objects; one LAS header checked per collection.",1008,1008,"https://portal.opentopography.org/datasetMetadata?otCollectionID=OT.012019.2193.1","https://doi.org/10.5069/G9QJ7FDC","https://opentopography.s3.sdsc.edu/pc-bulk/NZ16_Queen/NZ16_Queen_TileIndex.zip","","9785e79646925c9761970460340e9707e093b27d7f1a452117e3b9c563318b5f","8c2d3a44888552307f9954ee3df6429b394b74ea8c05dd49e3cea358dc9930e2","https://creativecommons.org/licenses/by/4.0/","Dataset use license","LINZ (2019). Queenstown, Otago, New Zealand 2016 Airborne Lidar. Collected by Aerial Surveys, distributed by OpenTopography and Land Information New Zealand (LINZ). https://doi.org/10.5069/G9QJ7FDC. Dataset acknowledgement: Released under Creative Commons CC BY 4.0 (https://creativecommons.org/licenses/by/4.0/). Attribution Required for Copies: 'Copyright in this work is owned by Otago Regional Council'. Attribution Required for Derivative works: 'Copyright in the underlying dataset from which this work has been derived is owned by Otago Regional Council'.","2026-09-20","2016-03-01","2016-04-21"
"NZ15_Mack_Cant","Mackenzie, Canterbury, New Zealand 2015","Airborne Lidar","ready","All indexed file URLs matched positive-sized public objects; one LAS header checked per collection.",2589,2589,"https://portal.opentopography.org/datasetMetadata?otCollectionID=OT.112018.2193.1","https://doi.org/10.5069/G99G5JWQ","https://opentopography.s3.sdsc.edu/pc-bulk/NZ15_Mack_Cant/NZ15_Mack_Cant_TileIndex.zip","","309669e08aec34e2b0267ecec862b7326be80cc87332d024958b451e255e3ad1","634e0a35dc61e6d34a5e1ae5cf3fac50b8a3f22028c68ace5cf2af58d0de9266","https://creativecommons.org/licenses/by/4.0/","Dataset use license","LINZ (2018). Mackenzie District of Canterbury, New Zealand 2015 Airborne Lidar.  Collected by Aerial Surveys, distributed by OpenTopography and Land Information New Zealand (LINZ). https://doi.org/10.5069/G99G5JWQ. Dataset acknowledgement: Released under Creative Commons CC By 4.0 (https://creativecommons.org/licenses/by/4.0/). Attribution Required for Copies: ""Copyright in this work is owned by Land Information New Zealand"". Attribution Required for Derivative works: ""Copyright in the underlying dataset from which this work has been derived is owned by Land Information New Zealand.","2026-09-20","2015-02-10","2015-02-11"
"OR18_Roering","Eagle Creek Fire Area in the Columbia River Gorge, Oregon","Airborne Lidar","ready","All indexed file URLs matched positive-sized public objects; one LAS header checked per collection.",373,373,"https://portal.opentopography.org/datasetMetadata?otCollectionID=OT.112018.26910.1","https://doi.org/10.5069/G9M043H0","https://opentopography.s3.sdsc.edu/pc-bulk/OR18_Roering/OR18_Roering_TileIndex.zip","","3d84943cc36ce284b3adc0e4f4dace93594137b37584f248298ba07871f6a975","69d19ea8364887188fbdd93169930726343a209d65bf3f8bdd6545605ca6d760","https://creativecommons.org/licenses/by/4.0/","Dataset use license","Roering, J. (2018). Eagle Creek Fire Area in the Columbia River Gorge, Oregon.  National Center for Airborne Laser Mapping (NCALM). Distributed by OpenTopography. https://doi.org/10.5069/G9M043H0. Dataset acknowledgement: Any use of this data should acknowledge lidar data acquisition and processing completed by the National Center for Airborne Laser Mapping (NCALM). NCALM funding provided by NSF's Division of Earth Sciences, Instrumentation and Facilities Program (EAR# 1339015).","2026-09-20","2018-05-03","2018-05-06"
"NZ17_GoldenBay","Golden Bay, Tasman, New Zealand 2017","Airborne Lidar","ready","All indexed file URLs matched positive-sized public objects; one LAS header checked per collection.",1153,1153,"https://portal.opentopography.org/datasetMetadata?otCollectionID=OT.072018.2193.2","https://doi.org/10.5069/G9N877WS","https://opentopography.s3.sdsc.edu/pc-bulk/NZ17_GoldenBay/NZ17_GoldenBay_TileIndex.zip","","b12b84f37311ecff1af06a613934a8c8bcaba19a9441f988655d056145f10b83","4d47ea6af231a18fc31d9af088a643c2d91e95b118fde81565173733ab692241","https://creativecommons.org/licenses/by/4.0/","Dataset use license","LINZ (2018). Golden Bay, Tasman, New Zealand 2017. Collected by AAM New Zealand Limited, distributed by OpenTopography and Land Information New Zealand (LINZ). https://doi.org/10.5069/G9N877WS Dataset acknowledgement: Released under Creative Commons CC By 4.0 (https://creativecommons.org/licenses/by/4.0/). Attribution Required for Copies: ""Copyright in this work is owned by Tasman District Council."" Attribution Required for Derivative works: ""Copyright in the underlying dataset from which this work has been derived is owned by Tasman District Council.""","2026-09-20","2017-11-24","2017-12-16"
"NZ15_Rich_Motu","Richmond and Motueka, Tasman, New Zealand 2015","Airborne Lidar","ready","All indexed file URLs matched positive-sized public objects; one LAS header checked per collection.",1087,1087,"https://portal.opentopography.org/datasetMetadata?otCollectionID=OT.082018.2193.2","https://doi.org/10.5069/G92B8W34","https://opentopography.s3.sdsc.edu/pc-bulk/NZ15_Rich_Motu/NZ15_Rich_Motu_TileIndex.zip","","1b255c466568c977a0995f34cf959a3b4bad381139d49899601807a2a3375abc","e9d03aaeacc78d229bf75a5f16d7dff7ac3189703ce24403f5099d89636055e7","https://creativecommons.org/licenses/by/4.0/","Dataset use license","LINZ (2018). Richmond and Motueka, Tasman, New Zealand 2015. Collected by AAM New Zealand Limited, distributed by OpenTopography and Land Information New Zealand (LINZ). https://doi.org/10.5069/G92B8W34 Dataset acknowledgement: Released under Creative Commons CC By 4.0 (https://creativecommons.org/licenses/by/4.0/). Attribution Required for Copies: ""Copyright in this work is owned by Tasman District Council."" Attribution Required for Derivative works: ""Copyright in the underlying dataset from which this work has been derived is owned by Tasman District Council.""","2026-09-20","2015-11-13","2015-11-14"
"NZ16_AbelTas_GB","Abel Tasman and Golden Bay, Tasman, New Zealand 2016","Airborne Lidar","ready","All indexed file URLs matched positive-sized public objects; one LAS header checked per collection.",338,338,"https://portal.opentopography.org/datasetMetadata?otCollectionID=OT.082018.2193.1","https://doi.org/10.5069/G9BR8Q8X","https://opentopography.s3.sdsc.edu/pc-bulk/NZ16_AbelTas_GB/NZ16_AbelTas_GB_TileIndex.zip","","eebe47c0f4b4bfbe0b030d53e219778581a50a6ecbf99658d73f09425008ca03","257ccaf76ca4cee37966084f393c2da2f3ac260d868b6991b640dff82b2d1746","https://creativecommons.org/licenses/by/4.0/","Dataset use license","LINZ (2018). Abel Tasman and Golden Bay, Tasman, New Zealand 2016. Collected by AAM New Zealand Limited, distributed by OpenTopography and Land Information New Zealand (LINZ). https://doi.org/10.5069/G9BR8Q8X Dataset acknowledgement: Released under Creative Commons CC By 4.0 (http://creativecommons.org/licenses/by/4.0/). Attribution Required for Copies: ""Copyright in this work is owned by Tasman District Council."" Attribution Required for Derivative works: ""Copyright in the underlying dataset from which this work has been derived is owned by Tasman District Council.""","2026-09-20","2016-12-13","2016-12-14"
"NZ14_Blenheim","Blenheim, Marlborough, New Zealand 2014","Airborne Lidar","ready","All indexed file URLs matched positive-sized public objects; one LAS header checked per collection.",1420,1420,"https://portal.opentopography.org/datasetMetadata?otCollectionID=OT.072018.2193.1","https://doi.org/10.5069/G9WH2MXG","https://opentopography.s3.sdsc.edu/pc-bulk/NZ14_Blenheim/NZ14_Blenheim_TileIndex.zip","","662dd33db9f5d1913462cab00cb2bbe705fb7e1804bc0b14c1646b53cdd2e50c","078520b816c23735e116ead7fae0d42f90e70819a00ad7d554379adc268c602a","https://creativecommons.org/licenses/by/4.0/","Dataset use license","LINZ (2018). Blenheim, Marlborough, New Zealand 2014. Collected by New Zealand Aerial Mapping Limited, distributed by OpenTopography and Land Information New Zealand (LINZ). https://doi.org/10.5069/G9WH2MXG Dataset acknowledgement: Released under Creative Commons CC By 4.0 (https://creativecommons.org/licenses/by/4.0/). Attribution Required for Copies: ""Copyright in this work is owned by Marlborough District Council."" Attribution Required for Derivative works: ""Copyright in the underlying dataset from which this work has been derived is owned by Marlborough District Council.""","2026-09-20","2014-02-23","2014-05-03"
"ID15_Lohse","Reynolds Creek Critical Zone Observatory 2015 Post-Soda Fire Lidar","Airborne Lidar","ready","All indexed file URLs matched positive-sized public objects; one LAS header checked per collection.",192,192,"https://portal.opentopography.org/datasetMetadata?otCollectionID=OT.072018.6340.1","https://doi.org/10.5069/G9PK0D73","https://opentopography.s3.sdsc.edu/pc-bulk/ID15_Lohse/ID15_Lohse_TileIndex.zip","","f5ce8c83f18a27d9009c14a61eb3c015ff0cb72bb8f3b0bbe1ae1aad65936a32","508f19ea4962575e101ef96920f1d8e27e0b52fcce1c3927951fcdd9eda1aba4","https://creativecommons.org/licenses/by/4.0/","Dataset use license","Lohse, K. (2018): Reynolds Creek Critical Zone Observatory 2015 Post-Soda Fire Lidar airborne lidar survey. National Center for Airborne Laser Mapping (NCALM). Distributed by OpenTopography. https://doi.org/10.5069/G9PK0D73. Dataset acknowledgement: Any use of this data should acknowledge lidar data acquisition and processing completed by the National Center for Airborne Laser Mapping ( NCALM ). NCALM funding provided by NSF's Division of Earth Sciences, Instrumentation and Facilities Program. EAR-1331872.","2026-09-20","2015-10-16","2015-10-21"
"HI18_KilaueaJL","Kilauea Volcano, HI July 2018 Acquisition","Airborne Lidar","ready","All indexed file URLs matched positive-sized public objects; one LAS header checked per collection.",294,294,"https://portal.opentopography.org/datasetMetadata?otCollectionID=OT.072018.6635.1","https://doi.org/10.5069/G9M32SV1","https://opentopography.s3.sdsc.edu/pc-bulk/HI18_KilaueaJL/HI18_KilaueaJL_TileIndex.zip","","e4fc12096ff0ae8f058c4e1b81c6c41776c3e9dea533ee457563684991d3d9a1","e13bde18ada22d85922f63b1883b8981c9c7d79a0b9bbdc457fcf46ed39336d7","https://opentopography.org/usageterms","OpenTopography Data and Content terms; no dataset-specific license supplied","USGS (2018b): Kilauea Volcano, HI July 2018 Acquisition airborne lidar survey. U.S. Geological Survey (USGS) in collaboration with the State of Hawaii, Federal Emergency Management Agency, Cold Regions Research and Engineering Laboratory, and the National Center for Airborne Laser Mapping. Distributed by OpenTopography. https://doi.org/10.5069/G9M32SV1. Dataset acknowledgement: Any use of this data should acknowledge lidar data acquisition completed by NCALM, processing by CRREL, and funding provided by USGS.","2026-09-20","2018-07-08","2018-07-12"
"HI18_Kilauea","Kilauea Volcano, HI June 2018 Acquisition","Airborne Lidar","ready","All indexed file URLs matched positive-sized public objects; one LAS header checked per collection.",206,206,"https://portal.opentopography.org/datasetMetadata?otCollectionID=OT.062018.6635.1","https://doi.org/10.5069/G98K7718","https://opentopography.s3.sdsc.edu/pc-bulk/HI18_Kilauea/HI18_Kilauea_TileIndex.zip","","5a470c37eee3f5eae3208d8b51c1df9ac7309496701775e81d166e6330cf69ff","5f632ab22d565a307bf1dd21271675433232d74ce03c104c8c807b93b0158368","https://opentopography.org/usageterms","OpenTopography Data and Content terms; no dataset-specific license supplied","USGS (2018): Kilauea Volcano, June HI 2018 Acquisition airborne lidar survey. U.S. Geological Survey (USGS) in collaboration with GEO1, Windward Aviation, Quantum Spatial, and Cold Regions Research and Engineering Laboratory. Distributed by OpenTopography. https://doi.org/10.5069/G98K7718. Dataset acknowledgement: Any use of this data should acknowledge lidar data acquisition completed by GEO1 and Windward Aviation, processing by CRREL, and funding provided by USGS.","2026-09-20","2018-06-01","2018-06-15"
"UT17_Jones","Mapping of Diamond Fork River, UT 2017","Airborne Lidar","ready","All indexed file URLs matched positive-sized public objects; one LAS header checked per collection.",164,164,"https://portal.opentopography.org/datasetMetadata?otCollectionID=OT.062018.26912.2","https://doi.org/10.5069/G94T6G9J","https://opentopography.s3.sdsc.edu/pc-bulk/UT17_Jones/UT17_Jones_TileIndex.zip","","600f68bfe91579df07b39716aff142536bf88af2d6f5356c2d850558d5ef5020","e90ff55838e8c57035555da536b9d2c2df72c9f62ba811c859fe2a97712f4f3f","https://creativecommons.org/licenses/by/4.0/","Dataset use license","Jones, J. (2018): Mapping of Diamond Fork River, UT 2017. National Center for Airborne Laser Mapping (NCALM). Distributed by OpenTopography. https://doi.org/10.5069/G94T6G9J. Dataset acknowledgement: Lidar data acquisition and processing completed by the National Center for Airborne Laser Mapping ( NCALM ). NCALM funding provided by NSF's Division of Earth Sciences, Instrumentation and Facilities Program. EAR-1043051.","2026-09-20","2017-10-03","2017-10-06"
"CA17_Gentile","Distribution and Legacy of Large Landslides, San Gabriel Mountains, CA 2017","Airborne Lidar","ready","All indexed file URLs matched positive-sized public objects; one LAS header checked per collection.",89,89,"https://portal.opentopography.org/datasetMetadata?otCollectionID=OT.062018.26911.1","https://doi.org/10.5069/G96T0JK9","https://opentopography.s3.sdsc.edu/pc-bulk/CA17_Gentile/CA17_Gentile_TileIndex.zip","","10a4daa3838f45d719a4d93e49bae1007053559ce50ad5dbc62d249cb09a0a98","32d007623c0483b20aa6bafb2a78086b504280345ff10eda2eedd68204633837","https://creativecommons.org/licenses/by/4.0/","Dataset use license","Gentile, C. (2018): Distribution and Legacy of Large Landslides, San Gabriel Mountains, CA 2017 airborne lidar survey. National Center for Airborne Laser Mapping (NCALM). Distributed by OpenTopography. https://doi.org/10.5069/G96T0JK9. Dataset acknowledgement: Lidar data acquisition and processing completed by the National Center for Airborne Laser Mapping ( NCALM ). NCALM funding provided by NSF's Division of Earth Sciences, Instrumentation and Facilities Program. EAR-1339015.","2026-09-20","2017-10-13","2017-10-13"
"WY17_Garcia","Mapping of Hydrothermal Explosion Craters in Yellowstone N.P., WY 2017","Airborne Lidar","ready","All indexed file URLs matched positive-sized public objects; one LAS header checked per collection.",105,105,"https://portal.opentopography.org/datasetMetadata?otCollectionID=OT.062018.26912.3","https://doi.org/10.5069/G94T6GDW","https://opentopography.s3.sdsc.edu/pc-bulk/WY17_Garcia/WY17_Garcia_TileIndex.zip","","dd7163fa289166e7a680bd6a609921d9b2ed09438c7580475ff10ae1f3c1cf23","63e560f2aa2427ddd784949d2ff0e3afd36ea32572097d4076282bac1d6a25a5","https://creativecommons.org/licenses/by/4.0/","Dataset use license","Garcia, L. (2018): Mapping of Hydrothermal Explosion Craters in Yellowstone N.P., WY 2017. National Center for Airborne Laser Mapping (NCALM). Distributed by OpenTopography. https://doi.org/10.5069/G94T6GDW. Dataset acknowledgement: Lidar data acquisition and processing completed by the National Center for Airborne Laser Mapping ( NCALM ). NCALM funding provided by NSF's Division of Earth Sciences, Instrumentation and Facilities Program. EAR-1339015.","2026-09-20","2017-10-06","2017-10-09"
"AZ17_Donager","Characterizing Forest Structure Changes and Effects on Snowpack, AZ 2017","Airborne Lidar","ready","All indexed file URLs matched positive-sized public objects; one LAS header checked per collection.",133,133,"https://portal.opentopography.org/datasetMetadata?otCollectionID=OT.062018.26912.1","https://doi.org/10.5069/G90Z716B","https://opentopography.s3.sdsc.edu/pc-bulk/AZ17_Donager/AZ17_Donager_TileIndex.zip","","159cc950a97a1859cabff9ee9b4c49d483f2195754a099b1f839a13dd52e9a77","8188bc2a8d538422008d86ede8c11e42acf1a48a509b0da9c2fcb0eef861008e","https://creativecommons.org/licenses/by/4.0/","Dataset use license","Donager, J. (2018): Characterizing Forest Structure Changes and Effects on Snowpack Accumulation & Persistence, AZ 2017. National Center for Airborne Laser Mapping (NCALM). Distributed by OpenTopography. https://doi.org/10.5069/G90Z716B. Dataset acknowledgement: Lidar data acquisition and processing completed by the National Center for Airborne Laser Mapping ( NCALM ). NCALM funding provided by NSF's Division of Earth Sciences, Instrumentation and Facilities Program. EAR-1339015.","2026-09-20","2017-10-16","2017-10-16"
"MX18_Scott","Photogrammetric model of the Tecolote Volcano, Sonora, Mexico","Structure from Motion / Photogrammetry","out_of_scope","Outside airborne-LiDAR scope: Structure from Motion / Photogrammetry",46,46,"https://portal.opentopography.org/datasetMetadata?otCollectionID=OT.052018.32612.1","https://doi.org/10.5069/G9028PFR","https://opentopography.s3.sdsc.edu/pc-bulk/MX18_Scott/MX18_Scott_TileIndex.zip","","166201b36db5f9a2c122c6aae19ca09cdba170b3defc1beb1c951d7ac63aa2b4","52781d2129fc7969da39a9a0ba40a67fe6ffa2c074682ad4184547069d24088f","https://opentopography.org/usageterms","OpenTopography Data and Content terms; no dataset-specific license supplied","Photogrammetric model of the Tecolote Volcano, Sonora, Mexico. Distributed by OpenTopography. https://doi.org/10.5069/G9028PFR Dataset acknowledgement: Scott, C.P., Scott, T., Lao-Davila, D.A., Clarke, A.B., Arrowsmith, J.R., and Lynch, D., (2018): Photogrammetric model of the Tecolote Volcano, Pinacate Volcanic Field, Sonora, Mexico (point cloud [563M points], orthophoto [4 cm/pix], and DEM [8 cm/pix]).","2026-09-20","2018-04-14","2018-04-15"
"JN16_KumapostEQ","Post-Kumamoto Earthquake (16 April 2016) Rupture Lidar Scan","Airborne Lidar","ready","All indexed file URLs matched positive-sized public objects; one LAS header checked per collection.",14,14,"https://portal.opentopography.org/datasetMetadata?otCollectionID=OT.052018.2444.1","https://doi.org/10.5069/G9SX6B9T","https://opentopography.s3.sdsc.edu/pc-bulk/JN16_KumapostEQ/JN16_KumapostEQ_TileIndex.zip","","ed9f3224d90611138833cd74e7c845c9f61229de667f4a47b9ed61fcd3e2523a","dd7fae9da2d9ba17dd39e1eb4f0667d3507b254633e6d7a8133129144eebc096","https://opentopography.org/usageterms","OpenTopography Data and Content terms; no dataset-specific license supplied","Post-Kumamoto Earthquake (16 April 2016) Rupture Lidar Scan. Distributed by OpenTopography. https://doi.org/10.5069/G9SX6B9T Dataset acknowledgement: Chiba, T. (2018): Post-Kumamoto Earthquake (16 April 2016) Rupture Lidar Scan airborne lidar survey. Air Asia Survey Co., Ltd. Distributed by OpenTopography.","2026-09-20","2016-04-23","2016-04-23"
"JN16_KumapreEQ","Pre-Kumamoto Earthquake (16 April 2016) Rupture Lidar Scan","Airborne Lidar","ready","All indexed file URLs matched positive-sized public objects; one LAS header checked per collection.",11,11,"https://portal.opentopography.org/datasetMetadata?otCollectionID=OT.052018.2444.2","https://doi.org/10.5069/G9XP7303","https://opentopography.s3.sdsc.edu/pc-bulk/JN16_KumapreEQ/JN16_KumapreEQ_TileIndex.zip","","d614df19071878d76f154d0ad902a72d55bab750661f749b12437f5253873143","0cb51cc31e73b6a5f1d49c1e889b5f9e1fe95e8d7d30f1adff95e4a265449540","https://opentopography.org/usageterms","OpenTopography Data and Content terms; no dataset-specific license supplied","Pre-Kumamoto Earthquake (16 April 2016) Rupture Lidar Scan. Distributed by OpenTopography. https://doi.org/10.5069/G9XP7303 Dataset acknowledgement: Chiba, T. (2018): Pre-Kumamoto Earthquake (16 April 2016) Rupture Lidar Scan airborne lidar survey. Air Asia Survey Co., Ltd. Distributed by OpenTopography.","2026-09-20","2016-04-15","2016-04-15"
"AU17Strathalbyn","Very High Resolution Airborne Lidar at Strathalbyn in Queensland, Australia","Airborne Lidar","ready","All indexed file URLs matched positive-sized public objects; one LAS header checked per collection.",2,2,"https://portal.opentopography.org/datasetMetadata?otCollectionID=OT.052018.28355.1","https://doi.org/10.5069/G9765CFF","https://opentopography.s3.sdsc.edu/pc-bulk/AU17Strathalbyn/AU17Strathalbyn_TileIndex.zip","","2cd365bad2a2c2618ef1f4c80496461ad7e8d73680b8b230c48aefbd5a1e22c0","018422965feb4a2e10ebd40aecf57e39a7e6732fdd98bd7f956a114fe328fbb1","https://opentopography.org/usageterms","OpenTopography Data and Content terms; no dataset-specific license supplied","NESP (2018): Very High Resolution Airborne Lidar of Erosion Gullies at Strathalbyn in Queensland, Australia. National Environmental Science Program, Australia, and Airborne Research Australia. Distributed by OpenTopography. https://doi.org/10.5069/G9765CFF. Dataset acknowledgement: N/A - Acknowledgement Guidance","2026-09-20","2017-09-05","2017-09-05"
"CA16SolanaBeach","2016 Solana Beach, CA Bluff Characterization Survey","Terrestrial Laser Scanner","out_of_scope","Outside airborne-LiDAR scope: Terrestrial Laser Scanner",63,63,"https://portal.opentopography.org/datasetMetadata?otCollectionID=OT.042018.3500.1","https://doi.org/10.5069/G9HM56JB","https://opentopography.s3.sdsc.edu/pc-bulk/CA16SolanaBeach/CA16SolanaBeach_TileIndex.zip","","09a7ea5ecd096154b83264daf69951105a6ca7abd76c3b3ab14bcd1cf5ff1142","912416b035c7cb38e59491b5901cba78184e6358b53e6af0712f620c223b3da8","https://opentopography.org/usageterms","OpenTopography Data and Content terms; no dataset-specific license supplied","SDRCC (2018): 2016 Solana Beach, CA Bluff Characterization Survey terrestrial laser scanning. San Diego Regional Climate Collaborative, City of Solana Beach, and the National Oceanic and Atmospheric Administration. Distributed by OpenTopography. https://doi.org/10.5069/G9HM56JB. Dataset acknowledgement: Data courtesy of the San Diego Regional Climate Collaborative and City of Solana Beach, collected with support from the National Oceanic and Atmospheric Administration Regional Coastal Resilience Grant Program under NOAA Award Number NA16NOS4730009.","2026-09-20","2017-08-01","2017-09-30"
"NZ10_Wellington","Wellington Fault, NZ 2010","Airborne Lidar","ready","All indexed file URLs matched positive-sized public objects; one LAS header checked per collection.",18,18,"https://portal.opentopography.org/datasetMetadata?otCollectionID=OT.042018.2193.3","https://doi.org/10.5069/G9T43R57","https://opentopography.s3.sdsc.edu/pc-bulk/NZ10_Wellington/NZ10_Wellington_TileIndex.zip","","098009d58591014641831d4749c434c798254696080d84bea1c7489d18a1682f","04199da54aac12987b5452c3707a845af6b750c0462467896ae048c424ecb0bb","https://opentopography.org/usageterms","OpenTopography Data and Content terms; no dataset-specific license supplied","GWRC (2018): Wellington, New Zealand 2013 airborne lidar. Greater Wellington Regional Council and Landcare Research, distributed by OpenTopography and Land Information New Zealand (LINZ). https://doi.org/10.5069/G9T43R57. Dataset acknowledgement: N/A - Acknowledgement Guidance","2026-09-20","2010-09-27","2010-09-27"
"NZ10_HopeFault","Hope Fault, NZ 2010","Airborne Lidar","ready","All indexed file URLs matched positive-sized public objects; one LAS header checked per collection.",81,81,"https://portal.opentopography.org/datasetMetadata?otCollectionID=OT.042018.2193.1","https://doi.org/10.5069/G93J3B2J","https://opentopography.s3.sdsc.edu/pc-bulk/NZ10_HopeFault/NZ10_HopeFault_TileIndex.zip","","c3f63c167af5ef1ae4363752f90274f2379ddaebf55d94a3818586c743c67378","9aaecfec480912c73060024478ccb21e341b27376223a2684fb7330fa24c755e","https://opentopography.org/usageterms","OpenTopography Data and Content terms; no dataset-specific license supplied","ANR (2018): Hope Fault, NZ 2010 Airborne Lidar. Agence Nationale de la Recherche (ANR) and Universite Joseph Fourier. Distributed by OpenTopography. https://doi.org/10.5069/G93J3B2J. Dataset acknowledgement: The use of the data in any publication or work should be acknowledged by referring to ""ANR-09-RISK-003/CENTURISK (PI: I. Manighetti)""","2026-09-20","2010-11-25","2010-11-25"
"CA17_Guns","Slip transfer through the Eastern Transverse Ranges, CA 2017","Airborne Lidar","ready","All indexed file URLs matched positive-sized public objects; one LAS header checked per collection.",87,87,"https://portal.opentopography.org/datasetMetadata?otCollectionID=OT.032018.32611.4","https://doi.org/10.5069/G9D21VP1","https://opentopography.s3.sdsc.edu/pc-bulk/CA17_Guns/CA17_Guns_TileIndex.zip","","0428a3c58a358ae4d8615fe1effa6251e1822821daa471b7c249b3817f556e7a","54f3e756c4c4ab779c035384257d30d667af1ae0dd1f99718cb6c608619bbc6e","https://creativecommons.org/licenses/by/4.0/","Dataset use license","Guns, K.A. (2018): Slip transfer through the Eastern Transverse Ranges, CA 2017 airborne lidar survey. National Center for Airborne Laser Mapping (NCALM). Distributed by OpenTopography. https://doi.org/10.5069/G9D21VP1. Dataset acknowledgement: Any use of this data should acknowledge lidar data acquisition and processing completed by the National Center for Airborne Laser Mapping ( NCALM ). NCALM funding provided by NSF's Division of Earth Sciences, Instrumentation and Facilities Program. EAR-1339015.","2026-09-20","2017-03-18","2017-03-18"
"CA17_Waco","Fault geometry on the Mission Creek-Mill Creek faults, CA 2017","Airborne Lidar","ready","All indexed file URLs matched positive-sized public objects; one LAS header checked per collection.",79,79,"https://portal.opentopography.org/datasetMetadata?otCollectionID=OT.032018.32611.3","https://doi.org/10.5069/G9000055","https://opentopography.s3.sdsc.edu/pc-bulk/CA17_Waco/CA17_Waco_TileIndex.zip","","5635f2bb96a55a622776dc5d9fd5cfbb6c42dd561997cc9fd52adc3dd295ad82","90b308ac90326e9732fced332d9a09e363233cd53829451de23c65307194e37a","https://creativecommons.org/licenses/by/4.0/","Dataset use license","Waco, J. (2017): Fault geometry on the Mission Creek-Mill Creek faults, CA 2017 airborne lidar survey. National Center for Airborne Laser Mapping (NCALM). Distributed by OpenTopography. https://doi.org/10.5069/G9000055 Dataset acknowledgement: Any use of this data should acknowledge lidar data acquisition and processing completed by the National Center for Airborne Laser Mapping ( NCALM ). NCALM funding provided by NSF's Division of Earth Sciences, Instrumentation and Facilities Program. EAR-1339015.","2026-09-20","2017-03-18","2017-03-18"
"CA17_Lin","Topographic stress controls, San Bernardino Mountains, CA 2017","Airborne Lidar","ready","All indexed file URLs matched positive-sized public objects; one LAS header checked per collection.",81,81,"https://portal.opentopography.org/datasetMetadata?otCollectionID=OT.032018.32611.2","https://doi.org/10.5069/G98G8HSS","https://opentopography.s3.sdsc.edu/pc-bulk/CA17_Lin/CA17_Lin_TileIndex.zip","","2ec5327a5ec4fde57867dabbae1f2016a87eb975c83be70a5f0b1bd893f146dc","23c2e0e11047c8f12e1e20a866daa5311c144372988325e654dbf5b159ebcb0f","https://creativecommons.org/licenses/by/4.0/","Dataset use license","Lin, J. (2017): Topographic stress controls, San Bernardino Mountains, CA 2017 airborne lidar survey. National Center for Airborne Laser Mapping (NCALM). Distributed by OpenTopography. https://doi.org/10.5069/G98G8HSS Dataset acknowledgement: Lidar data acquisition and processing completed by the National Center for Airborne Laser Mapping ( NCALM ). NCALM funding provided by NSF's Division of Earth Sciences, Instrumentation and Facilities Program. EAR-1339015.","2026-09-20","2017-03-18","2017-03-18"
"CA05USGSB4","B4 Project - Southern San Andreas and San Jacinto Faults - Classified Lidar","Airborne Lidar","ready","All indexed file URLs matched positive-sized public objects; one LAS header checked per collection.",1044,1044,"https://portal.opentopography.org/datasetMetadata?otCollectionID=OT.032018.32611.1","https://doi.org/10.5066/F7TQ5ZQ6","https://opentopography.s3.sdsc.edu/pc-bulk/CA05USGSB4/CA05USGSB4_TileIndex.zip","","943bd22059b816689fd4a9aa2937ec1cc21ced45c39c99b7964cc6e691e4b797","0537431d6fdda530788ec5bb3a7d3247fffee606303218f042caf8641f072988","https://creativecommons.org/licenses/by/4.0/","Dataset use license","Bevis, M. and Hudnut, K. (2005): B4 Lidar Project: Airborne Laser Swath Mapping (ALSM) survey of the San Andreas Fault (SAF) system of central and southern California, including the Banning segment of the SAF and the San Jacinto fault system. National Center for Airborne Laser Mapping (NCALM), U.S. Geological Survey, the Ohio State University, and the Southern California Integrated GPS Project. Distributed by OpenTopography. https://doi.org/10.5066/F7TQ5ZQ6. Dataset acknowledgement: Any use of this data should acknowledge lidar data acquisition and processing completed by the National Center for Airborne Laser Mapping ( NCALM ). NCALM funding provided by NSF's Division of Earth Sciences, Instrumentation and Facilities Program, EAR-0409045.","2026-09-20","2005-05-18","2005-05-27"
"TX15Passalacqua","Trinity River, Texas 2015","Airborne Lidar","ready","All indexed file URLs matched positive-sized public objects; one LAS header checked per collection.",440,440,"https://portal.opentopography.org/datasetMetadata?otCollectionID=OT.022018.26915.1","https://doi.org/10.5069/G9JW8BX4","https://opentopography.s3.sdsc.edu/pc-bulk/TX15Passalacqua/TX15Passalacqua_TileIndex.zip","","3ec53dbbe22986c8dcb05080d5223ee8a6f37fe3f61a1ef16ae4063e5ea6b143","bb705f3331e1ad2ed35362dd3b2e51bf65c18af7c2f38d5d9385bf3be3ff5bbe","https://creativecommons.org/licenses/by/4.0/","Dataset use license","Passalacqua, P. (2015): Trinity River, Texas 2015 airborne lidar. National Center for Airborne Laser Mapping (NCALM). Distributed by OpenTopography. https://doi.org/10.5069/G9JW8BX4. Dataset acknowledgement: Lidar data acquisition and processing completed by the National Center for Airborne Laser Mapping (NCALM). NCALM funding provided by NSF's Division of Earth Sciences, Instrumentation and Facilities Program. EAR-1339015.","2026-09-20","2015-08-07","2015-08-10"
"Balochistan13","2013 Balochistan earthquake, Pakistan","Structure from Motion / Photogrammetry","out_of_scope","Outside airborne-LiDAR scope: Structure from Motion / Photogrammetry",13,13,"https://portal.opentopography.org/datasetMetadata?otCollectionID=OT.012018.32641.1","https://doi.org/10.5069/G9VD6WJ1","https://opentopography.s3.sdsc.edu/pc-bulk/Balochistan13/Balochistan13_TileIndex.zip","","848b5f13316d5868935872556797708c02bc90823c47218089c47607e68ec3a2","dea3ba0a44cf1782c67da2efc935fea73f5f1f9f6ad7f2dbf5858bb2663fdc1d","https://opentopography.org/usageterms","OpenTopography Data and Content terms; no dataset-specific license supplied","Zhou, Y., J. R. Elliott, B. Parsons, and R. T. Walker (2015), The 2013 Balochistan earthquake: An extraordinary or completely ordinary event?, Geophysical Research Letters, 43(7), 3134-3142. https://doi.org/10.5069/G9VD6WJ1. Dataset acknowledgement: Point cloud constructed from data acquired by Airbus Defence and Space (Pleiades) and funded by the Natural Environment Research Council (NE/K011006/1), UK.","2026-09-20","2014-03-15","2014-04-05"
"TX15_Rapid","Austin, TX, Rapid Response, 2015","Airborne Lidar","ready","All indexed file URLs matched positive-sized public objects; one LAS header checked per collection.",232,232,"https://portal.opentopography.org/datasetMetadata?otCollectionID=OT.072017.26914.1","https://doi.org/10.5069/G9FB5115","https://opentopography.s3.sdsc.edu/pc-bulk/TX15_Rapid/TX15_Rapid_TileIndex.zip","","3422b6c39bc69ce8750351666271c1ab90bf753f93a222d5e03c1fe593f4a318","b15dd6c64a1a12750cf21eb6dcf99c0395fe8be2ef2acaa1ea4bbf837e3855a0","https://creativecommons.org/licenses/by/4.0/","Dataset use license","Passalacqua, P. (2015): Austin, TX, Rapid Response, 2015 airborne lidar survey. National Center for Airborne Laser Mapping (NCALM). Distributed by OpenTopography. https://doi.org/10.5069/G9FB5115. Dataset acknowledgement: Lidar data acquisition and processing completed by the National Center for Airborne Laser Mapping ( NCALM ). NCALM funding provided by NSF's Division of Earth Sciences, Instrumentation and Facilities Program. EAR-1043051.","2026-09-20","2015-06-12","2015-06-13"
"NV15_Wesnousky","Walker Fault System, Nevada, 2015","Airborne Lidar","ready","All indexed file URLs matched positive-sized public objects; one LAS header checked per collection.",3470,3470,"https://portal.opentopography.org/datasetMetadata?otCollectionID=OT.072017.26911.1","https://doi.org/10.5069/G95T3HJ8","https://opentopography.s3.sdsc.edu/pc-bulk/NV15_Wesnousky/NV15_Wesnousky_TileIndex.zip","","0f68c012ac18f32350baf84fccbb1dfcac18f11e275c6da71f3b4aea5eac90c6","63790dd1e8f3852b12f97b0e51c13fe76cf7cc4a3a0460abe609b7c02b088732","https://creativecommons.org/licenses/by/4.0/","Dataset use license","Wesnousky, S.G. (2015): Walker Fault System, Nevada, 2015 airborne lidar survey. National Center for Airborne Laser Mapping (NCALM). Distributed by OpenTopography. https://doi.org/10.5069/G95T3HJ8. Dataset acknowledgement: Lidar data acquisition and processing completed by the National Center for Airborne Laser Mapping ( NCALM ). NCALM funding provided by NSF's Division of Earth Sciences, Instrumentation and Facilities Program. EAR-1043051.","2026-09-20","2015-06-27","2015-07-15"
"UT16_Koch","Straight Cliffs Formation, South-Central Utah, 2016","Airborne Lidar","ready","All indexed file URLs matched positive-sized public objects; one LAS header checked per collection.",109,109,"https://portal.opentopography.org/datasetMetadata?otCollectionID=OT.072017.26912.2","https://doi.org/10.5069/G99K489F","https://opentopography.s3.sdsc.edu/pc-bulk/UT16_Koch/UT16_Koch_TileIndex.zip","","6bf6bd065bbd5f76992565cea0d496778fce215831d5913f8f6a29359a8c4671","1188a16e5694202fdd4a3db7577601df3b6f0ab3747e0f5203ae08d717dc599b","https://creativecommons.org/licenses/by/4.0/","Dataset use license","Koch, A. (2016): Straight Cliffs Formation, South-Central Utah, 2016 airborne lidar survey. National Center for Airborne Laser Mapping (NCALM). Distributed by OpenTopography. https://doi.org/10.5069/G99K489F. Dataset acknowledgement: Lidar data acquisition and processing completed by the National Center for Airborne Laser Mapping ( NCALM ). NCALM funding provided by NSF's Division of Earth Sciences, Instrumentation and Facilities Program. EAR-1043051.","2026-09-20","2016-10-05","2016-10-05"
"OR16_Dassow","Illinois River, OR, Coast Ranges, 2016","Airborne Lidar","ready","All indexed file URLs matched positive-sized public objects; one LAS header checked per collection.",158,158,"https://portal.opentopography.org/datasetMetadata?otCollectionID=OT.072017.26910.1","https://doi.org/10.5069/G9QR4V6K","https://opentopography.s3.sdsc.edu/pc-bulk/OR16_Dassow/OR16_Dassow_TileIndex.zip","","ca260cd4692f71bf04f9f319dd1c85424c3e55624b0b648c3f724e5150325284","3c29c9542a56cf091798d24d2fd56ec2819f3f59ff93d659bc1dbf24b941ede4","https://creativecommons.org/licenses/by/4.0/","Dataset use license","von Dassow W. (2016): Illinois River, OR, Coast Ranges, 2016 airborne lidar survey. National Center for Airborne Laser Mapping (NCALM). Distributed by OpenTopography. https://doi.org/10.5069/G9QR4V6K. Dataset acknowledgement: Lidar data acquisition and processing completed by the National Center for Airborne Laser Mapping ( NCALM ). NCALM funding provided by NSF's Division of Earth Sciences, Instrumentation and Facilities Program. EAR-1043051.","2026-09-20","2016-10-07","2016-10-07"
"UT16_Hayden","San Rafael River, Castle Dale, Utah, 2016","Airborne Lidar","ready","All indexed file URLs matched positive-sized public objects; one LAS header checked per collection.",83,83,"https://portal.opentopography.org/datasetMetadata?otCollectionID=OT.072017.26912.1","https://doi.org/10.5069/G9GB225J","https://opentopography.s3.sdsc.edu/pc-bulk/UT16_Hayden/UT16_Hayden_TileIndex.zip","","25247d8ccea50662562781d81e31cbc2a17320d3357a622a86b1e699115a4913","112aad4306c622796f67b22d100a4e8c010e44f3d54cad06238e2047de0c7431","https://creativecommons.org/licenses/by/4.0/","Dataset use license","Hayden, A.T. (2016): San Rafael River, Castle Dale, Utah, 2016 airborne lidar survey. National Center for Airborne Laser Mapping (NCALM). Distributed by OpenTopography. https://doi.org/10.5069/G9GB225J. Dataset acknowledgement: Lidar data acquisition and processing completed by the National Center for Airborne Laser Mapping ( NCALM ). NCALM funding provided by NSF's Division of Earth Sciences, Instrumentation and Facilities Program. EAR-1043051.","2026-09-20","2016-10-04","2016-10-04"
"CA16_Cochran","San Bernardino Mountains, CA 2016","Airborne Lidar","ready","All indexed file URLs matched positive-sized public objects; one LAS header checked per collection.",214,214,"https://portal.opentopography.org/datasetMetadata?otCollectionID=OT.052017.32611.1","https://doi.org/10.5069/G9SX6B51","https://opentopography.s3.sdsc.edu/pc-bulk/CA16_Cochran/CA16_Cochran_TileIndex.zip","","96dd25f859ed51f919dda77bbaa692e72668dcbde5b4586d8cded0d79ecaa18c","e2a1058c4fa5c09ce33b72c90dd2a707fb08b296f2b9adf5e5e6dafb3068da71","https://creativecommons.org/licenses/by/4.0/","Dataset use license","Cochran, W. (2016): San Bernardino Mountains, CA 2016 airborne lidar survey. National Center for Airborne Laser Mapping (NCALM). Distributed by OpenTopography. https://doi.org/10.5069/G9SX6B51. Dataset acknowledgement: Lidar data acquisition and processing completed by the National Center for Airborne Laser Mapping ( NCALM ). NCALM funding provided by NSF's Division of Earth Sciences, Instrumentation and Facilities Program. EAR-1043051.","2026-09-20","2016-06-03","2016-06-03"
"CA15_Dietrich","Laytonville, CA lidar 2015","Airborne Lidar","ready","All indexed file URLs matched positive-sized public objects; one LAS header checked per collection.",97,97,"https://portal.opentopography.org/datasetMetadata?otCollectionID=OT.062017.26910.1","https://doi.org/10.5069/G9WH2N2P","https://opentopography.s3.sdsc.edu/pc-bulk/CA15_Dietrich/CA15_Dietrich_TileIndex.zip","","ecfb8cbee141f5579bebb8b9ba4efb13d579440f20d0b47f5b2ac9bc053bb1cf","c05b3aa7cf75d1f5256649f9dae6be6006bfa764858df532930734699e664240","https://creativecommons.org/licenses/by/4.0/","Dataset use license","Dietrich, W. (2015): Laytonville, CA lidar 2015 airborne lidar survey. National Center for Airborne Laser Mapping (NCALM), distributed by OpenTopography. https://doi.org/10.5069/G9WH2N2P. Dataset acknowledgement: Lidar data acquisition and processing completed by the National Center for Airborne Laser Mapping ( NCALM ). NCALM funding provided by NSF's Division of Earth Sciences, Instrumentation and Facilities Program. EAR-1043051.","2026-09-20","2015-06-25","2015-06-25"
"MT16_Benjaram","Northern Rockies, Montana lidar 2016","Airborne Lidar","ready","All indexed file URLs matched positive-sized public objects; one LAS header checked per collection.",146,146,"https://portal.opentopography.org/datasetMetadata?otCollectionID=OT.062017.26911.1","https://doi.org/10.5069/G9RR1W9H","https://opentopography.s3.sdsc.edu/pc-bulk/MT16_Benjaram/MT16_Benjaram_TileIndex.zip","","f6420a2e519297ee05cfd6d95b599532b452ba9587af037d44163df48c8e08e2","b31b908ab07977ea19934bc8ded7b7296113ba8b0837ef4a297df1c93b39c9a0","https://creativecommons.org/licenses/by/4.0/","Dataset use license","Benjaram, S.S. (2016): Northern Rockies, Montana lidar 2016 airborne lidar survey. National Center for Airborne Laser Mapping (NCALM). Distributed by OpenTopography. https://doi.org/10.5069/G9RR1W9H. Dataset acknowledgement: Lidar data acquisition and processing completed by the National Center for Airborne Laser Mapping ( NCALM ). NCALM funding provided by NSF's Division of Earth Sciences, Instrumentation and Facilities Program. EAR-1043051.","2026-09-20","2016-09-28","2016-09-28"
"CO15_Lee_191","Slumgullion Landslide, Colorado (July 10, 2015)","Airborne Lidar","ready","All indexed file URLs matched positive-sized public objects; one LAS header checked per collection.",28,28,"https://portal.opentopography.org/datasetMetadata?otCollectionID=OT.062017.26913.1","https://doi.org/10.5069/G91834KD","https://opentopography.s3.sdsc.edu/pc-bulk/CO15_Lee_191/CO15_Lee_191_TileIndex.zip","","778ed0d7159241d7cab5b77093761439d4a4df62625caf2468d7f4294cacc35e","aeb30536bc27719111af8cc06a6a4a544fb37a096aae9988bee1f1cd3bc1e496","https://creativecommons.org/licenses/by/4.0/","Dataset use license","Lee, H. (2015): Slumgullion Landslide, Colorado airborne lidar survey. National Center for Airborne Laser Mapping (NCALM). Distributed by OpenTopography. https://doi.org/10.5069/G91834KD. Dataset acknowledgement: Lidar data acquisition and processing completed by the National Center for Airborne Laser Mapping ( NCALM ). NCALM funding provided by NSF's Division of Earth Sciences, Instrumentation and Facilities Program. EAR-1043051.","2026-09-20","2015-07-10","2015-07-10"
"CO15_Lee_188","Slumgullion Landslide, Colorado (July 7, 2015)","Airborne Lidar","ready","All indexed file URLs matched positive-sized public objects; one LAS header checked per collection.",28,28,"https://portal.opentopography.org/datasetMetadata?otCollectionID=OT.062017.26913.1","https://doi.org/10.5069/G91834KD","https://opentopography.s3.sdsc.edu/pc-bulk/CO15_Lee_188/CO15_Lee_188_TileIndex.zip","","6daae263d7585bdc1d25f8fe58d91a3aec01165c3d0766191ff5dcda0ee4ab04","bcf3be6910f6856fd136c746702c3a0cb443ffc6b2c8bd24350f9611813a30d1","https://creativecommons.org/licenses/by/4.0/","Dataset use license","Lee, H. (2015): Slumgullion Landslide, Colorado airborne lidar survey. National Center for Airborne Laser Mapping (NCALM). Distributed by OpenTopography. https://doi.org/10.5069/G91834KD. Dataset acknowledgement: Lidar data acquisition and processing completed by the National Center for Airborne Laser Mapping ( NCALM ). NCALM funding provided by NSF's Division of Earth Sciences, Instrumentation and Facilities Program. EAR-1043051.","2026-09-20","2015-07-07","2015-07-07"
"CO15_Lee_184","Slumgullion Landslide, Colorado (July 3, 2015)","Airborne Lidar","ready","All indexed file URLs matched positive-sized public objects; one LAS header checked per collection.",25,25,"https://portal.opentopography.org/datasetMetadata?otCollectionID=OT.062017.26913.1","https://doi.org/10.5069/G91834KD","https://opentopography.s3.sdsc.edu/pc-bulk/CO15_Lee_184/CO15_Lee_184_TileIndex.zip","","f08c9f3acdc442b8ac1b592c40c00504e750125f9f30b40ee93cc20eaa2d2ce9","6016f62722f32600c7631e23a0b516a88ef1c7d6c87aab023e044931b0a7ff56","https://creativecommons.org/licenses/by/4.0/","Dataset use license","Lee, H. (2015): Slumgullion Landslide, Colorado airborne lidar survey. National Center for Airborne Laser Mapping (NCALM). Distributed by OpenTopography. https://doi.org/10.5069/G91834KD. Dataset acknowledgement: Lidar data acquisition and processing completed by the National Center for Airborne Laser Mapping ( NCALM ). NCALM funding provided by NSF's Division of Earth Sciences, Instrumentation and Facilities Program. EAR-1043051.","2026-09-20","2015-07-03","2015-07-03"
"Waikato_2015","West Coast and Hauraki Plains, Waikato, New Zealand 2015","Airborne Lidar","ready","All indexed file URLs matched positive-sized public objects; one LAS header checked per collection.",1542,1542,"https://portal.opentopography.org/datasetMetadata?otCollectionID=OT.052017.2193.1","https://doi.org/10.5069/G9P55KFM","https://opentopography.s3.sdsc.edu/pc-bulk/Waikato_2015/Waikato_2015_TileIndex.zip","","f9d1b38c30d24381a5475fe2c4c6a067a71eb575c5d0adedc67681e65a51abb1","7e275b9dd28bc40da0cfec21964ec396e319c175e45065ebac1aa86435c17a09","https://creativecommons.org/licenses/by/3.0/nz/","Dataset acknowledgement","Waikato Regional Council, LINZ (2017). West Coast and Hauraki Plains, Waikato, New Zealand 2015. Distributed by OpenTopography.  https://doi.org/10.5069/G9P55KFM Dataset acknowledgement: Released under Creative Commons By Creative Commons Attribution 3.0 New Zealand Link: http://data.linz.govt.nz/license/attribution-3-0-new-zealand/ Attribution Required for Copies: ""Copyright in this work is owned by Waikato Regional Council "" Attribution Required for Derivative works: ""Copyright in the underlying dataset from which this work has been derived is owned by Waikato Regional Council ""","2026-09-20","2015-01-01","2015-01-01"
"MT16_Ackerman","Powder River, MT 2016","Airborne Lidar","ready","All indexed file URLs matched positive-sized public objects; one LAS header checked per collection.",149,149,"https://portal.opentopography.org/datasetMetadata?otCollectionID=OT.052017.26913.1","https://doi.org/10.5069/G93F4MJG","https://opentopography.s3.sdsc.edu/pc-bulk/MT16_Ackerman/MT16_Ackerman_TileIndex.zip","","30918153e32c8a9081c6cd5ee17fb3f590cb75840931d61ce63f4f4a5f419776","476f02c3978acb483ce7dda1ef970ac730c4dab5a93d72516822c16e0813cb8d","https://creativecommons.org/licenses/by/4.0/","Dataset use license","Ackerman, T. (2016): Powder River, MT 2016 airborne lidar survey. National Center for Airborne Laser Mapping (NCALM). Distributed by OpenTopography. https://doi.org/10.5069/G93F4MJG. Dataset acknowledgement: Lidar data acquisition and processing completed by the National Center for Airborne Laser Mapping ( NCALM ). NCALM funding provided by NSF's Division of Earth Sciences, Instrumentation and Facilities Program. EAR-1043051.","2026-09-20","2016-09-30","2016-09-30"
"Wellington_2013","Wellington, New Zealand 2013-2014","Airborne Lidar","ready","All indexed file URLs matched positive-sized public objects; one LAS header checked per collection.",9402,9402,"https://portal.opentopography.org/datasetMetadata?otCollectionID=OT.042017.2193.2","https://doi.org/10.5069/G9CV4FPT","https://opentopography.s3.sdsc.edu/pc-bulk/Wellington_2013/Wellington_2013_TileIndex.zip","","cb93f67daca9bb227cadf83f48162e1c391050270d6638f48dc8763d96c911eb","c03affd332b8993878b9e8a880e88fb0216e7132b8ab0d778884a9ab4d947de8","https://creativecommons.org/licenses/by/3.0/nz/","Dataset acknowledgement","Wellington, New Zealand 2013-2014. Distributed by OpenTopography. https://doi.org/10.5069/G9CV4FPT Dataset acknowledgement: Released under Creative Commons By Creative Commons Attribution 3.0 New Zealand Link: http://data.linz.govt.nz/license/attribution-3-0-new-zealand/ Attribution Required for Copies: ""Copyright in this work is owned by Greater Wellington Regional Council"" Attribution Required for Derivative works: ""Copyright in the underlying dataset from which this work has been derived is owned by Greater Wellington Regional Council ""","2026-09-20","2013-01-01","2013-01-01"
"CA14_Dietrich_G","Eel River Critical Zone Observatory July 2014 Lidar Survey (1064 nm)","Airborne Lidar","external","Index repeats every file from CA14_Dietrich_A under different collection metadata. Use the source portal to resolve acquisition/channel identity; not advertised as an independent downloadable survey.",83,83,"https://portal.opentopography.org/datasetMetadata?otCollectionID=OT.122016.26910.1","https://doi.org/10.5069/G9MP517V","https://opentopography.s3.sdsc.edu/pc-bulk/CA14_Dietrich_A/CA14_Dietrich_A_TileIndex.zip","","132f3319b3415a4dd0ae3268b8c9d44737a1144789aa209cd35e77e54f44a0fc","1588440e0d5777abfc9dbb7d3154f131b6af46f11fd9f80dde9f0f12469bff92","https://creativecommons.org/licenses/by/4.0/","Dataset use license","Dietrich, G. (2014): Eel River Critical Zone Observatory July 2014 Lidar Survey. National Center for Airborne Laser Mapping (NCALM). Distributed by OpenTopography. https://doi.org/10.5069/G9MP517V. Dataset acknowledgement: Lidar data acquisition and processing completed by the National Center for Airborne Laser Mapping ( NCALM ). NCALM funding provided by NSF's Division of Earth Sciences, Instrumentation and Facilities Program. EAR-1043051.","2026-09-20","2014-07-19","2014-07-27"
"CA14_Dietrich_B","Eel River Critical Zone Observatory July 2014 Lidar Survey (532 nm)","Airborne Lidar","ready","All indexed file URLs matched positive-sized public objects; one LAS header checked per collection.",596,596,"https://portal.opentopography.org/datasetMetadata?otCollectionID=OT.122016.26910.1","https://doi.org/10.5069/G9MP517V","https://opentopography.s3.sdsc.edu/pc-bulk/CA14_Dietrich_B/CA14_Dietrich_B_TileIndex.zip","","7ba5c019fe0278dcc7278c082cf3fec4485b3bab084fa970a484b7cf286c8013","75b758f855b3bc67476e31ecb51e953942264b1d82a3a7ca3ce252fbb7808b75","https://creativecommons.org/licenses/by/4.0/","Dataset use license","Dietrich, G. (2014): Eel River Critical Zone Observatory July 2014 Lidar Survey. National Center for Airborne Laser Mapping (NCALM). Distributed by OpenTopography. https://doi.org/10.5069/G9MP517V. Dataset acknowledgement: Lidar data acquisition and processing completed by the National Center for Airborne Laser Mapping ( NCALM ). NCALM funding provided by NSF's Division of Earth Sciences, Instrumentation and Facilities Program. EAR-1043051.","2026-09-20","2014-07-21","2014-07-27"
"CA14_Dietrich_A","Eel River Critical Zone Observatory July 2014 Lidar Survey (1064 nm/Angelo)","Airborne Lidar","ready","All indexed file URLs matched positive-sized public objects; one LAS header checked per collection.",83,83,"https://portal.opentopography.org/datasetMetadata?otCollectionID=OT.122016.26910.1","https://doi.org/10.5069/G9MP517V","https://opentopography.s3.sdsc.edu/pc-bulk/CA14_Dietrich_A/CA14_Dietrich_A_TileIndex.zip","","132f3319b3415a4dd0ae3268b8c9d44737a1144789aa209cd35e77e54f44a0fc","1588440e0d5777abfc9dbb7d3154f131b6af46f11fd9f80dde9f0f12469bff92","https://creativecommons.org/licenses/by/4.0/","Dataset use license","Dietrich, G. (2014): Eel River Critical Zone Observatory July 2014 Lidar Survey. National Center for Airborne Laser Mapping (NCALM). Distributed by OpenTopography. https://doi.org/10.5069/G9MP517V. Dataset acknowledgement: Lidar data acquisition and processing completed by the National Center for Airborne Laser Mapping ( NCALM ). NCALM funding provided by NSF's Division of Earth Sciences, Instrumentation and Facilities Program. EAR-1043051.","2026-09-20","2014-07-19","2014-07-27"
"Hurunui_2013","Hurunui Rivers, Canterbury, New Zealand 2013","Airborne Lidar","ready","All indexed file URLs matched positive-sized public objects; one LAS header checked per collection.",1823,1823,"https://portal.opentopography.org/datasetMetadata?otCollectionID=OT.042017.2193.1","https://doi.org/10.5069/G9PC3093","https://opentopography.s3.sdsc.edu/pc-bulk/Hurunui_2013/Hurunui_2013_TileIndex.zip","","2e7ce230b294d94a69b16afd9a37492c573f3e3a8a4914ab5bb19bfe1bfd4d14","7579af58d1c826029e3e53e8494fc5a382d1ebd170b469f7844c19430545ac74","https://creativecommons.org/licenses/by/3.0/nz/","Dataset acknowledgement","Hurunui Rivers, Canterbury, New Zealand 2013. Distributed by OpenTopography. https://doi.org/10.5069/G9PC3093 Dataset acknowledgement: Released under Creative Commons By Creative Commons Attribution 3.0 New Zealand Link: http://data.linz.govt.nz/license/attribution-3-0-new-zealand Attribution Required for Copies: ""Copyright in this work is owned by Environment Canterbury Regional Council"" Attribution Required for Derivative works: ""Copyright in the underlying dataset from which this work has been derived is owned by Environment Canterbury Regional Council ""","2026-09-20","2013-05-12","2013-05-30"
"CA16_Martens","Inyo Domes, CA lidar 2016","Airborne Lidar","ready","All indexed file URLs matched positive-sized public objects; one LAS header checked per collection.",76,76,"https://portal.opentopography.org/datasetMetadata?otCollectionID=OT.032017.26911.1","https://doi.org/10.5069/G98913TW","https://opentopography.s3.sdsc.edu/pc-bulk/CA16_Martens/CA16_Martens_TileIndex.zip","","e59d3c12b968481445086f46b09e974394813d824bb525757960fffcbdeed442","8df36f3b04cb711cb6dc5f66a00e8e52497a98a86a9acfefc12c00b8bd52d0ac","https://creativecommons.org/licenses/by/4.0/","Dataset use license","Martens, A. (2014): Inyo Domes, CA lidar 2016 airborne lidar survey. National Center for Airborne Laser Mapping (NCALM), distributed by OpenTopography. https://doi.org/10.5069/G98913TW. Dataset acknowledgement: Lidar data acquisition and processing completed by the National Center for Airborne Laser Mapping ( NCALM ). NCALM funding provided by NSF's Division of Earth Sciences, Instrumentation and Facilities Program. EAR-1043051.","2026-09-20","2016-06-06","2016-06-06"
"CA14_Guo","2014 USFS Tahoe National Forest Lidar","Airborne Lidar","ready","All indexed file URLs matched positive-sized public objects; one LAS header checked per collection.",3563,3563,"https://portal.opentopography.org/datasetMetadata?otCollectionID=OT.032017.26910.2","https://doi.org/10.5069/G9V122Q1","https://opentopography.s3.sdsc.edu/pc-bulk/CA14_Guo/CA14_Guo_TileIndex.zip","","2d7d82e2c6fb3d2a646f23fb148fb51a251e65d8ce557d9624074413c1480e0f","fd6ecc2a74df075e76644adeac76d7bd8a0c370d087955de3739ce7b71533cbd","https://creativecommons.org/licenses/by/4.0/","Dataset use license","2014 USFS Tahoe National Forest Lidar. Distributed by OpenTopography. https://doi.org/10.5069/G9V122Q1 Dataset acknowledgement: USFS Region 5 Remote Sensing Lab (2015, February). Full Waveform Lidar Survey of Tahoe National Forest - acquired Fall of 2013 and Summer of 2014. Acquired by The National Center for Airborne Laser Mapping (NCALM), PI: Qinghua Guo, Ph.D., in agreement with USFS Region 5 Remote Sensing Lab, Tahoe National Forest, and USGS # 13-PA-11051700-028. Disclaimer: This product is produced from information prepared by the USDA, Forest Service, or from other suppliers. The Forest Service cannot assure the reliability or suitability of this information for a particular purpose. The data and product accuracy may vary due to compilation from various sources, including modeling and interpretation, and may not meet National Map Accuracy Standards. For more information contact: Scott Conway, USFS Remote Sensing Lab, sconway@fs.fed.us","2026-09-20","2014-06-10","2014-06-30"
"CA13_Guo","2013 USFS Tahoe National Forest Lidar","Airborne Lidar","ready","All indexed file URLs matched positive-sized public objects; one LAS header checked per collection.",2396,2396,"https://portal.opentopography.org/datasetMetadata?otCollectionID=OT.032017.26910.1","https://doi.org/10.5069/G9ZS2TF2","https://opentopography.s3.sdsc.edu/pc-bulk/CA13_Guo/CA13_Guo_TileIndex.zip","","7a11411b0b2586d8a3b52785cbe6f51545392835b36a306b15086c284d6f091a","4e116e7effd73f20d46614d9fccc9f6afc09f45af80eeb98a6b1e861669f5217","https://creativecommons.org/licenses/by/4.0/","Dataset use license","2013 USFS Tahoe National Forest Lidar. Distributed by OpenTopography. https://doi.org/10.5069/G9ZS2TF2 Dataset acknowledgement: USFS Region 5 Remote Sensing Lab (2015, February). Full Waveform Lidar Survey of Tahoe National Forest - acquired Fall of 2013 and Summer of 2014. Acquired by The National Center for Airborne Laser Mapping (NCALM), PI: Qinghua Guo, Ph.D., in agreement with USFS Region 5 Remote Sensing Lab, Tahoe National Forest, and USGS # 13-PA-11051700-028. Disclaimer: This product is produced from information prepared by the USDA, Forest Service, or from other suppliers. The Forest Service cannot assure the reliability or suitability of this information for a particular purpose. The data and product accuracy may vary due to compilation from various sources, including modeling and interpretation, and may not meet National Map Accuracy Standards. For more information contact: Scott Conway, USFS Remote Sensing Lab, sconway@fs.fed.us","2026-09-20","2013-10-24","2013-11-24"
"Chch_Selwn_2015","Christchurch and Selwyn, Canterbury, New Zealand 2015","Airborne Lidar","ready","All indexed file URLs matched positive-sized public objects; one LAS header checked per collection.",4900,4900,"https://portal.opentopography.org/datasetMetadata?otCollectionID=OT.032017.2193.1","https://doi.org/10.5069/G9JQ0XZV","https://opentopography.s3.sdsc.edu/pc-bulk/Chch_Selwn_2015/Chch_Selwn_2015_TileIndex.zip","","f4730de286df3366e46dd9222b01d02580fa7c80a1a1d384555453ddad2da623","d31d7caf863d6fa03ee83f14916437763af7495afb1ef53ba99aaa2e25345a60","https://creativecommons.org/licenses/by/3.0/nz/","Dataset acknowledgement","Christchurch and Selwyn, Canterbury, New Zealand 2015. Distributed by OpenTopography. https://doi.org/10.5069/G9JQ0XZV Dataset acknowledgement: Released under Creative Commons By Creative Commons Attribution 3.0 New Zealand Link: http://data.linz.govt.nz/license/attribution-3-0-new-zealand/ Attribution Required for Copies: ""Copyright in this work is owned by Environment Canterbury Regional Council "" Attribution Required for Derivative works: ""Copyright in the underlying dataset from which this work has been derived is owned by Environment Canterbury Regional Council ""","2026-09-20","2015-10-05","2015-11-07"
"CA13_Ramirez_SF","Yosemite Rim Fire, Smithsonian Forest lidar 2013","Airborne Lidar","ready","All indexed file URLs matched positive-sized public objects; one LAS header checked per collection.",2,2,"https://portal.opentopography.org/datasetMetadata?otCollectionID=OT.022017.26910.2","https://doi.org/10.5069/G9V69GJ4","https://opentopography.s3.sdsc.edu/pc-bulk/CA13_Ramirez_SF/CA13_Ramirez_SF_TileIndex.zip","","4e2afc412c528c5f9b3559a1d3967c5b052c70eb392996d2653d34c9309318cf","7e21a553381c5bd65452d39b258520292756ffc0d05f228ad14a6d0eadd1663c","https://creativecommons.org/licenses/by/4.0/","Dataset use license","Yosemite Rim Fire, Smithsonian Forest lidar 2013. Distributed by OpenTopography. https://doi.org/10.5069/G9V69GJ4 Dataset acknowledgement: Stavros, E.N., T. Zachary, V. Kane, S. Veraverbeke, R. McGaughey, J. Lutz, C. Ramirez, & D.S. Schimel (2016) Unprecedented remote sensing data over the King and Rim Megafires in the Sierra Nevada Mountains of California. Ecology . Bob McGaughey with the US Forest Service processed point cloud information and ran the data fusion software. Johnathan Kane was responsible for quality control. Acquisition funding was provided by Dr. Van Kane with the University of Washington and Dr. James Lutz with Utah State University. Funding for the acquisition of the Lidar datawas provided by the National Park Service, Fire and Aviation Management Branch, Fuels and Ecology Program (Interagency Agreement F8803100015) and the U.S. Geological Survey Terrestrial, Freshwater, and Marine Ecosystems Program. Any use of trade, product, or <U+FB01>rm names is for descriptive purposes only and does not imply endorsement by the US Government.","2026-09-20","2013-11-06","2013-11-24"
"CA13_Ramirez","Yosemite Rim Fire lidar 2013","Airborne Lidar","ready","All indexed file URLs matched positive-sized public objects; one LAS header checked per collection.",1736,1736,"https://portal.opentopography.org/datasetMetadata?otCollectionID=OT.022017.26910.2","https://doi.org/10.5069/G9V69GJ4","https://opentopography.s3.sdsc.edu/pc-bulk/CA13_Ramirez/CA13_Ramirez_TileIndex.zip","","85aecd5781da87abe2587016b8b38b95d28cff8c1dbbd974bfe730446580dc7c","77857099992e12c2f821608ad59f82d72b812f850aa923f14b2d27b3cd0b072c","https://creativecommons.org/licenses/by/4.0/","Dataset use license","Yosemite Rim Fire lidar 2013. Distributed by OpenTopography. https://doi.org/10.5069/G9V69GJ4 Dataset acknowledgement: Stavros, E.N., T. Zachary, V. Kane, S. Veraverbeke, R. McGaughey, J. Lutz, C. Ramirez, & D.S. Schimel (2016) Unprecedented remote sensing data over the King and Rim Megafires in the Sierra Nevada Mountains of California. Ecology . Bob McGaughey with the US Forest Service processed point cloud information and ran the data fusion software. Johnathan Kane was responsible for quality control. Acquisition funding was provided by Dr. Van Kane with the University of Washington and Dr. James Lutz with Utah State University. Funding for the acquisition of the Lidar datawas provided by the National Park Service, Fire and Aviation Management Branch, Fuels and Ecology Program (Interagency Agreement F8803100015) and the U.S. Geological Survey Terrestrial, Freshwater, and Marine Ecosystems Program. Any use of trade, product, or <U+FB01>rm names is for descriptive purposes only and does not imply endorsement by the US Government.","2026-09-20","2013-11-06","2013-11-24"
"IA14_Kumar_1064","IML Critical Zone Observatory, Clear Creek Aug 2014 Lidar Survey (1064 nm)","Airborne Lidar","external","Index repeats every file from IA14_Kumar_532 under different collection metadata. Use the source portal to resolve acquisition/channel identity; not advertised as an independent downloadable survey.",186,186,"https://portal.opentopography.org/datasetMetadata?otCollectionID=OT.122016.26915.1","https://doi.org/10.5069/G9RF5S0N","https://opentopography.s3.sdsc.edu/pc-bulk/IA14_Kumar_532/IA14_Kumar_532_TileIndex.zip","","0a7806417c84d471dd54a662f718b7e2d3a5264273b49c38a35a0c2c6ea8ef58","20d7770650829ed8a6bf1b6e96af568fb473990165d8537a77e4ac3058e5ead8","https://creativecommons.org/licenses/by/4.0/","Dataset use license","IML Critical Zone Observatory, Clear Creek Aug 2014 Lidar Survey (1064 nm). Distributed by OpenTopography. https://doi.org/10.5069/G9RF5S0N Dataset acknowledgement: Lidar data acquisition and processing completed by the National Center for Airborne Laser Mapping ( NCALM ). NCALM funding provided by NSF's Division of Earth Sciences, Instrumentation and Facilities Program. EAR-1043051.","2026-09-20","2014-08-02","2014-08-03"
"IA14_Kumar_532","IML Critical Zone Observatory, Clear Creek Aug 2014 Lidar Survey (532 nm)","Airborne Lidar","ready","All indexed file URLs matched positive-sized public objects; one LAS header checked per collection.",186,186,"https://portal.opentopography.org/datasetMetadata?otCollectionID=OT.122016.26915.1","https://doi.org/10.5069/G9RF5S0N","https://opentopography.s3.sdsc.edu/pc-bulk/IA14_Kumar_532/IA14_Kumar_532_TileIndex.zip","","0a7806417c84d471dd54a662f718b7e2d3a5264273b49c38a35a0c2c6ea8ef58","20d7770650829ed8a6bf1b6e96af568fb473990165d8537a77e4ac3058e5ead8","https://creativecommons.org/licenses/by/4.0/","Dataset use license","IML Critical Zone Observatory, Clear Creek Aug 2014 Lidar Survey (532 nm). Distributed by OpenTopography. https://doi.org/10.5069/G9RF5S0N Dataset acknowledgement: Lidar data acquisition and processing completed by the National Center for Airborne Laser Mapping ( NCALM ). NCALM funding provided by NSF's Division of Earth Sciences, Instrumentation and Facilities Program. EAR-1043051.","2026-09-20","2014-08-04","2014-08-04"
"IL14_Kumar_1064","IML Critical Zone Observatory, Sangamon River, IL Aug 2014 (1064 nm)","Airborne Lidar","external","Index repeats every file from IL14_Kumar_532 under different collection metadata. Use the source portal to resolve acquisition/channel identity; not advertised as an independent downloadable survey.",180,180,"https://portal.opentopography.org/datasetMetadata?otCollectionID=OT.122016.26916.1","https://doi.org/10.5069/G9W66HQZ","https://opentopography.s3.sdsc.edu/pc-bulk/IL14_Kumar_532/IL14_Kumar_532_TileIndex.zip","","85aded6feb0a7ea5ca298c16038e2019774d7c5213ecc2f83f0eb5ba6279b074","ecc8d9bf38531a2181da724fc7ae4bc55ea7c4528e03a47d071a63104ecd7f27","https://creativecommons.org/licenses/by/4.0/","Dataset use license","IML Critical Zone Observatory, Sangamon River, IL Aug 2014 (1064 nm). Distributed by OpenTopography. https://doi.org/10.5069/G9W66HQZ Dataset acknowledgement: Lidar data acquisition and processing completed by the National Center for Airborne Laser Mapping ( NCALM ). NCALM funding provided by NSF's Division of Earth Sciences, Instrumentation and Facilities Program. EAR-1043051.","2026-09-20","2014-08-05","2014-08-05"
"BOP_Coast_2015","Tauranga and Coast, Bay of Plenty, New Zealand 2015","Airborne Lidar","ready","All indexed file URLs matched positive-sized public objects; one LAS header checked per collection.",2417,2417,"https://portal.opentopography.org/datasetMetadata?otCollectionID=OT.122016.2193.4","https://doi.org/10.5069/G900002T","https://opentopography.s3.sdsc.edu/pc-bulk/BOP_Coast_2015/BOP_Coast_2015_TileIndex.zip","","c62588d5b2b90e9863f87b02f20ecda6098f075987a03baaa0ad143e179f92ea","e51d6576fc780c16c6d91c09be663730aa740d99a37b5ac0f7fc1701c8273490","https://creativecommons.org/licenses/by/3.0/nz/","Dataset acknowledgement","Tauranga and Coast, Bay of Plenty, New Zealand 2015. Distributed by OpenTopography. https://doi.org/10.5069/G900002T Dataset acknowledgement: Released under Creative Commons By Creative Commons Attribution 3.0 New Zealand Link: http://data.linz.govt.nz/license/attribution-3-0-new-zealand/ Attribution Required for Copies: ""Copyright in this work is owned by BOPLASS Ltd"" Attribution Required for Derivative works: ""Copyright in the underlying dataset from which this work has been derived is owned by BOPLASS Ltd""","2026-09-20","2015-01-05","2015-11-08"
"Timaru_2014","Timaru Rivers, Canterbury, New Zealand 2014","Airborne Lidar","ready","All indexed file URLs matched positive-sized public objects; one LAS header checked per collection.",2111,2111,"https://portal.opentopography.org/datasetMetadata?otCollectionID=OT.122016.2193.2","https://doi.org/10.5069/G93R0QSF","https://opentopography.s3.sdsc.edu/pc-bulk/Timaru_2014/Timaru_2014_TileIndex.zip","","32c7f22ae51dead10663a46bdac0780a7b8c1c2d51934dd11c203eeb2e3582d6","7b37a3fb9552200cbb6c02858026dee1781a84e79409586ffe181b3e110265db","https://creativecommons.org/licenses/by/3.0/nz/","Dataset acknowledgement","Timaru Rivers, Canterbury, New Zealand 2014. Distributed by OpenTopography. https://doi.org/10.5069/G93R0QSF Dataset acknowledgement: Released under Creative Commons By Creative Commons Attribution 3.0 New Zealand: http://data.linz.govt.nz/license/attribution-3-0-new-zealand/ Attribution Required for Copies: ""Copyright in this work is owned by Environment Canterbury Regional Council "" Attribution Required for Derivative works: ""Copyright in the underlying dataset from which this work has been derived is owned by Environment Canterbury Regional Council ""","2026-09-20","2014-07-07","2014-08-04"
"Rangiora_2014","Rangiora, Canterbury, New Zealand 2014","Airborne Lidar","ready","All indexed file URLs matched positive-sized public objects; one LAS header checked per collection.",1626,1626,"https://portal.opentopography.org/datasetMetadata?otCollectionID=OT.122016.2193.6","https://doi.org/10.5069/G97D2S3V","https://opentopography.s3.sdsc.edu/pc-bulk/Rangiora_2014/Rangiora_2014_TileIndex.zip","","a9a6b3a98895f9e80f01e6cc2d5b7f846c925cf9f68c5bb20930ff2629dfc8e8","d6cbe7976cbc384efbd99880bb946627cc3e8fa7479a22b867cf10ab47b0d2f1","https://creativecommons.org/licenses/by/3.0/nz/","Dataset acknowledgement","Rangiora, Canterbury, New Zealand 2014. Distributed by OpenTopography. https://doi.org/10.5069/G97D2S3V Dataset acknowledgement: Released under Creative Commons By Creative Commons Attribution 3.0 New Zealand Link: http://data.linz.govt.nz/license/attribution-3-0-new-zealand/ Attribution Required for Copies: ""Copyright in this work is owned by Waimakariri District Council"" Attribution Required for Derivative works: ""Copyright in the underlying dataset from which this work has been derived is owned by Waimakariri District Council""","2026-09-20","2014-03-14","2014-06-23"
"Hurunui_2015","Cheviot and Hawarden, Canterbury, New Zealand 2015","Airborne Lidar","ready","All indexed file URLs matched positive-sized public objects; one LAS header checked per collection.",363,363,"https://portal.opentopography.org/datasetMetadata?otCollectionID=OT.122016.2193.5","https://doi.org/10.5069/G9C53HSQ","https://opentopography.s3.sdsc.edu/pc-bulk/Hurunui_2015/Hurunui_2015_TileIndex.zip","","616ab1f5d9738fe5ac70f3c6e29bffbe793a66c43299fbeb327c4710ecc0e71a","967b7736c11ff716c746bef9d6abb6fe913e33ac92d52e6b9f94d6918d775e91","https://creativecommons.org/licenses/by/3.0/nz/","Dataset acknowledgement","Cheviot and Hawarden, Canterbury, New Zealand 2015. Distributed by OpenTopography. https://doi.org/10.5069/G9C53HSQ Dataset acknowledgement: Released under Creative Commons By Creative Commons Attribution 3.0 New Zealand: http://data.linz.govt.nz/license/attribution-3-0-new-zealand/ Attribution Required for Copies: ""Copyright in this work is owned by Environment Canterbury Regional Council"" Attribution Required for Derivative works: ""Copyright in the underlying dataset from which this work has been derived is owned by Environment Canterbury Regional Council""","2026-09-20","2015-04-01","2015-04-01"
"Amberley_2012","Amberley, Canterbury, New Zealand 2012","Airborne Lidar","ready","All indexed file URLs matched positive-sized public objects; one LAS header checked per collection.",426,426,"https://portal.opentopography.org/datasetMetadata?otCollectionID=OT.122016.2193.3","https://doi.org/10.5069/G9GX48H4","https://opentopography.s3.sdsc.edu/pc-bulk/Amberley_2012/Amberley_2012_TileIndex.zip","","1ed8d83c48afd78acfa716a836aa34b14a199c1d2150dd8191090a9faa1febd7","5029493b7c9a6dd6efa470e4801f131b4611159c126c364791a6e4ff4ec50c33","https://creativecommons.org/licenses/by/3.0/nz/","Dataset acknowledgement","Amberley, Canterbury, New Zealand 2012. Distributed by OpenTopography. https://doi.org/10.5069/G9GX48H4 Dataset acknowledgement: Released under Creative Commons By Creative Commons Attribution 3.0 New Zealand: http://data.linz.govt.nz/license/attribution-3-0-new-zealand/ Attribution Required for Copies: ""Copyright in this work is owned by Environment Canterbury Regional Council"" Attribution Required for Derivative works: ""Copyright in the underlying dataset from which this work has been derived is owned by Environment Canterbury Regional Council""","2026-09-20","2012-01-10","2012-01-17"
"IL14_Kumar_532","IML Critical Zone Observatory, Sangamon River, IL Aug 2014 (532 nm)","Airborne Lidar","ready","All indexed file URLs matched positive-sized public objects; one LAS header checked per collection.",180,180,"https://portal.opentopography.org/datasetMetadata?otCollectionID=OT.122016.26916.1","https://doi.org/10.5069/G9W66HQZ","https://opentopography.s3.sdsc.edu/pc-bulk/IL14_Kumar_532/IL14_Kumar_532_TileIndex.zip","","85aded6feb0a7ea5ca298c16038e2019774d7c5213ecc2f83f0eb5ba6279b074","ecc8d9bf38531a2181da724fc7ae4bc55ea7c4528e03a47d071a63104ecd7f27","https://creativecommons.org/licenses/by/4.0/","Dataset use license","IML Critical Zone Observatory, Sangamon River, IL Aug 2014 (532 nm). Distributed by OpenTopography. https://doi.org/10.5069/G9W66HQZ Dataset acknowledgement: Lidar data acquisition and processing completed by the National Center for Airborne Laser Mapping ( NCALM ). NCALM funding provided by NSF's Division of Earth Sciences, Instrumentation and Facilities Program. EAR-1043051.","2026-09-20","2014-08-04","2014-08-04"
"Kaikoura_2012","Kaikoura, Canterbury, New Zealand 2012","Airborne Lidar","ready","All indexed file URLs matched positive-sized public objects; one LAS header checked per collection.",1299,1299,"https://portal.opentopography.org/datasetMetadata?otCollectionID=OT.122016.2193.1","https://doi.org/10.5069/G98C9T67","https://opentopography.s3.sdsc.edu/pc-bulk/Kaikoura_2012/Kaikoura_2012_TileIndex.zip","","2da2eeda1331f634080e1e51d36c9e61cbb00d2cbcd95caad53fe7bc0635fbd9","5281758a9a29ed9eeea31ed6e5cede2cd4c0d323dbd25edc7f423411109751ec","https://creativecommons.org/licenses/by/3.0/nz/","Dataset acknowledgement","Kaikoura, Canterbury, New Zealand 2012. Distributed by OpenTopography. https://doi.org/10.5069/G98C9T67 Dataset acknowledgement: Released under Creative Commons By Creative Commons Attribution 3.0 New Zealand Link: http://data.linz.govt.nz/license/attribution-3-0-new-zealand/ Attribution Required for Copies: ""Copyright in this work is owned by Environment Canterbury Regional Council "" Attribution Required for Derivative works: ""Copyright in the underlying dataset from which this work has been derived is owned by Environment Canterbury Regional Council ""","2026-09-20","2012-07-10","2012-07-17"
"UT14_Schaffra_B","Tushar Mountains, Utah (532 nm)","Airborne Lidar","ready","All indexed file URLs matched positive-sized public objects; one LAS header checked per collection.",138,138,"https://portal.opentopography.org/datasetMetadata?otCollectionID=OT.052016.26912.3","https://doi.org/10.5069/G97M05W1","https://opentopography.s3.sdsc.edu/pc-bulk/UT14_Schaffra_B/UT14_Schaffra_B_TileIndex.zip","","c0e8e8cf557b3b7498f0cb54c8eb85f206e47839e73818fa5cee183212647ccc","27f9a644d45079e8a84561db113b629bc5af7c4c8237f92b6e98ac90db197259","https://creativecommons.org/licenses/by/4.0/","Dataset use license","Tushar Mountains, Utah (532 nm). Distributed by OpenTopography. https://doi.org/10.5069/G97M05W1 Dataset acknowledgement: Lidar data acquisition and processing completed by the National Center for Airborne Laser Mapping ( NCALM ). NCALM funding provided by NSF's Division of Earth Sciences, Instrumentation and Facilities Program. EAR-1043051.","2026-09-20","2014-10-26","2014-10-26"
"WY14_Tennant_B","Greys River, WY (532 nm)","Airborne Lidar","ready","All indexed file URLs matched positive-sized public objects; one LAS header checked per collection.",222,222,"https://portal.opentopography.org/datasetMetadata?otCollectionID=OT.052016.26912.2","https://doi.org/10.5069/G9CC0XNT","https://opentopography.s3.sdsc.edu/pc-bulk/WY14_Tennant_B/WY14_Tennant_B_TileIndex.zip","","7f1a1b1396c3b6e49d512210538450d81a77b9dbb47e9f015041ac760e8dd8d1","d5c6f2773ec121fcf45f807c3fdf12cf52acaeb2d33009a5ebde764299670631","https://creativecommons.org/licenses/by/4.0/","Dataset use license","Greys River, WY (532 nm). Distributed by OpenTopography. https://doi.org/10.5069/G9CC0XNT Dataset acknowledgement: Lidar data acquisition and processing completed by the National Center for Airborne Laser Mapping ( NCALM ). NCALM funding provided by NSF's Division of Earth Sciences, Instrumentation and Facilities Program. EAR-1043051.","2026-09-20","2014-10-22","2014-10-22"
"NE15_AlexanderB","Niobrara River, Nebraska (532 nm)","Airborne Lidar","ready","All indexed file URLs matched positive-sized public objects; one LAS header checked per collection.",112,112,"https://portal.opentopography.org/datasetMetadata?otCollectionID=OT.102016.26914.1","https://doi.org/10.5069/G9NP22DP","https://opentopography.s3.sdsc.edu/pc-bulk/NE15_AlexanderB/NE15_AlexanderB_TileIndex.zip","","444f81f3eb910f947710be3784fad6b61e8bfeb5a0da0393cd1bcfcdff697240","92ade042147a0b5888544c2414a39172bc421963a778c90e002cee82257f6285","https://creativecommons.org/licenses/by/4.0/","Dataset use license","Niobrara River, Nebraska (532 nm). Distributed by OpenTopography. https://doi.org/10.5069/G9NP22DP Dataset acknowledgement: Lidar data acquisition and processing completed by the National Center for Airborne Laser Mapping ( NCALM ). NCALM funding provided by NSF's Division of Earth Sciences, Instrumentation and Facilities Program. EAR-1043051.","2026-09-20","2015-07-11","2015-07-11"
"MDV_2014","2014-2015 lidar survey of the McMurdo Dry Valleys, Antarctica","Airborne Lidar","ready","All indexed file URLs matched positive-sized public objects; one LAS header checked per collection.",4062,4062,"https://portal.opentopography.org/datasetMetadata?otCollectionID=OT.112016.3294.1","https://doi.org/10.5069/G9D50JX3","https://opentopography.s3.sdsc.edu/pc-bulk/MDV_2014/MDV_2014_TileIndex.zip","","c82f65f6bb2c92d8cd2d8b71f5463f95b56baedf16b2a96852e23f8e0ef770ca","9cc8346ce352687d4898378e8c6a1bad276b9244aa1ce44846c1c4d7d172da53","https://creativecommons.org/licenses/by/4.0/","Dataset use license","2014-2015 lidar survey of the McMurdo Dry Valleys, Antarctica. Distributed by OpenTopography. https://doi.org/10.5069/G9D50JX3 Dataset acknowledgement: The user acknowledges that 2014-2015 lidar survey of the McMurdo Dry Valleys, Antarctica dataset was made possible by the National Science Foundation (NSF) through the Antarctic Integrated Systems Science award ANT-1246342 granted to Andrew G. Fountain, Department of Geology, Portland State University. The data were collected and processed by the NSF National Center for Airborne Laser Mapping (NCALM) and made available through the OpenTopography Facility. When using this data, please cite: Fountain, A. G., Fernandez-Diaz, J. C., Obryk, M., Levy, J., Gooseff, M., Van Horn, D. J., Morin, P., and Shrestha, R.: High-resolution elevation mapping of the McMurdo Dry Valleys, Antarctica, and surrounding regions, Earth Syst. Sci. Data, 9, 435-443, https://doi.org/10.5194/essd-9-435-2017, 2017.","2026-09-20","2014-12-04","2015-01-19"
"NE15_Alexander","Niobrara River, Nebraska","Airborne Lidar","ready","All indexed file URLs matched positive-sized public objects; one LAS header checked per collection.",114,114,"https://portal.opentopography.org/datasetMetadata?otCollectionID=OT.102016.26914.1","https://doi.org/10.5069/G9NP22DP","https://opentopography.s3.sdsc.edu/pc-bulk/NE15_Alexander/NE15_Alexander_TileIndex.zip","","f9e2de316909f85333449c3373a82bb3344226881e1f9de08814d0706ceacc8d","39a10e613824b2740cff07f76a5c25ec2817488ed47a2c2dc06b4cd414415902","https://creativecommons.org/licenses/by/4.0/","Dataset use license","Niobrara River, Nebraska. Distributed by OpenTopography. https://doi.org/10.5069/G9NP22DP Dataset acknowledgement: Lidar data acquisition and processing completed by the National Center for Airborne Laser Mapping ( NCALM ). NCALM funding provided by NSF's Division of Earth Sciences, Instrumentation and Facilities Program. EAR-1043051.","2026-09-20","2015-07-11","2015-07-11"
"FL15_Garvis","Sea Grass Beds, Apalachicola, FL","Airborne Lidar","ready","All indexed file URLs matched positive-sized public objects; one LAS header checked per collection.",157,157,"https://portal.opentopography.org/datasetMetadata?otCollectionID=OT.102016.26916.1","https://doi.org/10.5069/G9HX19NH","https://opentopography.s3.sdsc.edu/pc-bulk/FL15_Garvis/FL15_Garvis_TileIndex.zip","","645f6f959640bc51d5bc689d8f168a570ca84542bec7e28dbf98bfa7d7995905","442d2a102b4b9061fa7f4d21d99d241ccb0070470e7b59a873abb9200fc65eb3","https://creativecommons.org/licenses/by/4.0/","Dataset use license","Sea Grass Beds, Apalachicola, FL. Distributed by OpenTopography. https://doi.org/10.5069/G9HX19NH Dataset acknowledgement: Lidar data acquisition and processing completed by the National Center for Airborne Laser Mapping ( NCALM ). NCALM funding provided by NSF's Division of Earth Sciences, Instrumentation and Facilities Program. EAR-1043051.","2026-09-20","2015-08-20","2015-08-21"
"LA09_Buttles","Wax Lake Delta, Louisiana, USA 2009","Airborne Lidar","ready","All indexed file URLs matched positive-sized public objects; one LAS header checked per collection.",241,241,"https://portal.opentopography.org/datasetMetadata?otCollectionID=OT.102016.26915.1","https://doi.org/10.5069/G95M63M8","https://opentopography.s3.sdsc.edu/pc-bulk/LA09_Buttles/LA09_Buttles_TileIndex.zip","","1e6f7a14d9de864097be65c2f2ec04e9e8e6b3627b9d1a96bd874bf2041ee22c","13440572176af7d4312a29418f133f7b06053bb2773af324275ac1b11c49bb21","https://creativecommons.org/licenses/by/4.0/","Dataset use license","Wax Lake Delta, Louisiana, USA 2009. Distributed by OpenTopography. https://doi.org/10.5069/G95M63M8 Dataset acknowledgement: Lidar data acquisition and processing completed by the National Center for Airborne Laser Mapping (NCALM). NCALM funding provided by NSF's Division of Earth Sciences, Instrumentation and Facilities Program.","2026-09-20","2009-01-14","2009-01-14"
"WLD_2013","Wax Lake Delta, Louisiana, USA 2013","Airborne Lidar","ready","All indexed file URLs matched positive-sized public objects; one LAS header checked per collection.",24,24,"https://portal.opentopography.org/datasetMetadata?otCollectionID=OT.102016.32615.1","https://doi.org/10.5069/G9SF2T41","https://opentopography.s3.sdsc.edu/pc-bulk/WLD_2013/WLD_2013_TileIndex.zip","","4b8475cfeeae0f544eacf11ed247d0209542f2fb961776a5ef0cc9706a18b9e3","17246620c79da4f2b1f4e5239d7535a5f50224234d505f299fd7ff0d6f225f56","https://opentopography.org/usageterms","OpenTopography Data and Content terms; no dataset-specific license supplied","Wax Lake Delta, Louisiana, USA 2013. Distributed by OpenTopography. https://doi.org/10.5069/G9SF2T41 Dataset acknowledgement: Lidar data acquisition and processing completed by the Bureau of Economic Geology in the Jackson School of Geosciences at the University of Texas-Austin.","2026-09-20","2013-02-13","2013-02-14"
"NV15_Snyder","Woodland-encroached sagebrush ecosystem, Nevada","Airborne Lidar","ready","All indexed file URLs matched positive-sized public objects; one LAS header checked per collection.",79,79,"https://portal.opentopography.org/datasetMetadata?otCollectionID=OT.102016.26911.1","https://doi.org/10.5069/G9X63JVB","https://opentopography.s3.sdsc.edu/pc-bulk/NV15_Snyder/NV15_Snyder_TileIndex.zip","","2605909612cf9ef82d03bae3aac0ed3c96934cb2e4efc866f1b4388197a0dd72","cfd5cd59f2469a0e01c14f774c494789eafed3d5d7452b62eb516999c0fb0ffd","https://creativecommons.org/licenses/by/4.0/","Dataset use license","Woodland-encroached sagebrush ecosystem, Nevada. Distributed by OpenTopography. https://doi.org/10.5069/G9X63JVB Dataset acknowledgement: Lidar data acquisition and processing completed by the National Center for Airborne Laser Mapping (NCALM). NCALM funding provided by NSF's Division of Earth Sciences, Instrumentation and Facilities Program. EAR-1043051.","2026-09-20","2015-07-14","2015-07-14"
"CA15_Pfeiffer","Big Creek, California","Airborne Lidar","ready","All indexed file URLs matched positive-sized public objects; one LAS header checked per collection.",31,31,"https://portal.opentopography.org/datasetMetadata?otCollectionID=OT.102016.26910.1","https://doi.org/10.5069/G91V5BX0","https://opentopography.s3.sdsc.edu/pc-bulk/CA15_Pfeiffer/CA15_Pfeiffer_TileIndex.zip","","67802276726c844492e91ce9fcd67dac6a7266c8695547553aa782fc966304a2","acd76ec75fc91eb3eccd294ea8bba4b725e20d4deb75d2b7a0b6b4fae80059d2","https://creativecommons.org/licenses/by/4.0/","Dataset use license","Big Creek, California. Distributed by OpenTopography. https://doi.org/10.5069/G91V5BX0 Dataset acknowledgement: Lidar data acquisition and processing completed by the National Center for Airborne Laser Mapping (NCALM). NCALM funding provided by NSF's Division of Earth Sciences, Instrumentation and Facilities Program. EAR-1043051.","2026-09-20","2015-07-16","2015-07-17"
"Israel_2006","Israel Mediterranean Sharon sea cliff, 2006","Airborne Lidar","ready","All indexed file URLs matched positive-sized public objects; one LAS header checked per collection.",1,1,"https://portal.opentopography.org/datasetMetadata?otCollectionID=OT.102016.2039.1","https://doi.org/10.5069/G99C6VBM","https://opentopography.s3.sdsc.edu/pc-bulk/Israel_2006/Israel_2006_TileIndex.zip","","eecbc261476904c2b246c1d5379123789535dcb4610c5533b030c540f443ad70","68611bbabebeb027b6283e22c019de5f80c64b8960ede3f8c9ca996713d8e4d3","https://opentopography.org/usageterms","OpenTopography Data and Content terms; no dataset-specific license supplied","Israel Mediterranean Sharon sea cliff, 2006. Distributed by OpenTopography. https://doi.org/10.5069/G99C6VBM Dataset acknowledgement: Funded by the Geological Survey of Israel (GSI) http://www.gsi.gov.il","2026-09-20","2006-02-01","2006-02-01"
"UT15_Kellum","Lake Bonneville, Utah","Airborne Lidar","ready","All indexed file URLs matched positive-sized public objects; one LAS header checked per collection.",75,75,"https://portal.opentopography.org/datasetMetadata?otCollectionID=OT.092016.26912.1","https://doi.org/10.5069/G9JW8BTS","https://opentopography.s3.sdsc.edu/pc-bulk/UT15_Kellum/UT15_Kellum_TileIndex.zip","","69f612ec3e0b2f5822a1815b7e19038da456f6003239acc94a72da2992771491","659d39e5364f5d272dc1a22e78555a894568104b01041b085d3dee48acde5463","https://creativecommons.org/licenses/by/4.0/","Dataset use license","Lake Bonneville, Utah. Distributed by OpenTopography. https://doi.org/10.5069/G9JW8BTS Dataset acknowledgement: Lidar data acquisition and processing completed by the National Center for Airborne Laser Mapping (NCALM). NCALM funding provided by NSF's Division of Earth Sciences, Instrumentation and Facilities Program. EAR-1043051.","2026-09-20","2015-07-06","2015-07-06"
"CA15_Morgan","Channel Avulsion in Bishop, California","Airborne Lidar","ready","All indexed file URLs matched positive-sized public objects; one LAS header checked per collection.",68,68,"https://portal.opentopography.org/datasetMetadata?otCollectionID=OT.092016.26911.2","https://doi.org/10.5069/G9PN93JH","https://opentopography.s3.sdsc.edu/pc-bulk/CA15_Morgan/CA15_Morgan_TileIndex.zip","","5946eb8d21be2115fcb6444b1f464efb333377fb0a98f073a0111f08ae33d3bc","4043819cf559ab997a1eb0919f79db6bf40dc372eb35f4e805eae7d34c96b245","https://creativecommons.org/licenses/by/4.0/","Dataset use license","Channel Avulsion in Bishop, California. Distributed by OpenTopography. https://doi.org/10.5069/G9PN93JH Dataset acknowledgement: Lidar data acquisition and processing completed by the National Center for Airborne Laser Mapping (NCALM). NCALM funding provided by NSF's Division of Earth Sciences, Instrumentation and Facilities Program. EAR-1043051.","2026-09-20","2015-07-01","2015-07-01"
"CA15_Hislop","Little San Bernardino Mountains, Joshua Tree National Park, California","Airborne Lidar","ready","All indexed file URLs matched positive-sized public objects; one LAS header checked per collection.",82,82,"https://portal.opentopography.org/datasetMetadata?otCollectionID=OT.092016.26911.1","https://doi.org/10.5069/G9F47M2B","https://opentopography.s3.sdsc.edu/pc-bulk/CA15_Hislop/CA15_Hislop_TileIndex.zip","","ff2e3283dc503e1601dd6b6a61559b63396698fb10c26509a0453faeeff02dab","b9e60fe028be0572810bb9ecdb2d0a60b66363bdc1dfc173feb520cd054fc815","https://creativecommons.org/licenses/by/4.0/","Dataset use license","Little San Bernardino Mountains, Joshua Tree National Park, California. Distributed by OpenTopography. https://doi.org/10.5069/G9F47M2B Dataset acknowledgement: Lidar data acquisition and processing completed by the National Center for Airborne Laser Mapping ( NCALM ). NCALM funding provided by NSF's Division of Earth Sciences, Instrumentation and Facilities Program. EAR-1043051.","2026-09-20","2015-06-17","2015-06-17"
"CA14_Lowe","Santa Clarita Topography","Airborne Lidar","ready","All indexed file URLs matched positive-sized public objects; one LAS header checked per collection.",67,67,"https://portal.opentopography.org/datasetMetadata?otCollectionID=OT.072016.32611.1","https://doi.org/10.5069/G9TB14V2","https://opentopography.s3.sdsc.edu/pc-bulk/CA14_Lowe/CA14_Lowe_TileIndex.zip","","a20e985e50cec30a5cc26c4cd8b3db32f41cceb352d5e67598a0c9931946439c","e573dea5d45bcb3e514ef1e2cab360d50f1eab83805e1d4e8fbaff8bc2e35b51","https://creativecommons.org/licenses/by/4.0/","Dataset use license","Santa Clarita Topography. Distributed by OpenTopography. https://doi.org/10.5069/G9TB14V2 Dataset acknowledgement: Lidar data acquisition and processing completed by the National Center for Airborne Laser Mapping ( NCALM ). NCALM funding provided by NSF's Division of Earth Sciences, Instrumentation and Facilities Program. EAR-1043051.","2026-09-20","2015-06-17","2015-06-17"
"BCZO_SnowOn2021","Boulder Creek Critical Zone Observatory May 20-21 2010 Snow-On Lidar Survey","Airborne Lidar","ready","All indexed file URLs matched positive-sized public objects; one LAS header checked per collection.",358,358,"https://portal.opentopography.org/datasetMetadata?otCollectionID=OT.082016.26913.1","https://doi.org/10.5069/G9Z31WKD","https://opentopography.s3.sdsc.edu/pc-bulk/BCZO_SnowOn2021/BCZO_SnowOn2021_TileIndex.zip","","30235cce2526315005c417960152d7d228c829bc4ea041f5ab3433cb95644d3d","7ab45c462183a3dd59584bca196584c80d26890679cee1703853ec648a5587bb","https://creativecommons.org/licenses/by/4.0/","Dataset use license","Boulder Creek Critical Zone Observatory May 20-21 2010 Snow-On Lidar Survey. Distributed by OpenTopography. https://doi.org/10.5069/G9Z31WKD Dataset acknowledgement: Please cite this data release as: Anderson, S.P., Qinghua, G., and Parrish, E.G., 2012, Snow-on and snow-off Lidar point cloud data and digital elevation models for study of topography, snow, ecosystems and environmental change at Boulder Creek Critical Zone Observatory, Colorado: Boulder Creek CZO, INSTAAR, University of Colorado at Boulder, digital media. Lidar data acquisition and processing completed by the National Center for Airborne Laser Mapping (NCALM - https://ncalm.cive.uh.edu), with project director Qinghua Guo. Collection for Dr. Suzanne Anderson (University of Colorado/INSTAAR, Boulder) as part of the Boulder Creek Critical Zone Observatory (CZO - http://czo.colorado.edu/), funded by National Science Foundation (NSF-0724960). NCALM funding provided by NSF's Division of Earth Sciences, Instrumentation and Facilities Program. EAR-1043051.","2026-09-20","2010-05-20","2010-05-21"
"BCZO_SnowOn09","Boulder Creek Critical Zone Observatory May 9 2010 Snow-On Lidar Survey","Airborne Lidar","ready","All indexed file URLs matched positive-sized public objects; one LAS header checked per collection.",365,365,"https://portal.opentopography.org/datasetMetadata?otCollectionID=OT.082016.26913.1","https://doi.org/10.5069/G9Z31WKD","https://opentopography.s3.sdsc.edu/pc-bulk/BCZO_SnowOn09/BCZO_SnowOn09_TileIndex.zip","","bf4776845ddb1733b3384a703c4f1452b6a9657a2a79f4417ea8265d79cbfc20","872853e40ae6aca2fe84b456f0b212380af8345083795ee7d87d86dba7f9a52a","https://creativecommons.org/licenses/by/4.0/","Dataset use license","Boulder Creek Critical Zone Observatory May 9 2010 Snow-On Lidar Survey. Distributed by OpenTopography. https://doi.org/10.5069/G9Z31WKD Dataset acknowledgement: Please cite this data release as: Anderson, S.P., Qinghua, G., and Parrish, E.G., 2012, Snow-on and snow-off Lidar point cloud data and digital elevation models for study of topography, snow, ecosystems and environmental change at Boulder Creek Critical Zone Observatory, Colorado: Boulder Creek CZO, INSTAAR, University of Colorado at Boulder, digital media. Lidar data acquisition and processing completed by the National Center for Airborne Laser Mapping (NCALM - https://ncalm.cive.uh.edu), with project director Qinghua Guo. Collection for Dr. Suzanne Anderson (University of Colorado/INSTAAR, Boulder) as part of the Boulder Creek Critical Zone Observatory (CZO - http://czo.colorado.edu/), funded by National Science Foundation (NSF-0724960). NCALM funding provided by NSF's Division of Earth Sciences, Instrumentation and Facilities Program. EAR-1043051.","2026-09-20","2010-05-05","2010-05-09"
"BCZO_SnowOn05","Boulder Creek Critical Zone Observatory May 5 2010 Snow-On Lidar Survey","Airborne Lidar","ready","All indexed file URLs matched positive-sized public objects; one LAS header checked per collection.",364,364,"https://portal.opentopography.org/datasetMetadata?otCollectionID=OT.082016.26913.1","https://doi.org/10.5069/G9Z31WKD","https://opentopography.s3.sdsc.edu/pc-bulk/BCZO_SnowOn05/BCZO_SnowOn05_TileIndex.zip","","70e9f07d7e2deb007e34dd5e912962f60f6f83871eec6be75610eaa44a52171c","f5ed9947b5e542e2a45bf2ab35b54a4428f90db94812f6319c9a5e8fb2728196","https://creativecommons.org/licenses/by/4.0/","Dataset use license","Boulder Creek Critical Zone Observatory May 5 2010 Snow-On Lidar Survey. Distributed by OpenTopography. https://doi.org/10.5069/G9Z31WKD Dataset acknowledgement: Please cite this data release as: Anderson, S.P., Qinghua, G., and Parrish, E.G., 2012, Snow-on and snow-off Lidar point cloud data and digital elevation models for study of topography, snow, ecosystems and environmental change at Boulder Creek Critical Zone Observatory, Colorado: Boulder Creek CZO, INSTAAR, University of Colorado at Boulder, digital media. Lidar data acquisition and processing completed by the National Center for Airborne Laser Mapping (NCALM - https://ncalm.cive.uh.edu), with project director Qinghua Guo. Collection for Dr. Suzanne Anderson (University of Colorado/INSTAAR, Boulder) as part of the Boulder Creek Critical Zone Observatory (CZO - http://czo.colorado.edu/), funded by National Science Foundation (NSF-0724960). NCALM funding provided by NSF's Division of Earth Sciences, Instrumentation and Facilities Program. EAR-1043051.","2026-09-20","2010-05-05","2010-05-09"
"Baja_2014","El Mayor-Cucapah Earthquake, Pleiades 2014","Structure from Motion / Photogrammetry","out_of_scope","Outside airborne-LiDAR scope: Structure from Motion / Photogrammetry",77,77,"https://portal.opentopography.org/datasetMetadata?otCollectionID=OT.082016.32611.1","https://doi.org/10.5069/G92V2D1B","https://opentopography.s3.sdsc.edu/pc-bulk/Baja_2014/Baja_2014_TileIndex.zip","","726137262e849b91785829e9c42de04175f31beba05c9755aa82f4b6b753ebef","c2d1b85f18e7d83f953c95e07f02ca60dd5e5a29a347fb3a7365519762f0da84","https://opentopography.org/usageterms","OpenTopography Data and Content terms; no dataset-specific license supplied","El Mayor-Cucapah Earthquake, Pleiades 2014. Distributed by OpenTopography. https://doi.org/10.5069/G92V2D1B Dataset acknowledgement: Point cloud constructed from data acquired by Airbus Defence and Space (Pleiades 1B) and funded by the Natural Environment Research Council through the Looking inside the Continents from Space (LiCS) large grant (NE/K011006/1), UK. See: Zhou, Y., B. Parsons, J. R. Elliott, I. Barisin, and R. T. Walker (2015), Assessing the ability of Pleiades stereo imagery to determine height changes in earthquakes: A case study for the El Mayor-Cucapah epicentral area, J. Geophys. Res. Solid Earth, 120, 8793-8808, doi:10.1002/2015JB012358.","2026-09-20","2014-03-17","2014-03-17"
"SC16_CZO","Calhoun Critical Zone Observatory 2016 Leaf Off LiDAR Survey","Airborne Lidar","ready","All indexed file URLs matched positive-sized public objects; one LAS header checked per collection.",96,96,"https://portal.opentopography.org/datasetMetadata?otCollectionID=OT.072016.26917.2","https://doi.org/10.5069/G96M34RN","https://opentopography.s3.sdsc.edu/pc-bulk/SC16_CZO/SC16_CZO_TileIndex.zip","","5b78bdee33d6798d4415a21636a3f84c61e4dc0a8625b06425b43a6f8b76fa5c","17dd3dfaeb42c349c8ff584e06d4a619d92335c180398741c8a6f653e2929034","https://creativecommons.org/licenses/by/4.0/","Dataset use license","Calhoun Critical Zone Observatory 2016 Leaf Off LiDAR Survey. Distributed by OpenTopography. https://doi.org/10.5069/G96M34RN Dataset acknowledgement: National Center for Airborne Laser Mapping (NCALM), 2016, Calhoun Critical Zone Observatory 2016 Leaf Off Lidar Survey, funded by National Science Foundation (EAR-1339015, EAR-1331846).","2026-09-20","2016-02-26","2016-02-26"
"FL14_Cohen","Everglades National Park","Airborne Lidar","ready","All indexed file URLs matched positive-sized public objects; one LAS header checked per collection.",8,8,"https://portal.opentopography.org/datasetMetadata?otCollectionID=OT.072016.26917.1","https://doi.org/10.5069/G9BC3WG0","https://opentopography.s3.sdsc.edu/pc-bulk/FL14_Cohen/FL14_Cohen_TileIndex.zip","","d0e8c5a9605250751e1668c479d51c6306fa819dc3b1dc5852042f8c14aee520","03686dbc36ea9d68e76a36045b3057ad07805a32e8f57f02c39bb11f883f8df8","https://creativecommons.org/licenses/by/4.0/","Dataset use license","Everglades National Park. Distributed by OpenTopography. https://doi.org/10.5069/G9BC3WG0 Dataset acknowledgement: Lidar data acquisition and processing completed by the National Center for Airborne Laser Mapping ( NCALM ). NCALM funding provided by NSF's Division of Earth Sciences, Instrumentation and Facilities Program. EAR-1043051.","2026-09-20","2014-05-27","2014-05-28"
"NZ14_Dolan","Marlborough Fault System, South Island, New Zealand","Airborne Lidar","ready","All indexed file URLs matched positive-sized public objects; one LAS header checked per collection.",778,778,"https://portal.opentopography.org/datasetMetadata?otCollectionID=OT.072016.32759.1","https://doi.org/10.5069/G9G44N75","https://opentopography.s3.sdsc.edu/pc-bulk/NZ14_Dolan/NZ14_Dolan_TileIndex.zip","","33d9045d8c0abd966f31b6e33cc3c9331193f3290327b61e7f12ca61a6b86179","a63583cda54603d056f2a81799fe9722c1f495225cb35b88a1a8c58360c718db","https://creativecommons.org/licenses/by/4.0/","Dataset use license","Marlborough Fault System, South Island, New Zealand. Distributed by OpenTopography. https://doi.org/10.5069/G9G44N75 Dataset acknowledgement: Acquisition of the lidar data was funded by the U.S. National Science Foundation Tectonics Program (grant EAR-1321914 to James F. Dolan and Edward J. Rhodes, principal investigators). NCALM funding was provided by NSF's Division of Earth Sciences, Instrumentation and Facilities Program (EAR-1043051), with supplemental funding provided by NSF's Tectonics Program through grant EAR-1339015. NSF grant EAR-1321914 to Dolan and Rhodes also funded analysis of the incremental slip rate record of the main Marlborough faults and paleoseismic studies of recent earthquakes and displacements along these faults. The entirety of these data is freely licensed for unrestricted public use, unless otherwise noted. Any use of these lidar data (including value-added products) within reports, papers, and presentations must acknowledge","2026-09-20","2014-03-13","2014-03-20"
"Auckland_2013","Auckland, New Zealand 2013","Airborne Lidar","ready","All indexed file URLs matched positive-sized public objects; one LAS header checked per collection.",6511,6511,"https://portal.opentopography.org/datasetMetadata?otCollectionID=OT.062016.2193.1","https://doi.org/10.5069/G9KW5CZ5","https://opentopography.s3.sdsc.edu/pc-bulk/Auckland_2013/Auckland_2013_TileIndex.zip","","1b83897a9d2dfaf1c00a289dcb7b92153ec58b06532633e8899db78d99550701","3a5d08153fa55a7b8c8c9bd5823f5e25231235e145897f41a02f614830bddc67","https://creativecommons.org/licenses/by/3.0/nz/","Dataset acknowledgement","Auckland, New Zealand 2013. Distributed by OpenTopography. https://doi.org/10.5069/G9KW5CZ5 Dataset acknowledgement: Released under Creative Commons By Creative Commons Attribution 3.0 New Zealand Link: http://data.linz.govt.nz/license/attribution-3-0-new-zealand/ Attribution Required for Copies: ""Copyright in this work is owned by Auckland Council"" Attribution Required for Derivative works: ""Copyright in the underlying dataset from which this work has been derived is owned by Auckland Council""","2026-09-20","2013-07-29","2013-11-23"
"CN14_Middleton","East Helanshan Fault, northern China","Structure from Motion / Photogrammetry","out_of_scope","Outside airborne-LiDAR scope: Structure from Motion / Photogrammetry",5,5,"https://portal.opentopography.org/datasetMetadata?otCollectionID=OT.062016.32648.1","https://doi.org/10.5069/G9QJ7F8K","https://opentopography.s3.sdsc.edu/pc-bulk/CN14_Middleton/CN14_Middleton_TileIndex.zip","","ccf1a85fcd3686b99dc404b75c61dd22a77679af032861ce3c3125e162db24a2","ca7bc17a2c17346a11f3c41c198b0397f4c6c62b0405e8540dcded2ac369ab07","https://opentopography.org/usageterms","OpenTopography Data and Content terms; no dataset-specific license supplied","East Helanshan Fault, northern China. Distributed by OpenTopography. https://doi.org/10.5069/G9QJ7F8K Dataset acknowledgement: Point cloud constructed from data acquired by Airbus Defence and Space (Pleiades 1A) and funded by the Natural Environment Research Council (NERC), UK. See: Middleton, T. A., R. T. Walker, B. Parsons, Q. Lei, Y. Zhou, and Z. Ren (2016), A major, Intraplate, normal-faulting earthquake: The 1739 Yinchuan event in northern China, J. Geophys. Res. Solid Earth, 121, 293-320, doi: 10.1002/2015JB012355.","2026-09-20","2014-04-23","2014-07-25"
"NEON_D17","NEON D17 Pacific Southwest- California","Airborne Lidar","ready","All indexed file URLs matched positive-sized public objects; one LAS header checked per collection.",442,442,"https://portal.opentopography.org/datasetMetadata?otCollectionID=OT.092015.32611.1","https://doi.org/10.5069/G9V98609","https://opentopography.s3.sdsc.edu/pc-bulk/NEON_D17/NEON_D17_TileIndex.zip","","d5334133c9645abb44b8ff2620aeba77473db786b7ed640354ec21224c66e0e4","daa89da68a7207eec701deb76c6bc7977ab6f5c0cd3e13ca673d883e1f6a04bb","https://opentopography.org/usageterms","OpenTopography Data and Content terms; no dataset-specific license supplied","NEON D17 Pacific Southwest- California. Distributed by OpenTopography. https://doi.org/10.5069/G9V98609 Dataset acknowledgement: Copyright <U+00A9> 2013 National Ecological Observatory Network, Inc. Permission is hereby granted, free of charge, to any person or organization obtaining a copy of the NEON Observatory data products, associated software and accompanying documentation covered by this license (the ""NEON Data Products"") to use, reproduce, display, distribute, publish, execute, and transmit the NEON Data Products, and to prepare derivative works of the NEON Data Products, and to permit third-parties to whom the NEON Data Products are furnished to do so, all subject to the following: The copyright notices in the NEON Data Products and this entire statement, including the above copyright statement, license grant, this restriction and the following disclaimer, must be included in all copies of the NEON Data Products, in whole or in part, and all derivative works of the Data Products. THE NEON DATA PRODUCTS ARE PROVIDED ""AS IS"", WITHOUT WARRANTY OF ANY KIND, EXPRESS OR IMPLIED, INCLUDING BUT NOT LIMITED TO THE WARRANTIES OF MERCHANTABILITY, FITNESS FOR A PARTICULAR PURPOSE, TITLE AND NON-INFRINGEMENT. IN NO EVENT SHALL THE COPYRIGHT HOLDERS OR ANYONE DISTRIBUTING THE NEON DATA PRODUCTS BE LIABLE FOR ANY DAMAGES OR OTHER LIABILITY, WHETHER IN CONTRACT, TORT OR OTHERWISE, ARISING FROM, OUT OF OR IN CONNECTION WITH THE NEON DATA PRODUCTS. - See more at: http://www.neoninc.org/about/terms-of-use/data-usage-and-citation-policies#sthash.y8ot0TEh.dpuf","2026-09-20","2011-06-09","2013-06-15"
"UT14_Schaffrath","Tushar Mountains, Utah (1550 nm)","Airborne Lidar","ready","All indexed file URLs matched positive-sized public objects; one LAS header checked per collection.",138,138,"https://portal.opentopography.org/datasetMetadata?otCollectionID=OT.052016.26912.3","https://doi.org/10.5069/G97M05W1","https://opentopography.s3.sdsc.edu/pc-bulk/UT14_Schaffrath/UT14_Schaffrath_TileIndex.zip","","63f2a899d466a622f8d3b0b5a21ddc6ad2114a203d7181f45f49b4d29715b23a","0a1ddeb809cf37957eeee5c06c87d3bef2fa83a357059f0c5d4fb65d1664ab6e","https://creativecommons.org/licenses/by/4.0/","Dataset use license","Tushar Mountains, Utah (1550 nm). Distributed by OpenTopography. https://doi.org/10.5069/G97M05W1 Dataset acknowledgement: Lidar data acquisition and processing completed by the National Center for Airborne Laser Mapping ( NCALM ). NCALM funding provided by NSF's Division of Earth Sciences, Instrumentation and Facilities Program. EAR-1043051.","2026-09-20","2014-10-26","2014-10-26"
"CA14_Milodowski","Yucaipa Ridge, San Bernardino Mountains, CA","Airborne Lidar","ready","All indexed file URLs matched positive-sized public objects; one LAS header checked per collection.",94,94,"https://portal.opentopography.org/datasetMetadata?otCollectionID=OT.052016.26911.1","https://doi.org/10.5069/G93T9F55","https://opentopography.s3.sdsc.edu/pc-bulk/CA14_Milodowski/CA14_Milodowski_TileIndex.zip","","b391dc31d2344063dd3db10304294cab27e5b41602729583308136ad12a00692","676774800ca7ecc223406e70943ded9a55bf1fb27003947884960ed51c651d49","https://creativecommons.org/licenses/by/4.0/","Dataset use license","Yucaipa Ridge, San Bernardino Mountains, CA. Distributed by OpenTopography. https://doi.org/10.5069/G93T9F55 Dataset acknowledgement: Lidar data acquisition and processing completed by the National Center for Airborne Laser Mapping ( NCALM ). NCALM funding provided by NSF's Division of Earth Sciences, Instrumentation and Facilities Program. EAR-1043051.","2026-09-20","2014-10-24","2014-10-24"
"MT14_Johnson","1959 Hebgen Lake rupture (Montana)","Airborne Lidar","ready","All indexed file URLs matched positive-sized public objects; one LAS header checked per collection.",131,131,"https://portal.opentopography.org/datasetMetadata?otCollectionID=OT.052016.26912.1","https://doi.org/10.5069/G9H41PCJ","https://opentopography.s3.sdsc.edu/pc-bulk/MT14_Johnson/MT14_Johnson_TileIndex.zip","","01a9afcbeee23dde2998016e6aef8fb6f8a1ece645f1a17912d7f08943f5b910","b9fdf6b6f0fa458bbf395d2c4ed0f4eb7eba6017fb03b58d1ef53b38973bd94b","https://creativecommons.org/licenses/by/4.0/","Dataset use license","1959 Hebgen Lake rupture (Montana). Distributed by OpenTopography. https://doi.org/10.5069/G9H41PCJ Dataset acknowledgement: Lidar data acquisition and processing completed by the National Center for Airborne Laser Mapping ( NCALM ). NCALM funding provided by NSF's Division of Earth Sciences, Instrumentation and Facilities Program. EAR-1043051.","2026-09-20","2014-10-19","2014-10-19"
"WY14_Tennant","Greys River, WY (1550 nm)","Airborne Lidar","ready","All indexed file URLs matched positive-sized public objects; one LAS header checked per collection.",444,444,"https://portal.opentopography.org/datasetMetadata?otCollectionID=OT.052016.26912.2","https://doi.org/10.5069/G9CC0XNT","https://opentopography.s3.sdsc.edu/pc-bulk/WY14_Tennant/WY14_Tennant_TileIndex.zip","","a09dcb0cb694ade146c6ad2ea15c41005626bbb61ca1f366465a1c736ac67c7a","c6b6372bb68ffce5aad50c3dac138f1e1f1c52bd687bc4777d59f2234c4f1c37","https://creativecommons.org/licenses/by/4.0/","Dataset use license","Greys River, WY (1550 nm). Distributed by OpenTopography. https://doi.org/10.5069/G9CC0XNT Dataset acknowledgement: Lidar data acquisition and processing completed by the National Center for Airborne Laser Mapping ( NCALM ). NCALM funding provided by NSF's Division of Earth Sciences, Instrumentation and Facilities Program. EAR-1043051.","2026-09-20","2014-10-22","2014-10-22"
"MT14_Sprain","Geologic Mapping of Coal Beds (Northeastern Montana)","Airborne Lidar","ready","All indexed file URLs matched positive-sized public objects; one LAS header checked per collection.",76,76,"https://portal.opentopography.org/datasetMetadata?otCollectionID=OT.042016.26913.1","https://doi.org/10.5069/G9MS3QP7","https://opentopography.s3.sdsc.edu/pc-bulk/MT14_Sprain/MT14_Sprain_TileIndex.zip","","4bd2779d607829ab53e5b6fa0abd130ea3c5132c5d83217dedbb33ceaac87319","b82d8c86ba8fe5e3548b4c7a1ccdeabf5ae0bd6a304bc847101a8d41a8e5f754","https://creativecommons.org/licenses/by/4.0/","Dataset use license","Geologic Mapping of Coal Beds (Northeastern Montana). Distributed by OpenTopography. https://doi.org/10.5069/G9MS3QP7 Dataset acknowledgement: Lidar data acquisition and processing completed by the National Center for Airborne Laser Mapping ( NCALM ). NCALM funding provided by NSF's Division of Earth Sciences, Instrumentation and Facilities Program. EAR-1043051.","2026-09-20","2014-10-18","2014-10-18"
"CA14_Delano","Volcanic Tablelands in Bishop, California","Airborne Lidar","ready","All indexed file URLs matched positive-sized public objects; one LAS header checked per collection.",66,66,"https://portal.opentopography.org/datasetMetadata?otCollectionID=OT.042016.26911.1","https://doi.org/10.5069/G9RJ4GCH","https://opentopography.s3.sdsc.edu/pc-bulk/CA14_Delano/CA14_Delano_TileIndex.zip","","24826a43747ea44d8a589b69f20cffa9030b148a36f96df143cc9b5b77edda0b","f58b913f01bcce4168fe30c89e676e494a5ee56b5e4c75b0f6685e2043508ec7","https://creativecommons.org/licenses/by/4.0/","Dataset use license","Volcanic Tablelands in Bishop, California. Distributed by OpenTopography. https://doi.org/10.5069/G9RJ4GCH Dataset acknowledgement: Lidar data acquisition and processing completed by the National Center for Airborne Laser Mapping ( NCALM ). NCALM funding provided by NSF's Division of Earth Sciences, Instrumentation and Facilities Program. EAR-1043051.","2026-09-20","2014-10-23","2014-10-23"
"SC14_CZO","Calhoun Critical Zone Observatory 2014 Leaf On Survey","Airborne Lidar","ready","All indexed file URLs matched positive-sized public objects; one LAS header checked per collection.",184,184,"https://portal.opentopography.org/datasetMetadata?otCollectionID=OT.122015.26917.1","https://doi.org/10.5069/G9125QK4","https://opentopography.s3.sdsc.edu/pc-bulk/SC14_CZO/SC14_CZO_TileIndex.zip","","d2fc9977f712855fadeb8c0ba6e33dd4e06b6d4868068ad16603f541ca569e04","d4f327df868a92db5747856f5f9e58ed87b18b76d281005ca10793308841f1b1","https://creativecommons.org/licenses/by/4.0/","Dataset use license","Calhoun Critical Zone Observatory 2014 Leaf On Survey. Distributed by OpenTopography. https://doi.org/10.5069/G9125QK4 Dataset acknowledgement: National Center for Airborne Laser Mapping (NCALM), 2014, Calhoun Critical Zone Observatory 2014 Leaf On Lidar and Hyperspectral Survey, funded by National Science Foundation (EAR-1339015, EAR-1331846).","2026-09-20","2014-07-30","2014-08-06"
"WY08_SnakeRiver","Snake River, Wyoming","Airborne Lidar","ready","All indexed file URLs matched positive-sized public objects; one LAS header checked per collection.",47,47,"https://portal.opentopography.org/datasetMetadata?otCollectionID=OT.112015.26912.1","https://doi.org/10.5069/G9W95737","https://opentopography.s3.sdsc.edu/pc-bulk/WY08_SnakeRiver/WY08_SnakeRiver_TileIndex.zip","","ed6b44e9dc73a4e4790a18e93c4991e5b98428fee5364b83fdf529589b7ba720","67b7c8698571259848e9f03625feba66ba5738570fbb9f37b2d7cbadc1056ea2","https://opentopography.org/usageterms","OpenTopography Data and Content terms; no dataset-specific license supplied","Snake River, Wyoming. Distributed by OpenTopography. https://doi.org/10.5069/G9W95737 Dataset acknowledgement: The 2008 Lidar and Multi-Spectral Imagery Project data has been provided by Teton Conservation District, Jackson, WY, for public use. Resale of said data is prohibited.","2026-09-20","2008-08-08","2008-09-18"
"CA12_Eggers","Surprise Valley, CA","Airborne Lidar","ready","All indexed file URLs matched positive-sized public objects; one LAS header checked per collection.",935,935,"https://portal.opentopography.org/datasetMetadata?otCollectionID=OT.052015.26910.1","https://doi.org/10.5069/G9J10130","https://opentopography.s3.sdsc.edu/pc-bulk/CA12_Eggers/CA12_Eggers_TileIndex.zip","","4d990dd3827effd24568ed9dfa60858e22385e8d7692620156cc7cb886385109","88cfb86755e74c201ea696d1e6d69eb6335e96f9ea5c55c20ad2545ae53dc032","https://creativecommons.org/licenses/by/4.0/","Dataset use license","Surprise Valley, CA. Distributed by OpenTopography. https://doi.org/10.5069/G9J10130 Dataset acknowledgement: Lidar data acquisition and processing completed by the National Center for Airborne Laser Mapping (NCALM - https://ncalm.cive.uh.edu). Funding for NCALM provided by NASA ROSES UAS-Enabled Earth Science grant #10-UAS10-0021 awarded to Glen, Egger, and Ippolito.","2026-09-20","2012-06-06","2012-06-14"
"POLETA","Poleta Folds, southern Deep Springs Valley, California","Airborne Lidar","ready","All indexed file URLs matched positive-sized public objects; one LAS header checked per collection.",77,77,"https://portal.opentopography.org/datasetMetadata?otCollectionID=OT.052015.32611.1","https://doi.org/10.5069/G95T3HFX","https://opentopography.s3.sdsc.edu/pc-bulk/POLETA/POLETA_TileIndex.zip","","164b34297f07f8f5b044885969b8090254c5fbc35bad2f8e3cae59011e6d6be3","cbf4d8bcec77df183c6d41f5c3ff45247460b3204461227061fb1ea41328e532","https://opentopography.org/usageterms","OpenTopography Data and Content terms; no dataset-specific license supplied","Poleta Folds, southern Deep Springs Valley, California. Distributed by OpenTopography. https://doi.org/10.5069/G95T3HFX Dataset acknowledgement: Data collected for educational purposes and funded by Central Washington University, Caltech, CSU-Sacramento, Oregon State University, UC Davis, UCLA, UC Santa Cruz, and Western Washington University.","2026-09-20","2014-02-01","2014-02-01"
"NAPA_2014","August 24, 2014 South Napa Earthquake","Airborne Lidar","ready","All indexed file URLs matched positive-sized public objects; one LAS header checked per collection.",103,103,"https://portal.opentopography.org/datasetMetadata?otCollectionID=OT.122014.26910.1","https://doi.org/10.5069/G9F769H3","https://opentopography.s3.sdsc.edu/pc-bulk/NAPA_2014/NAPA_2014_TileIndex.zip","","2e5bc627cc507c7bcf94dfec671e214d1eb8a65031b95cc4f1c70a205b41b4ab","1883df67c27b07ae8f35037edbb20323fdc129db8b75f7b57d386e518ae94b6c","https://opentopography.org/usageterms","OpenTopography Data and Content terms; no dataset-specific license supplied","August 24, 2014 South Napa Earthquake. Distributed by OpenTopography. https://doi.org/10.5069/G9F769H3 Dataset acknowledgement: Data collection was funded by the California Department of Water Resources, the US Geological Survey, the California Geological Survey, and PEER-GEER. More information about the data collection and application can be found in U.S. Geological Survey Open-File Report 2014-1249 . Orthoimagery from Google is available via a creative commons license ( CC by 4.0 ). Hudnut, K.W., Brocher, T.M., Prentice, C.S., Boatwright, J., Brooks, B.A., Aagaard, B.T., Blair, J.L., Fletcher, J.B., Erdem, J.E., Wicks, C.W., Murray, J.R., Pollitz, F.F., Langbein, J., Svarc, J., Schwartz, D.P., Ponti, D.J., Hecker, S., DeLong, S., Rosa, C., Jones, B., Lamb, R., Rosinski, A., McCrink, T.P., Dawson, T.E., Seitz, G., Rubin, R.S., Glennie, C., Hauser, D., Ericksen, T., Mardock, D., Hoirup, D.F., and Bray, J.D., 2014, Key recovery factors for the August 24, 2014, South Napa earthquake: U.S. Geological Survey Open-File Report 2014-1249, 51 p., http://dx.doi.org/10.3133/ofr20141249. All lidar and orthophotography data collected, processed and delivered by Towill, Inc. under California Department of Water Resources (DWR) contract 4600008691 Task Order 6 dated August 29, 2014 for the South Napa, CA Earthquake research project is in the public domain. DWR and the other cost-share partners listed above shall not accept any liability for its accuracy, quality or suitability for use by any entity. Data provided by the U.S. Geological Survey. (Hudnut, K.W., Brocher, T.M., Prentice, C.S., Boatwright, J., Brooks, B.A., Aagaard, B.T., Blair, J.L., Fletcher, J.B., Erdem, J.E., Wicks, C.W., Murray, J.R., Pollitz, F.F., Langbein, J., Svarc, J., Schwartz, D.P., Ponti, D.J., Hecker, S., DeLong, S., Rosa, C., Jones, B., Lamb, R., Rosinski, A., McCrink, T.P., Dawson, T.E., Seitz, G., Rubin, R.S., Glennie, C., Hauser, D., Ericksen, T., Mardock, D., Hoirup, D.F., and Bray, J.D., 2014, Key recovery factors for the August 24, 2014, South Napa earthquake: U.S. Geological Survey Open-File Report 2014?1249, 51 p., http://dx.doi.org/10.3133/ofr20141249.)","2026-09-20","2014-09-09","2014-09-09"
"CA14_Kleber","Wheeler Ridge, CA","Airborne Lidar","ready","All indexed file URLs matched positive-sized public objects; one LAS header checked per collection.",98,98,"https://portal.opentopography.org/datasetMetadata?otCollectionID=OT.022015.26911.2","https://doi.org/10.5069/G99K485N","https://opentopography.s3.sdsc.edu/pc-bulk/CA14_Kleber/CA14_Kleber_TileIndex.zip","","81e821ebacf5d9df8b063849c1961f5ec8825b66c18e8da700863f008cd97a7b","21fb455331625eb0cd564b8ebf238c4d1243c45e996c7dd180ff277e87fd0d2d","https://creativecommons.org/licenses/by/4.0/","Dataset use license","Wheeler Ridge, CA. Distributed by OpenTopography. https://doi.org/10.5069/G99K485N Dataset acknowledgement: Lidar data acquisition and processing completed by the National Center for Airborne Laser Mapping (NCALM). NCALM funding provided by NSF's Division of Earth Sciences, Instrumentation and Facilities Program. EAR-1043051. http://dx.doi.org/10.5069/G99K485N","2026-09-20","2014-10-23","2014-10-23"
"NV12_Valentine","Lunar Crater Volcanic Field, Central Nevada","Airborne Lidar","ready","All indexed file URLs matched positive-sized public objects; one LAS header checked per collection.",434,434,"https://portal.opentopography.org/datasetMetadata?otCollectionID=OT.022015.26911.1","https://doi.org/10.5069/G9PR7SX0","https://opentopography.s3.sdsc.edu/pc-bulk/NV12_Valentine/NV12_Valentine_TileIndex.zip","","7246b4942838b87ba496f241d32f9d41be01c45b3ea8057c32afffd3fbc22506","6819f7cb04d8c3701c157d06ab92e47c59b0416ed15a7b237d846ca234f39f47","https://creativecommons.org/licenses/by/4.0/","Dataset use license","Lunar Crater Volcanic Field, Central Nevada. Distributed by OpenTopography. https://doi.org/10.5069/G9PR7SX0 Dataset acknowledgement: Lidar data acquisition and processing completed by the National Center for Airborne Laser Mapping (NCALM - https://ncalm.cive.uh.edu). NCALM funding provided by NSF's Division of Earth Sciences, Instrumentation and Facilities Program. EAR-1043051.","2026-09-20","2012-06-30","2012-07-03"
"CO12_Glennie","Kremmling, CO: Blue and Colorado River Confluence","Airborne Lidar","ready","All indexed file URLs matched positive-sized public objects; one LAS header checked per collection.",34,34,"https://portal.opentopography.org/datasetMetadata?otCollectionID=OT.022015.26913.1","https://doi.org/10.5069/G9NS0RS5","https://opentopography.s3.sdsc.edu/pc-bulk/CO12_Glennie/CO12_Glennie_TileIndex.zip","","cfbdab39a22459c3f55fb62729d26ec9327e7bfb41c3ce8db1a4894ae770e19b","6bec8c8b84f651dea19615864482fde2326f4a5f33fd48a902e57dfed3ce478a","https://creativecommons.org/licenses/by/4.0/","Dataset use license","Kremmling, CO: Blue and Colorado River Confluence. Distributed by OpenTopography. https://doi.org/10.5069/G9NS0RS5 Dataset acknowledgement: Lidar data acquisition and processing completed by the National Center for Airborne Laser Mapping (NCALM - https://ncalm.cive.uh.edu). NCALM funding provided by NSF's Division of Earth Sciences, Instrumentation and Facilities Program. EAR-1043051.","2026-09-20","2012-09-05","2012-09-06"
"Sunset_Crater","Sunset Crater Volcano National Monument, AZ","Airborne Lidar","ready","All indexed file URLs matched positive-sized public objects; one LAS header checked per collection.",35,35,"https://portal.opentopography.org/datasetMetadata?otCollectionID=OT.022015.26912.1","https://doi.org/10.5069/G9K0726C","https://opentopography.s3.sdsc.edu/pc-bulk/Sunset_Crater/Sunset_Crater_TileIndex.zip","","41b73364159af5eac2e9964cdb741a24fbc62539862d6dbc596ae75e79380a9c","cec776e23d016cbbf3760466dbcc266f66c0a6396b1478cffb189513a0711439","https://opentopography.org/usageterms","OpenTopography Data and Content terms; no dataset-specific license supplied","Sunset Crater Volcano National Monument, AZ. Distributed by OpenTopography. https://doi.org/10.5069/G9K0726C Dataset acknowledgement: The National Park Service (NPS) shall not be held liable for improper or incorrect use of the data described and/or contained herein. These data and related graphics, if available, are not legal documents and are not intended to be used as such. These data are not of survey quality and not intended to be used for survey purposes. The information contained in these data is dynamic and may change over time. The data are not better than the original sources from which they were derived. It is the responsibility of the data user to use the data appropriately and consistent within the limitations of geospatial data in general and these data in particular. The related graphics are intended to aid the data user in acquiring relevant data; it is not appropriate to use the related graphics as data. The NPS gives no warranty, expressed or implied, as to the accuracy, reliability, or completeness of these data. It is strongly recommended that these data be directly acquired from an NPS source and not indirectly through other sources, which may have changed the data in some way. Although these data have been processed successfully on a computer system at the NPS, no warranty expressed or implied is made regarding the utility of the data on another system or for general or scientific purposes, nor shall the act of distribution constitute any such warranty. This disclaimer applies both to individual use of the data and aggregate use with other data.","2026-09-20","2012-09-16","2012-09-16"
"UGS_Wasatch","State of Utah Acquired Lidar Data - Wasatch Front","Airborne Lidar","ready","All indexed file URLs matched positive-sized public objects; one LAS header checked per collection.",4317,4317,"https://portal.opentopography.org/datasetMetadata?otCollectionID=OT.122014.26912.1","https://doi.org/10.5069/G9TH8JNQ","https://opentopography.s3.sdsc.edu/pc-bulk/UGS_Wasatch/UGS_Wasatch_TileIndex.zip","","5c9b861e6c67afc0938e6fc468e89e204e74277de0f6db6784444d81d777c79c","352f0b9a04a212311244a962c1db8e718dc0a64bb7476ae25d827308ab985b5a","https://opentopography.org/usageterms","OpenTopography Data and Content terms; no dataset-specific license supplied","State of Utah Acquired Lidar Data - Wasatch Front. Distributed by OpenTopography. https://doi.org/10.5069/G9TH8JNQ Dataset acknowledgement: The datasets acquired by the State of Utah and its partners are in the public domain and can be freely distributed with proper credit to the State of Utah and its partners. The datasets are presented as received from our acquisition vendors, and do not necessarily conform to State of Utah and its partners technical, editorial, or policy standards; this should be considered by an individual planning to take action based on the contents of the datasets. The State of Utah and its partners makes no warranty, expressed or implied, regarding its suitability for a particular use and shall not be liable under any circumstances for any direct, indirect, special, incidental, or consequential damages with respect to users of this product.","2026-09-20","2013-10-18","2014-05-31"
"SONOMA_LIDAR","UMD-NASA Carbon Mapping /Sonoma County Vegetation Mapping and Lidar Program","Airborne Lidar","ready","All indexed file URLs matched positive-sized public objects; one LAS header checked per collection.",11035,11035,"https://portal.opentopography.org/datasetMetadata?otCollectionID=OT.092014.2871.1","https://doi.org/10.5069/G9G73BM1","https://opentopography.s3.sdsc.edu/pc-bulk/SONOMA_LIDAR/SONOMA_LIDAR_TileIndex.zip","","a605a08ec068aebded9cc84e2b8c3277fd8b799d4e677febea139caab210bd68","d935e5bdaab0369e3f2fc388ba7dfffba40ec95fe997c94fcc8f707fb5858f38","https://opentopography.org/usageterms","OpenTopography Data and Content terms; no dataset-specific license supplied","UMD-NASA Carbon Mapping /Sonoma County Vegetation Mapping and Lidar Program. Distributed by OpenTopography. https://doi.org/10.5069/G9G73BM1 Dataset acknowledgement: Lidar data and orthophotography were provided by the University of Maryland under grant NNX13AP69G from NASA's Carbon Monitoring System (Dr. Ralph Dubayah and Dr. George Hurtt, Principal Investigators). This grant also funded the creation of derived forest cover and land cover information, including a countywide biomass and carbon map, a canopy cover map, and DEMs. The Sonoma County Vegetation Mapping and Lidar Program funded Lidar derived products in the California State Plane Coordinate System, such as DEMs, hillshades, building footprints, 1-foot contours, and other derived layers. The entirety of this data is freely licensed for unrestricted public use, unless otherwise noted. Any use of these data, including value-added products, within reports, papers, and presentations must acknowledge NASA Grant NNX13AP69G, the University of Maryland, and the Sonoma Vegetation Mapping and Lidar Program as their sources.","2026-09-20","2013-09-28","2013-10-28"
"NM12_Pelletier","Jemez River Basin, NM: Post-fire Landscape Response","Airborne Lidar","ready","All indexed file URLs matched positive-sized public objects; one LAS header checked per collection.",216,216,"https://portal.opentopography.org/datasetMetadata?otCollectionID=OT.092014.26913.1","https://doi.org/10.5069/G9319SVB","https://opentopography.s3.sdsc.edu/pc-bulk/NM12_Pelletier/NM12_Pelletier_TileIndex.zip","","96c1805cdcc453541331de438bd2945ff8787496e6dc81ae4d5062e7e5975067","e7b4302b53a2286522c3c1c83a0983618e54052d415abae5bfa830628477ea59","https://creativecommons.org/licenses/by/4.0/","Dataset use license","Jemez River Basin, NM: Post-fire Landscape Response. Distributed by OpenTopography. https://doi.org/10.5069/G9319SVB Dataset acknowledgement: Lidar data acquisition and processing completed by the National Center for Airborne Laser Mapping ( NCALM ). NCALM funding provided by NSF's Division of Earth Sciences, Instrumentation and Facilities Program. EAR-1043051.","2026-09-20","2012-05-25","2012-05-28"
"CA12_Selander","Harper Lake Fault Slip Distribution, Central Mojave, CA","Airborne Lidar","ready","All indexed file URLs matched positive-sized public objects; one LAS header checked per collection.",341,341,"https://portal.opentopography.org/datasetMetadata?otCollectionID=OT.092014.26911.1","https://doi.org/10.5069/G9BG2KXR","https://opentopography.s3.sdsc.edu/pc-bulk/CA12_Selander/CA12_Selander_TileIndex.zip","","9276a29fd4341ef886da0d4b1b9368ae3b9f99e162396583b1fe3448bc49f414","f3e8f2fc78c4569541dc79cbcf150afd4b888e4433667824f74a8f07aad930aa","https://creativecommons.org/licenses/by/4.0/","Dataset use license","Harper Lake Fault Slip Distribution, Central Mojave, CA. Distributed by OpenTopography. https://doi.org/10.5069/G9BG2KXR Dataset acknowledgement: Lidar data acquisition and processing completed by the National Center for Airborne Laser Mapping (NCALM - https://ncalm.cive.uh.edu). NCALM funding provided by NSF's Division of Earth Sciences, Instrumentation and Facilities Program. EAR-1043051.","2026-09-20","2012-06-17","2012-06-17"
"CA13_Tortini","Mount Shasta, CA: Quaternary Debris Avalanche","Airborne Lidar","ready","All indexed file URLs matched positive-sized public objects; one LAS header checked per collection.",84,84,"https://portal.opentopography.org/datasetMetadata?otCollectionID=OT.052014.26910.1","https://doi.org/10.5069/G97P8WB8","https://opentopography.s3.sdsc.edu/pc-bulk/CA13_Tortini/CA13_Tortini_TileIndex.zip","","c81d0af656c733bdcb777cb0ba87d4f71a7a7b488bf483d1de024536c586570b","6e1498d33e408ac3af964e6ab0d93e56f0ebcfb66e520c67c31f51055074e830","https://creativecommons.org/licenses/by/4.0/","Dataset use license","Mount Shasta, CA: Quaternary Debris Avalanche. Distributed by OpenTopography. https://doi.org/10.5069/G97P8WB8 Dataset acknowledgement: Lidar data acquisition and processing completed by the National Center for Airborne Laser Mapping (NCALM - https://ncalm.cive.uh.edu). NCALM funding provided by NSF's Division of Earth Sciences, Instrumentation and Facilities Program. EAR-1043051.","2026-09-20","2013-08-05","2013-08-05"
"CA13_Johnstone","Gabilan Mesa, CA: Valley Alluviation effects on Hillslope-Channel Coupling","Airborne Lidar","ready","All indexed file URLs matched positive-sized public objects; one LAS header checked per collection.",103,103,"https://portal.opentopography.org/datasetMetadata?otCollectionID=OT.052014.26910.2","https://doi.org/10.5069/G9416V04","https://opentopography.s3.sdsc.edu/pc-bulk/CA13_Johnstone/CA13_Johnstone_TileIndex.zip","","35faa63583851e00652f12abb7cf306d6dba43417eeccbc5ceb41cf301f50c65","5e4315928628fb82d2a46d0118a84d7a8278f98aaed2edc5223f7c0b5aed3e86","https://creativecommons.org/licenses/by/4.0/","Dataset use license","Gabilan Mesa, CA: Valley Alluviation effects on Hillslope-Channel Coupling. Distributed by OpenTopography. https://doi.org/10.5069/G9416V04 Dataset acknowledgement: Lidar data acquisition and processing completed by the National Center for Airborne Laser Mapping (NCALM - https://ncalm.cive.uh.edu). NCALM funding provided by NSF's Division of Earth Sciences, Instrumentation and Facilities Program. EAR-1043051.","2026-09-20","2013-08-11","2013-08-11"
"OR13_Sweeney","Mapleton, OR: Transient Landscape Evolution in the Oregon Coast Range","Airborne Lidar","ready","All indexed file URLs matched positive-sized public objects; one LAS header checked per collection.",79,79,"https://portal.opentopography.org/datasetMetadata?otCollectionID=OT.052014.26910.3","https://doi.org/10.5069/G9VH5KS3","https://opentopography.s3.sdsc.edu/pc-bulk/OR13_Sweeney/OR13_Sweeney_TileIndex.zip","","e63c45806f8545ccb114ef28c3bb4b8dc76920eb6f3cae81faa6ad6cbff5f8bb","f4d405fc4f3efe29d8586eeada456fb4c5ca15a64c3965f003bf0ed9bd3f45cf","https://creativecommons.org/licenses/by/4.0/","Dataset use license","Mapleton, OR: Transient Landscape Evolution in the Oregon Coast Range. Distributed by OpenTopography. https://doi.org/10.5069/G9VH5KS3 Dataset acknowledgement: Lidar data acquisition and processing completed by the National Center for Airborne Laser Mapping (NCALM - https://ncalm.cive.uh.edu). NCALM funding provided by NSF's Division of Earth Sciences, Instrumentation and Facilities Program. EAR-1043051.","2026-09-20","2013-08-03","2013-08-04"
"AZ13_BReyes","Santa Maria River, AZ: Vegetation and channel form","Airborne Lidar","ready","All indexed file URLs matched positive-sized public objects; one LAS header checked per collection.",72,72,"https://portal.opentopography.org/datasetMetadata?otCollectionID=OT.052014.26912.2","https://doi.org/10.5069/G9QR4V2S","https://opentopography.s3.sdsc.edu/pc-bulk/AZ13_BReyes/AZ13_BReyes_TileIndex.zip","","c9e3b00c0e6e61e9bb5958f2800cb3c2c6082f8c50230e87eb1843711db5bf0d","5063fe738f9b57c3d8421a1895ce0dcde515f9e89b1448dfb9c3383eb5214a98","https://creativecommons.org/licenses/by/4.0/","Dataset use license","Santa Maria River, AZ: Vegetation and channel form. Distributed by OpenTopography. https://doi.org/10.5069/G9QR4V2S Dataset acknowledgement: Lidar data acquisition and processing completed by the National Center for Airborne Laser Mapping (NCALM - https://ncalm.cive.uh.edu). NCALM funding provided by NSF's Division of Earth Sciences, Instrumentation and Facilities Program. EAR-1043051.","2026-09-20","2013-07-31","2013-07-31"
"OR13_CDarriau","Triangle Lake, OR: Earthquake Induced Landslide","Airborne Lidar","ready","All indexed file URLs matched positive-sized public objects; one LAS header checked per collection.",90,90,"https://portal.opentopography.org/datasetMetadata?otCollectionID=OT.052014.26910.4","https://doi.org/10.5069/G9M043BR","https://opentopography.s3.sdsc.edu/pc-bulk/OR13_CDarriau/OR13_CDarriau_TileIndex.zip","","471a4d8667f51e8d10aab3f9f8fa47e403463d6c2ef28fc7edccb86deaa187c0","7f78c41110dafb7455fd20337a256568314830af9593d42b3a0bd78375b4a10d","https://creativecommons.org/licenses/by/4.0/","Dataset use license","Triangle Lake, OR: Earthquake Induced Landslide. Distributed by OpenTopography. https://doi.org/10.5069/G9M043BR Dataset acknowledgement: Lidar data acquisition and processing completed by the National Center for Airborne Laser Mapping (NCALM - https://ncalm.cive.uh.edu). NCALM funding provided by NSF's Division of Earth Sciences, Instrumentation and Facilities Program. EAR-1043051.","2026-09-20","2013-08-02","2013-08-02"
"UT13_Richardson","San Rafael, UT: Survey of Exposed Subsurface Volcanic Features","Airborne Lidar","ready","All indexed file URLs matched positive-sized public objects; one LAS header checked per collection.",71,71,"https://portal.opentopography.org/datasetMetadata?otCollectionID=OT.052014.26912.1","https://doi.org/10.5069/G908638S","https://opentopography.s3.sdsc.edu/pc-bulk/UT13_Richardson/UT13_Richardson_TileIndex.zip","","eb82589f3790235f026d32320a95ccb8d4f43ab2cd1d0c9265229daf5aea006b","f6b8943bcbe48494d664ca967ab4b81a7a8c07c040cf007b135bf21c2cb2169a","https://creativecommons.org/licenses/by/4.0/","Dataset use license","San Rafael, UT: Survey of Exposed Subsurface Volcanic Features. Distributed by OpenTopography. https://doi.org/10.5069/G908638S Dataset acknowledgement: Lidar data acquisition and processing completed by the National Center for Airborne Laser Mapping (NCALM - https://ncalm.cive.uh.edu). NCALM funding provided by NSF's Division of Earth Sciences, Instrumentation and Facilities Program. EAR-1043051.","2026-09-20","2013-08-14","2013-08-14"
"MS11_Kumar","Rapid Response to 2011 Mississippi Flood","Airborne Lidar","ready","All indexed file URLs matched positive-sized public objects; one LAS header checked per collection.",228,228,"https://portal.opentopography.org/datasetMetadata?otCollectionID=OT.032014.26916.1","https://doi.org/10.5069/G9CF9N1J","https://opentopography.s3.sdsc.edu/pc-bulk/MS11_Kumar/MS11_Kumar_TileIndex.zip","","e5d3948a07e05f71935c386f883a82dc2e90fcab30ca9ab77838f64bd3b94bb0","f946e8f379aeb1059ff3a5c8d2f9646a778f942e4706f131e210f36536f73800","https://creativecommons.org/licenses/by/4.0/","Dataset use license","Rapid Response to 2011 Mississippi Flood. Distributed by OpenTopography. https://doi.org/10.5069/G9CF9N1J Dataset acknowledgement: Lidar data acquisition and processing completed by the National Center for Airborne Laser Mapping (NCALM - https://ncalm.cive.uh.edu). NCALM funding provided by NSF's Division of Earth Sciences, Instrumentation and Facilities Program. EAR-1043051.","2026-09-20","2011-03-23","2011-06-21"
"ARRA10_USGS","Central U.S. ARRA Lidar, New Madrid Seismic Zone","Airborne Lidar","ready","All indexed file URLs matched positive-sized public objects; one LAS header checked per collection.",1039,1039,"https://portal.opentopography.org/datasetMetadata?otCollectionID=OT.022014.32616.1","https://doi.org/10.5069/G9N014G4","https://opentopography.s3.sdsc.edu/pc-bulk/ARRA10_USGS/ARRA10_USGS_TileIndex.zip","","cdeaaf8f44b2b16f16d90e47a6e4a70e997598b948551927101e983b4edad19a","f15759c368aa613d3d316b0092ac8fe9c640945260db36d194ce9d4733c9c060","https://opentopography.org/usageterms","OpenTopography Data and Content terms; no dataset-specific license supplied","Central U.S. ARRA Lidar, New Madrid Seismic Zone. Distributed by OpenTopography. https://doi.org/10.5069/G9N014G4 Dataset acknowledgement: Data purchased and made available by the U.S. Geological Survey","2026-09-20","2010-07-08","2010-09-29"
"ARRA11_USGS","California ARRA Lidar","Airborne Lidar","ready","All indexed file URLs matched positive-sized public objects; one LAS header checked per collection.",1416,1416,"https://portal.opentopography.org/datasetMetadata?otCollectionID=OT.022014.32610.1","https://doi.org/10.5069/G9H70CRD","https://opentopography.s3.sdsc.edu/pc-bulk/ARRA11_USGS/ARRA11_USGS_TileIndex.zip","","59f1c7a14789a1ac132ae4f9a8e7263420ab65bf086f23e50fcbc02716fa5cee","76d655ac98a4861523e574afbbe1ca8e6013ae4a8adf9f824cb1c8ba0c6a32e7","https://opentopography.org/usageterms","OpenTopography Data and Content terms; no dataset-specific license supplied","California ARRA Lidar. Distributed by OpenTopography. https://doi.org/10.5069/G9H70CRD Dataset acknowledgement: Data purchased and made available by the U.S. Geological Survey","2026-09-20","2011-03-13","2011-05-09"
"HI13_Murphy","Kohala Peninsula, Hawaii: Precipitation Effects on Landscape Evolution","Airborne Lidar","ready","All indexed file URLs matched positive-sized public objects; one LAS header checked per collection.",67,67,"https://portal.opentopography.org/datasetMetadata?otCollectionID=OT.012014.26904.1","https://doi.org/10.5069/G9J67DW7","https://opentopography.s3.sdsc.edu/pc-bulk/HI13_Murphy/HI13_Murphy_TileIndex.zip","","cbe320ceca5c83afd175c1cf0772ad047053675595748f7d7d791f1c2f9c3c84","d8e138770f7724bc2872874561cac8041dd6cacc475e8bd81709f7ce780c2634","https://creativecommons.org/licenses/by/4.0/","Dataset use license","Kohala Peninsula, Hawaii: Precipitation Effects on Landscape Evolution. Distributed by OpenTopography. https://doi.org/10.5069/G9J67DW7 Dataset acknowledgement: Lidar data acquisition and processing completed by the National Center for Airborne Laser Mapping (NCALM - https://ncalm.cive.uh.edu). NCALM funding provided by NSF's Division of Earth Sciences, Instrumentation and Facilities Program. EAR-1043051.","2026-09-20","2013-02-05","2013-02-12"
"HI13_Huppert","Na Pali Coast, Kauai, Hawaii","Airborne Lidar","ready","All indexed file URLs matched positive-sized public objects; one LAS header checked per collection.",146,146,"https://portal.opentopography.org/datasetMetadata?otCollectionID=OT.012014.26904.2","https://doi.org/10.5069/G91834D5","https://opentopography.s3.sdsc.edu/pc-bulk/HI13_Huppert/HI13_Huppert_TileIndex.zip","","9e50e36858ba3d99b581ee8432e40c76db979a7ef43793a151bdbeaeeecedc96","dc27c1b360c4bb3d875579932b651310d308ef74409ce5cc034f599b77420abf","https://creativecommons.org/licenses/by/4.0/","Dataset use license","Na Pali Coast, Kauai, Hawaii. Distributed by OpenTopography. https://doi.org/10.5069/G91834D5 Dataset acknowledgement: Lidar data acquisition and processing completed by the National Center for Airborne Laser Mapping (NCALM - https://ncalm.cive.uh.edu). NCALM funding provided by NSF's Division of Earth Sciences, Instrumentation and Facilities Program. EAR-1043051.","2026-09-20","2013-02-14","2013-02-16"
"FL12_Feliciano","South Florida Everglades","Airborne Lidar","ready","All indexed file URLs matched positive-sized public objects; one LAS header checked per collection.",78,78,"https://portal.opentopography.org/datasetMetadata?otCollectionID=OT.082013.26917.1","https://doi.org/10.5069/G9XG9P2Q","https://opentopography.s3.sdsc.edu/pc-bulk/FL12_Feliciano/FL12_Feliciano_TileIndex.zip","","5c49473daff0041ed01861d27b2801b7caf588112a699b5926dcc778b654d497","3e3fe8705502af883b0d378b2596eeb370f9f9f7939810f79d7eea3cbec9d999","https://creativecommons.org/licenses/by/4.0/","Dataset use license","South Florida Everglades. Distributed by OpenTopography. https://doi.org/10.5069/G9XG9P2Q Dataset acknowledgement: Lidar data acquisition and processing completed by the National Center for Airborne Laser Mapping (NCALM - https://ncalm.cive.uh.edu). NCALM funding provided by NSF's Division of Earth Sciences, Instrumentation and Facilities Program. EAR-1043051.","2026-09-20","2012-11-17","2012-11-17"
"CA11_Finnegan","California Coast: Big Creek, Vincente, Arroyo Seco, Scotts Creek, UCSC","Airborne Lidar","ready","All indexed file URLs matched positive-sized public objects; one LAS header checked per collection.",414,414,"https://portal.opentopography.org/datasetMetadata?otCollectionID=OT.082013.26910.1","https://doi.org/10.5069/G9SQ8XB0","https://opentopography.s3.sdsc.edu/pc-bulk/CA11_Finnegan/CA11_Finnegan_TileIndex.zip","","8a66a193c91855c4da7a7e8cdb925901fe7281cc6931a84439ed1d5021394e8b","6e5a22f99b663dd4a807221e7088c477ebc6ab111101782ad00ba1b1186be5aa","https://creativecommons.org/licenses/by/4.0/","Dataset use license","California Coast: Big Creek, Vincente, Arroyo Seco, Scotts Creek, UCSC. Distributed by OpenTopography. https://doi.org/10.5069/G9SQ8XB0 Dataset acknowledgement: Lidar data acquisition and processing completed by the National Center for Airborne Laser Mapping (NCALM - https://ncalm.cive.uh.edu). NCALM funding provided by NSF's Division of Earth Sciences, Instrumentation and Facilities Program. EAR-1043051.","2026-09-20","2011-03-08","2011-03-11"
"AUS11_Victor","Victor Harbour - South Australia, 2011","Airborne Lidar","ready","All indexed file URLs matched positive-sized public objects; one LAS header checked per collection.",429,429,"https://portal.opentopography.org/datasetMetadata?otCollectionID=OT.062013.28354.1","https://doi.org/10.5069/G9251G47","https://opentopography.s3.sdsc.edu/pc-bulk/AUS11_Victor/AUS11_Victor_TileIndex.zip","","803143fb52f462c38c597af9f252aa57e6544cb3e533c0a018288fd665cea8c9","45df1ab40838cf42d889c62b9db9d625b32e04a2328052273af8670aab4492ff","https://opentopography.org/usageterms","OpenTopography Data and Content terms; no dataset-specific license supplied","Victor Harbour - South Australia, 2011. Distributed by OpenTopography. https://doi.org/10.5069/G9251G47 Dataset acknowledgement: The Coastal Urban Digital Elevation Modelling in High Priority Regions (UDEM) project involved acquiring, processing and providing whole of government access to high resolution elevation data for priority coastal areas of Australia. It has closed the gap between existing land and sea datasets. The UDEM project has also developed and made available a range of information products to assist decision-makers (government, business and industry, and communities) to plan for the impacts of climate change.","2026-09-20","2011-02-09","2011-04-09"
"MT05_05Lorang","Flathead Lake Biological Station, MT (May 2005)","Airborne Lidar","ready","All indexed file URLs matched positive-sized public objects; one LAS header checked per collection.",36,36,"https://portal.opentopography.org/datasetMetadata?otCollectionID=OT.052013.26912.2","https://doi.org/10.5069/G95X26V7","https://opentopography.s3.sdsc.edu/pc-bulk/MT05_05Lorang/MT05_05Lorang_TileIndex.zip","","c0c91db1441da9ca878b863885af5216a9920b8bd2e22cdc5cef0cbf1c23272f","55af86d5762828e71819c8966e0955dcc93f861acfbf0bb3eeebf2fa95ff59c8","https://creativecommons.org/licenses/by/4.0/","Dataset use license","Flathead Lake Biological Station, MT (May 2005). Distributed by OpenTopography. https://doi.org/10.5069/G95X26V7 Dataset acknowledgement: Lidar data acquisition and processing completed by the National Center for Airborne Laser Mapping (NCALM - https://ncalm.cive.uh.edu). NCALM funding provided by NSF's Division of Earth Sciences, Instrumentation and Facilities Program. EAR-1043051.","2026-09-20","2005-05-29","2005-05-30"
"WY12_Befus","Solfatara Plateau Obsidian Lava Flow, Yellowstone National Park, WY","Airborne Lidar","ready","All indexed file URLs matched positive-sized public objects; one LAS header checked per collection.",77,77,"https://portal.opentopography.org/datasetMetadata?otCollectionID=OT.052013.26912.1","https://doi.org/10.5069/G99P2ZKK","https://opentopography.s3.sdsc.edu/pc-bulk/WY12_Befus/WY12_Befus_TileIndex.zip","","f93a17ac98eeeb4a0309c8fbf9b372c83b8f29c3ca1639db2ce22f80f7e3fef0","7e9c0f8cdee205145d15271e7045b3a3e652f364f1ff15890ebf775c68872a9c","https://creativecommons.org/licenses/by/4.0/","Dataset use license","Begus, K. (2012): Solfatara Plateau Obsidian Lava Flow, Yellowstone National Park, WY airborne lidar survey. National Center for Airborne Laser Mapping (NCALM). Distributed by OpenTopography. https://doi.org/10.5069/G99P2ZKK. Dataset acknowledgement: Any use of this data should acknowledge lidar data acquisition and processing completed by the National Center for Airborne Laser Mapping ( NCALM ). NCALM funding provided by NSF's Division of Earth Sciences, Instrumentation and Facilities Program. EAR-1043051.","2026-09-20","2012-08-25","2012-09-03"
"WA12_Dickerson","Hyak, WA:  Cedar River Municipal Watershed Snow Modeling","Airborne Lidar","ready","All indexed file URLs matched positive-sized public objects; one LAS header checked per collection.",96,96,"https://portal.opentopography.org/datasetMetadata?otCollectionID=OT.052013.26910.2","https://doi.org/10.5069/G9K64G11","https://opentopography.s3.sdsc.edu/pc-bulk/WA12_Dickerson/WA12_Dickerson_TileIndex.zip","","45ad9c76a8c8db8395a5646db7b96636d4fe7a56d443af29a6b8004ac5ef0b71","f344548d171a5a272dd269344ae6be7ded40bd42386cff88cfd8fc12f9170dde","https://creativecommons.org/licenses/by/4.0/","Dataset use license","Hyak, WA:  Cedar River Municipal Watershed Snow Modeling. Distributed by OpenTopography. https://doi.org/10.5069/G9K64G11 Dataset acknowledgement: Lidar data acquisition and processing completed by the National Center for Airborne Laser Mapping (NCALM - https://ncalm.cive.uh.edu). NCALM funding provided by NSF's Division of Earth Sciences, Instrumentation and Facilities Program. EAR-1043051.","2026-09-20","2012-08-31","2012-09-01"
"WA12_Legg","Southwest Flank of Mt.Rainier, WA","Airborne Lidar","ready","All indexed file URLs matched positive-sized public objects; one LAS header checked per collection.",132,132,"https://portal.opentopography.org/datasetMetadata?otCollectionID=OT.052013.26910.1","https://doi.org/10.5069/G9PZ56R1","https://opentopography.s3.sdsc.edu/pc-bulk/WA12_Legg/WA12_Legg_TileIndex.zip","","cf37813bbf8de4db6635be3a06b9d5090832b80d62e4936f0a018adfb35bd60e","6fdf109d865f7b41c3950b447734e19ae30cb96bcfc77c7695a8a01f0dc53b0d","https://creativecommons.org/licenses/by/4.0/","Dataset use license","Southwest Flank of Mt.Rainier, WA. Distributed by OpenTopography. https://doi.org/10.5069/G9PZ56R1 Dataset acknowledgement: Lidar data acquisition and processing completed by the National Center for Airborne Laser Mapping (NCALM - https://ncalm.cive.uh.edu). NCALM funding provided by NSF's Division of Earth Sciences, Instrumentation and Facilities Program. EAR-1043051.","2026-09-20","2012-08-28","2012-09-01"
"CO10_Tucker","Raleigh Peak, Colorado: May 2010","Airborne Lidar","ready","All indexed file URLs matched positive-sized public objects; one LAS header checked per collection.",75,75,"https://portal.opentopography.org/datasetMetadata?otCollectionID=OT.052013.26913.2","https://doi.org/10.5069/G9TM782F","https://opentopography.s3.sdsc.edu/pc-bulk/CO10_Tucker/CO10_Tucker_TileIndex.zip","","e619abd8a2cd9274e74b84c5ea8b5555c44b9df09f0f3fb1d123a27a66411eb5","66719ce07a6e6ffa87b1a544b39d86e915437a5bac4db951865b947a59db16d6","https://creativecommons.org/licenses/by/4.0/","Dataset use license","Raleigh Peak, Colorado: May 2010. Distributed by OpenTopography. https://doi.org/10.5069/G9TM782F Dataset acknowledgement: Lidar data acquisition and processing completed by the National Center for Airborne Laser Mapping (NCALM - https://ncalm.cive.uh.edu). NCALM funding provided by NSF's Division of Earth Sciences, Instrumentation and Facilities Program. EAR-1043051.","2026-09-20","2010-05-07","2010-05-07"
"CO10_Grigsby","2010 CU-Boulder Campus and Flatirons","Airborne Lidar","ready","All indexed file URLs matched positive-sized public objects; one LAS header checked per collection.",67,67,"https://portal.opentopography.org/datasetMetadata?otCollectionID=OT.052013.26913.1","https://doi.org/10.5069/G9ZC80SR","https://opentopography.s3.sdsc.edu/pc-bulk/CO10_Grigsby/CO10_Grigsby_TileIndex.zip","","9ae3fc6953df63b9cc7315b12be0aac30d68f05f47bdd3dc78ce11752aec2acd","9c70bb9eaafdfc3fb477b3069bc2e442c628e93b819d499b38fa99b9c3cf9f20","https://creativecommons.org/licenses/by/4.0/","Dataset use license","2010 CU-Boulder Campus and Flatirons. Distributed by OpenTopography. https://doi.org/10.5069/G9ZC80SR Dataset acknowledgement: Please cite this data release as: Grigsby, S., 2013, Leaf-on lidar point cloud data for solar site assessment of the CU-Boulder campus, Department of Geography, University of Colorado at Boulder, digital media. Lidar data acquisition and processing completed by the National Center for Airborne Laser Mapping (NCALM - https://ncalm.cive.uh.edu). NCALM funding provided by NSF's Division of Earth Sciences, Instrumentation and Facilities Program. EAR-1043051. Collection for Mr. Shane Grigsby (University of Colorado, Department of Geography, Boulder) as part of the Topographic Mapping of the CU Campus for Sustainability project (Sustainable CU - http://www.colorado.edu/ecenter/greening-cu/sustainable-cu), funded by the CU Environmental Center (http://www.colorado.edu/ecenter/).","2026-09-20","2010-05-03","2010-05-05"
"CA12_Lifton","White Mountain Fault Zone, Owens Valley, CA","Airborne Lidar","ready","All indexed file URLs matched positive-sized public objects; one LAS header checked per collection.",71,71,"https://portal.opentopography.org/datasetMetadata?otCollectionID=OT.052013.26911.1","https://doi.org/10.5069/G9FF3Q99","https://opentopography.s3.sdsc.edu/pc-bulk/CA12_Lifton/CA12_Lifton_TileIndex.zip","","b8147923bd47fe4737be136a57a1085cee87a4743586b809d6182608e059b7bb","fe2f918d2c80867b3508b0978988da6837cf2d42bf151c68c21c2378c92239b8","https://creativecommons.org/licenses/by/4.0/","Dataset use license","White Mountain Fault Zone, Owens Valley, CA. Distributed by OpenTopography. https://doi.org/10.5069/G9FF3Q99 Dataset acknowledgement: Lidar data acquisition and processing completed by the National Center for Airborne Laser Mapping (NCALM - https://ncalm.cive.uh.edu). NCALM funding provided by NSF's Division of Earth Sciences, Instrumentation and Facilities Program. EAR-1043051.","2026-09-20","2012-07-04","2012-07-04"
"NM07_Jurado","Ladron Peak, New Mexico Survey","Airborne Lidar","ready","All indexed file URLs matched positive-sized public objects; one LAS header checked per collection.",54,54,"https://portal.opentopography.org/datasetMetadata?otCollectionID=OT.042013.26913.1","https://doi.org/10.5069/G9348H82","https://opentopography.s3.sdsc.edu/pc-bulk/NM07_Jurado/NM07_Jurado_TileIndex.zip","","f8fe23731c062712d301f3772668d0bc3f2ef4cf994aca3562cc250e0dbdc1d1","95b666e991f50f547acfb8f3b95b0acc4a8fe8b5f42629730fdac5d6ee493bbe","https://creativecommons.org/licenses/by/4.0/","Dataset use license","Ladron Peak, New Mexico Survey. Distributed by OpenTopography. https://doi.org/10.5069/G9348H82 Dataset acknowledgement: Lidar data acquisition and processing completed by the National Center for Airborne Laser Mapping (NCALM - https://ncalm.cive.uh.edu). NCALM funding provided by NSF's Division of Earth Sciences, Instrumentation and Facilities Program. EAR-1043051.","2026-09-20","2007-09-25","2007-09-25"
"NC08_Morse","Columbia, NC: Modeling Coastal Plain Wetland Ecosystems","Airborne Lidar","ready","All indexed file URLs matched positive-sized public objects; one LAS header checked per collection.",34,34,"https://portal.opentopography.org/datasetMetadata?otCollectionID=OT.042013.26918.3","https://doi.org/10.5069/G9QV3JG3","https://opentopography.s3.sdsc.edu/pc-bulk/NC08_Morse/NC08_Morse_TileIndex.zip","","665ddbd71143788570971b0c282c93bb479bb9d05872b9b3446b200bac3f650c","37e091282703dd931c4ffe186fbcb0e09ef16d2ac9189bc08adcb681d843e58d","https://creativecommons.org/licenses/by/4.0/","Dataset use license","Columbia, NC: Modeling Coastal Plain Wetland Ecosystems. Distributed by OpenTopography. https://doi.org/10.5069/G9QV3JG3 Dataset acknowledgement: Lidar data acquisition and processing completed by the National Center for Airborne Laser Mapping (NCALM - https://ncalm.cive.uh.edu). NCALM funding provided by NSF's Division of Earth Sciences, Instrumentation and Facilities Program. EAR-1043051.","2026-09-20","2008-11-18","2008-11-18"
"ME07_Snyder","Survey of Sheepscot, Narragaugus and Pleasant Rivers, Maine","Airborne Lidar","ready","All indexed file URLs matched positive-sized public objects; one LAS header checked per collection.",1235,1235,"https://portal.opentopography.org/datasetMetadata?otCollectionID=OT.042013.26919.1","https://doi.org/10.5069/G9M61H5D","https://opentopography.s3.sdsc.edu/pc-bulk/ME07_Snyder/ME07_Snyder_TileIndex.zip","","3bf239a07cba7c12c1096dfcbd8d8560a64230883e1f6ceae4f40893db83f0ba","4643b66fe59589ba98ec964ec3ad9cb6bd4a8e83ba862ce6f2d9b08f300accb4","https://creativecommons.org/licenses/by/4.0/","Dataset use license","Survey of Sheepscot, Narragaugus and Pleasant Rivers, Maine. Distributed by OpenTopography. https://doi.org/10.5069/G9M61H5D Dataset acknowledgement: Lidar data acquisition and processing completed by the National Center for Airborne Laser Mapping (NCALM - https://ncalm.cive.uh.edu). NCALM funding provided by NSF's Division of Earth Sciences, Instrumentation and Facilities Program. EAR-1043051.","2026-09-20","2007-10-31","2007-11-11"
"SSCZO_Mar10","Southern Sierra Nevada Critical Zone Observatory: Snow On","Airborne Lidar","ready","All indexed file URLs matched positive-sized public objects; one LAS header checked per collection.",157,157,"https://portal.opentopography.org/datasetMetadata?otCollectionID=OT.042013.26911.1","https://doi.org/10.5069/G9GF0RFP","https://opentopography.s3.sdsc.edu/pc-bulk/SSCZO_Mar10/SSCZO_Mar10_TileIndex.zip","","e42c7da1344a18e180f36230f615c25d0c60fb7b4115eeaa0f365dcec7847724","22dbeb4d209b13594683c5540c386cedeb31b5b93c11f85ce5850543c8f43c47","https://creativecommons.org/licenses/by/4.0/","Dataset use license","Southern Sierra Nevada Critical Zone Observatory: Snow On. Distributed by OpenTopography. https://doi.org/10.5069/G9GF0RFP Dataset acknowledgement: Please cite this data release as: Anderson, S.P., Qinghua, G., and Parrish, E.G., 2012, Snow-on and snow-off Lidar point cloud data and digital elevation models for study of topography, snow, ecosystems and environmental change at Southern Sierra Critical Zone Observatory, California: Southern Sierra CZO, University of California at Merced , digital media. Please cite this data release as: Qinghua, Guo. Roger Bales, 2012, Snow-on and snow-off Lidar point cloud data and digital elevation models for study of topography, snow, ecosystems and environmental change at Southern Sierra Critical Zone Observatory, California: Southern Sierra CZO, University of California at Merced, digital media. And the funding sources: National Science Funding: EAR-0922307. Please use either snow on/off or leaf on/off for all sites. For the credit, use my name, and PIs of the site (e.g. Qinghua, Roger Bales), check the CZO website for the name of PIs (there are one site which has two PIs). For leave on/off site, please use this title: Leaf-on and leaf-off Lidar point cloud data and digital elevation models for study of hydrologic, geomorphologic, and geochemical processes at XXXX (need to fill in the specific site name) Critical Zone Observatory. Lidar data are collected by the National Center for Airborne Laser Mapping (NCALM - https://ncalm.cive.uh.edu), with project director Qinghua Guo, funded by National Science Foundation (EAR-0922307).","2026-09-20","2010-03-14","2010-03-24"
"SSCZO_Aug10","Southern Sierra Nevada Critical Zone Observatory: Snow Off","Airborne Lidar","ready","All indexed file URLs matched positive-sized public objects; one LAS header checked per collection.",166,166,"https://portal.opentopography.org/datasetMetadata?otCollectionID=OT.042013.26911.2","https://doi.org/10.5069/G9BP00QB","https://opentopography.s3.sdsc.edu/pc-bulk/SSCZO_Aug10/SSCZO_Aug10_TileIndex.zip","","fab0492be6b568c5b11d017fec71c0f932dd9f5e8ebc0ef45a8ab8e86e0aebda","8177c7d23e8f7fa56a51268f896ab045e7f0421ffa08aa2a62d85ff24f541d7e","https://creativecommons.org/licenses/by/4.0/","Dataset use license","Southern Sierra Nevada Critical Zone Observatory: Snow Off. Distributed by OpenTopography. https://doi.org/10.5069/G9BP00QB Dataset acknowledgement: Please cite this data release as: Anderson, S.P., Qinghua, G., and Parrish, E.G., 2012, Snow-on and snow-off Lidar point cloud data and digital elevation models for study of topography, snow, ecosystems and environmental change at Southern Sierra Critical Zone Observatory, California: Southern Sierra CZO, University of California at Merced , digital media. Please cite this data release as: Qinghua, Guo. Roger Bales, 2012, Snow-on and snow-off Lidar point cloud data and digital elevation models for study of topography, snow, ecosystems and environmental change at Southern Sierra Critical Zone Observatory, California: Southern Sierra CZO, University of California at Merced, digital media. And the funding sources: National Science Funding: EAR-0922307. Please use either snow on/off or leaf on/off for all sites. For the credit, use my name, and PIs of the site (e.g. Qinghua, Roger Bales), check the CZO website for the name of PIs (there are one site which has two PIs). For leave on/off site, please use this title: Leaf-on and leaf-off Lidar point cloud data and digital elevation models for study of hydrologic, geomorphologic, and geochemical processes at XXXX (need to fill in the specific site name) Critical Zone Observatory. Lidar data are collected by the National Center for Airborne Laser Mapping (NCALM - https://ncalm.cive.uh.edu), with project director Qinghua Guo, funded by National Science Foundation (EAR-0922307).","2026-09-20","2010-08-05","2010-08-15"
"SHCZO_Jul10","Susquehanna Shale Hills Critical Zone Observatory: Leaf On Survey","Airborne Lidar","ready","All indexed file URLs matched positive-sized public objects; one LAS header checked per collection.",849,849,"https://portal.opentopography.org/datasetMetadata?otCollectionID=OT.042013.26918.1","https://doi.org/10.5069/G96W980G","https://opentopography.s3.sdsc.edu/pc-bulk/SHCZO_Jul10/SHCZO_Jul10_TileIndex.zip","","4e1f84e88f0770112480f43965a7095c7c380cdf7cdb36c70d53e7983da30673","e317a36320cd838411f371d33ae9c0a7398aeb0f08902fa375a1febb80e82ff6","https://creativecommons.org/licenses/by/4.0/","Dataset use license","Susquehanna Shale Hills Critical Zone Observatory: Leaf On Survey. Distributed by OpenTopography. https://doi.org/10.5069/G96W980G Dataset acknowledgement: Lidar data acquisition and processing were completed by the National Center for Airborne Laser Mapping (NCALM), funded by the National Science Foundation Award EAR-0922307, and coordinated by Qinghua Guo for the Susquehanna Shale Hills Critical Zone Observatory funded by the National Science Foundation Award EAR-0725019.","2026-09-20","2010-07-14","2010-07-17"
"SHCZO_Dec10","Susquehanna Shale Hills Critical Zone Observatory: Leaf Off Survey","Airborne Lidar","ready","All indexed file URLs matched positive-sized public objects; one LAS header checked per collection.",849,849,"https://portal.opentopography.org/datasetMetadata?otCollectionID=OT.042013.26918.2","https://doi.org/10.5069/G9VM496T","https://opentopography.s3.sdsc.edu/pc-bulk/SHCZO_Dec10/SHCZO_Dec10_TileIndex.zip","","2975aedddcccdb123a0ce1d5ae3c6683b56f0a4850ca5b32bba04c9731ec1efe","4d636f00a6b912408f8cc7c26e71061b0d491da1f7c8bad4015f58a51a49fc58","https://creativecommons.org/licenses/by/4.0/","Dataset use license","Susquehanna Shale Hills Critical Zone Observatory: Leaf Off Survey. Distributed by OpenTopography. https://doi.org/10.5069/G9VM496T Dataset acknowledgement: Lidar data acquisition and processing were completed by the National Center for Airborne Laser Mapping (NCALM), funded by the National Science Foundation Award EAR-0922307, and coordinated by Qinghua Guo for the Susquehanna Shale Hills Critical Zone Observatory funded by the National Science Foundation Award EAR-0725019.","2026-09-20","2010-12-03","2010-12-09"
"UGS_LIDAR","Utah Geological Survey Lidar","Airborne Lidar","ready","All indexed file URLs matched positive-sized public objects; one LAS header checked per collection.",1609,1609,"https://portal.opentopography.org/datasetMetadata?otCollectionID=OT.042013.26912.1","https://doi.org/10.5069/G90C4SPQ","https://opentopography.s3.sdsc.edu/pc-bulk/UGS_LIDAR/UGS_LIDAR_TileIndex.zip","","e06c9ee74dcced5589931699adccb4b498c505b470f13291fc4af21840ee3388","3f01be5151c3983bbf077fa74172919d18801e17f87fe4eb08afc4842005b1c6","https://opentopography.org/usageterms","OpenTopography Data and Content terms; no dataset-specific license supplied","Utah Geological Survey Lidar. Distributed by OpenTopography. https://doi.org/10.5069/G90C4SPQ Dataset acknowledgement: Lidar data provided by the Utah Geological Survey and its partners. This release is intended as a data repository for information gathered in support of various Utah Geological Survey projects. The data are presented as received from Utah State University, LASSI Service Center and do not necessarily conform to Utah Geological Survey technical, editorial, or policy standards; this should be considered by an individual planning to take action based on the contents of this release. The Utah Department of Natural Resources, Utah Geological Survey, makes no warranty, expressed or implied, regarding its suitability for a particular use. The Utah Department of Natural Resources, Utah Geological Survey, shall not be liable under any circumstances for any direct, indirect, special, incidental, or consequential damages with respect to users of this product.","2026-09-20","2011-09-23","2011-10-27"
"NC07_Tebbens","North Carolina Coast: Quantifying Patterns of Coastal Change (July 2007)","Airborne Lidar","ready","All indexed file URLs matched positive-sized public objects; one LAS header checked per collection.",92,92,"https://portal.opentopography.org/datasetMetadata?otCollectionID=OT.032013.26918.2","https://doi.org/10.5069/G91C1TT3","https://opentopography.s3.sdsc.edu/pc-bulk/NC07_Tebbens/NC07_Tebbens_TileIndex.zip","","a529b845d86f0b6375f874c7e148321e408f8befe28182edbadc54e9381cd316","8435fd3fb0577b119bdef880609a007ed0b7a191bdb0ebda3d76a3c77bb89ac4","https://creativecommons.org/licenses/by/4.0/","Dataset use license","North Carolina Coast: Quantifying Patterns of Coastal Change (July 2007). Distributed by OpenTopography. https://doi.org/10.5069/G91C1TT3 Dataset acknowledgement: Lidar data acquisition and processing completed by the National Center for Airborne Laser Mapping (NCALM - https://ncalm.cive.uh.edu). NCALM funding provided by NSF's Division of Earth Sciences, Instrumentation and Facilities Program. EAR-1043051.","2026-09-20","2007-07-08","2007-07-08"
"NC06_Tebbens","North Carolina Coast: Quantifying Patterns of Coastal Change (June 2006)","Airborne Lidar","ready","All indexed file URLs matched positive-sized public objects; one LAS header checked per collection.",32,32,"https://portal.opentopography.org/datasetMetadata?otCollectionID=OT.032013.26918.1","https://doi.org/10.5069/G9542KJT","https://opentopography.s3.sdsc.edu/pc-bulk/NC06_Tebbens/NC06_Tebbens_TileIndex.zip","","e284f6dc35f48b7209f622873845a3296c54246df90a3cf07d15806a054552cf","95ce7da7c602c877e20f4520b18d723a5551a082b1d3efc1643db8df79751a0b","https://creativecommons.org/licenses/by/4.0/","Dataset use license","North Carolina Coast: Quantifying Patterns of Coastal Change (June 2006). Distributed by OpenTopography. https://doi.org/10.5069/G9542KJT Dataset acknowledgement: Lidar data acquisition and processing completed by the National Center for Airborne Laser Mapping (NCALM - https://ncalm.cive.uh.edu). NCALM funding provided by NSF's Division of Earth Sciences, Instrumentation and Facilities Program. EAR-1043051.","2026-09-20","2006-06-22","2006-06-22"
"AK05_Pavlis","St. Elis Mountains and Gulf of Alaska","Airborne Lidar","ready","All indexed file URLs matched positive-sized public objects; one LAS header checked per collection.",537,537,"https://portal.opentopography.org/datasetMetadata?otCollectionID=OT.012013.26906.1","https://doi.org/10.5069/G9R20Z92","https://opentopography.s3.sdsc.edu/pc-bulk/AK05_Pavlis/AK05_Pavlis_TileIndex.zip","","f241588675e54d71ade260faad6acdb248b3ebc3bdc909dcde79373f2e5f1a00","5f7a688bca9c24f476c3bb87003ff2b730a777a53b04225d6f1e0bf58a3dd649","https://creativecommons.org/licenses/by/4.0/","Dataset use license","St. Elis Mountains and Gulf of Alaska. Distributed by OpenTopography. https://doi.org/10.5069/G9R20Z92 Dataset acknowledgement: Lidar data acquisition and processing completed by the National Center for Airborne Laser Mapping (NCALM - https://ncalm.cive.uh.edu). NCALM funding provided by NSF's Division of Earth Sciences, Instrumentation and Facilities Program. EAR-1043051.","2026-09-20","2005-09-02","2005-09-08"
"CA12_Sousa","Mojave Desert, CA: Evolution of the Hector Mine Earthquake Surface Rupture","Airborne Lidar","ready","All indexed file URLs matched positive-sized public objects; one LAS header checked per collection.",135,135,"https://portal.opentopography.org/datasetMetadata?otCollectionID=OT.032013.32611.1","https://doi.org/10.5069/G9HD7SKH","https://opentopography.s3.sdsc.edu/pc-bulk/CA12_Sousa/CA12_Sousa_TileIndex.zip","","360a81b9d28879536705b6e02715bc4bffb2ece97ee94512a1a967aff9c19c54","755467316ee7f9f1fbd211e210849586283ad5fe2942674f77821d8bac8dfc30","https://creativecommons.org/licenses/by/4.0/","Dataset use license","Mojave Desert, CA: Evolution of the Hector Mine Earthquake Surface Rupture. Distributed by OpenTopography. https://doi.org/10.5069/G9HD7SKH Dataset acknowledgement: Lidar data acquisition and processing completed by the National Center for Airborne Laser Mapping (NCALM - https://ncalm.cive.uh.edu). NCALM funding provided by NSF's Division of Earth Sciences, Instrumentation and Facilities Program. EAR-1043051.","2026-09-20","2012-05-27","2012-05-27"
"MT09_05Lorang","Flathead Lake Biological Station, MT (September 2005)","Airborne Lidar","ready","All indexed file URLs matched positive-sized public objects; one LAS header checked per collection.",25,25,"https://portal.opentopography.org/datasetMetadata?otCollectionID=OT.032013.26912.1","https://doi.org/10.5069/G97W694V","https://opentopography.s3.sdsc.edu/pc-bulk/MT09_05Lorang/MT09_05Lorang_TileIndex.zip","","cce18c2fb5f6c525a1ca583182cdc948793f67405125faf53e2e8a8ef45e6b8f","ab45dd45379f794cc787699962b9cb33ee6831400ebb429b7d0cdceed7c4cdfe","https://creativecommons.org/licenses/by/4.0/","Dataset use license","Flathead Lake Biological Station, MT (September 2005). Distributed by OpenTopography. https://doi.org/10.5069/G97W694V Dataset acknowledgement: Lidar data acquisition and processing completed by the National Center for Airborne Laser Mapping (NCALM - https://ncalm.cive.uh.edu). NCALM funding provided by NSF's Division of Earth Sciences, Instrumentation and Facilities Program. EAR-1043051.","2026-09-20","2005-09-14","2009-09-15"
"CA12_Moon","Northern California Coast: Slope Failure in Low and High Uplift Regions","Airborne Lidar","ready","All indexed file URLs matched positive-sized public objects; one LAS header checked per collection.",73,73,"https://portal.opentopography.org/datasetMetadata?otCollectionID=OT.032013.26910.1","https://doi.org/10.5069/G9N29TWH","https://opentopography.s3.sdsc.edu/pc-bulk/CA12_Moon/CA12_Moon_TileIndex.zip","","ff096a667c1aea7656e9ae35dfa0b79be666c4be7ff5524dd8d558aafc786792","2358adab976f637724e83ba3eda5433446a7e9c809690f417ab09d7d80fbef34","https://creativecommons.org/licenses/by/4.0/","Dataset use license","Northern California Coast: Slope Failure in Low and High Uplift Regions. Distributed by OpenTopography. https://doi.org/10.5069/G9N29TWH Dataset acknowledgement: Lidar data acquisition and processing completed by the National Center for Airborne Laser Mapping (NCALM - https://ncalm.cive.uh.edu). NCALM funding provided by NSF's Division of Earth Sciences, Instrumentation and Facilities Program. EAR-1043051.","2026-09-20","2012-07-05","2012-07-05"
"OR08_Deardorff","North Sister, OR: Collier Cone Lava Flow","Airborne Lidar","ready","All indexed file URLs matched positive-sized public objects; one LAS header checked per collection.",80,80,"https://portal.opentopography.org/datasetMetadata?otCollectionID=OT.092012.26910.3","https://doi.org/10.5069/G9WM1BB6","https://opentopography.s3.sdsc.edu/pc-bulk/OR08_Deardorff/OR08_Deardorff_TileIndex.zip","","1d7224a2bba30bfc5927c6b25a665f0177fadbf31bb29948104b654e19acea6d","4dde72c3850a439743494d759de9253f78ee014848d6e7afd5d8654805cb6347","https://creativecommons.org/licenses/by/4.0/","Dataset use license","North Sister, OR: Collier Cone Lava Flow. Distributed by OpenTopography. https://doi.org/10.5069/G9WM1BB6 Dataset acknowledgement: Lidar data acquisition and processing completed by the National Center for Airborne Laser Mapping (NCALM - https://ncalm.cive.uh.edu). NCALM funding provided by NSF's Division of Earth Sciences, Instrumentation and Facilities Program. EAR-1043051.","2026-09-20","2008-09-28","2008-09-28"
"VA05_Bierman","Survey of Parts of Potomac and Susquehanna Rivers","Airborne Lidar","ready","All indexed file URLs matched positive-sized public objects; one LAS header checked per collection.",24,24,"https://portal.opentopography.org/datasetMetadata?otCollectionID=OT.032013.26918.3","https://doi.org/10.5069/G9RV0KMG","https://opentopography.s3.sdsc.edu/pc-bulk/VA05_Bierman/VA05_Bierman_TileIndex.zip","","bd2d522157992f45f3f262d18e6501bd419ce7250f3111d7a0189854e84502e4","3cd477809d75690fee578b4dafb27e237788b5745c99c11dc2b74df717ac8e2f","https://creativecommons.org/licenses/by/4.0/","Dataset use license","Survey of Parts of Potomac and Susquehanna Rivers. Distributed by OpenTopography. https://doi.org/10.5069/G9RV0KMG Dataset acknowledgement: Lidar data acquisition and processing completed by the National Center for Airborne Laser Mapping (NCALM - https://ncalm.cive.uh.edu). NCALM funding provided by NSF's Division of Earth Sciences, Instrumentation and Facilities Program. EAR-1043051.","2026-09-20","2005-01-09","2005-01-11"
"CA03_Wasklewicz","Death Valley National Park, CA: Badwater Basin","Airborne Lidar","ready","All indexed file URLs matched positive-sized public objects; one LAS header checked per collection.",136,136,"https://portal.opentopography.org/datasetMetadata?otCollectionID=OT.032013.26911.1","https://doi.org/10.5069/G98W3B87","https://opentopography.s3.sdsc.edu/pc-bulk/CA03_Wasklewicz/CA03_Wasklewicz_TileIndex.zip","","f1c58422b379c82c423cfb69964c962828b400f0dbad16afda1eae08c10b7222","52c7556891373af2b8c2c50d837d49ef0bbf4c5bb392e22fdc12515ce7101a95","https://creativecommons.org/licenses/by/4.0/","Dataset use license","Death Valley National Park, CA: Badwater Basin. Distributed by OpenTopography. https://doi.org/10.5069/G98W3B87 Dataset acknowledgement: Lidar data acquisition and processing completed by the National Center for Airborne Laser Mapping (NCALM - https://ncalm.cive.uh.edu). NCALM funding provided by NSF's Division of Earth Sciences, Instrumentation and Facilities Program. EAR-1043051.","2026-09-20","2003-05-29","2003-06-03"
"DUNES_BRA","Coastal Dune Fields of Garopaba and Vila Nova, Santa Catarina State, Brazil","Airborne Lidar","ready","All indexed file URLs matched positive-sized public objects; one LAS header checked per collection.",2,2,"https://portal.opentopography.org/datasetMetadata?otCollectionID=OT.032013.32722.1","https://doi.org/10.5069/G9DN430Z","https://opentopography.s3.sdsc.edu/pc-bulk/DUNES_BRA/DUNES_BRA_TileIndex.zip","","654f7e24cc2ea309d704c8729f61564a8d1866f33f3417b052f7c51cdb5c2dc5","b698d4ec3ff912c0aa5a9ffd84fed791075bba3ec0bb015a02b2e2ef19f0e3e5","https://opentopography.org/usageterms","OpenTopography Data and Content terms; no dataset-specific license supplied","Coastal Dune Fields of Garopaba and Vila Nova, Santa Catarina State, Brazil. Distributed by OpenTopography. https://doi.org/10.5069/G9DN430Z Dataset acknowledgement: Data provided by FAPESP grant 2009/17675-5 . Grohmann, C.H., Sawakuchi, A.O., 2013. Influence of cell size on volume calculation using digital terrain models: a case of coastal dune fields. Geomorphology, 180-181:130-136. http://dx.doi.org/10.1016/j.geomorph.2012.09.012","2026-09-20","2010-10-18","2010-10-18"
"CA13_SAN_SIM","PG&E Diablo Canyon Power Plant (DCPP): San Simeon, CA Central Coast","Airborne Lidar","ready","All indexed file URLs matched positive-sized public objects; one LAS header checked per collection.",2336,2336,"https://portal.opentopography.org/datasetMetadata?otCollectionID=OT.032013.26910.2","https://doi.org/10.5069/G9CN71V5","https://opentopography.s3.sdsc.edu/pc-bulk/CA13_SAN_SIM/CA13_SAN_SIM_TileIndex.zip","","46d62b290e2ac658449c5398a2534ce94bd9f6f7839c4cc90c46e4ed41fb846c","098f041daa8201ce42188b4d24996e6a4eefec6177d9d54d28e39333795b1557","https://opentopography.org/usageterms","OpenTopography Data and Content terms; no dataset-specific license supplied","PG&E Diablo Canyon Power Plant (DCPP): San Simeon, CA Central Coast. Distributed by OpenTopography. https://doi.org/10.5069/G9CN71V5 Dataset acknowledgement: Pacific Gas and Electric Company (PG&E) shall not be held liable for improper or incorrect use of these data. Data and related graphics (e.g., GIF or JPG format files) are not legal documents and are not intended to be used as such. The information contained in the data is dynamic and may change over time. The data are not better than the original sources from which they were derived. It is the responsibility of the data user to use the data appropriately and consistently within the limitations of geospatial data in general and these data in particular. The related graphics are intended to aid the data user in acquiring relevant data; it is not appropriate to use the related graphics as data. PG&E gives no warranty, expressed or implied, as to the accuracy, reliability, or completeness of these data. It is strongly recommended that these data are directly acquired from PG&E and not indirectly through other sources which may have changed the data in some way. Although these data have been processed successfully on computer systems by PG&E and its authorized representatives, no warranty expressed or implied is made regarding the utility of the data on other systems for general or scientific purposes, nor shall the act of distribution constitute any such warranty. This disclaimer applies both to individual use of the data and aggregate use with other data.","2026-09-20","2013-02-07","2013-02-25"
"CA11_LOS_OSOS","PG&E Diablo Canyon Power Plant (DCPP): Los Osos, CA Central Coast","Airborne Lidar","ready","All indexed file URLs matched positive-sized public objects; one LAS header checked per collection.",1878,1878,"https://portal.opentopography.org/datasetMetadata?otCollectionID=OT.022013.26910.3","https://doi.org/10.5069/G9J9649Z","https://opentopography.s3.sdsc.edu/pc-bulk/CA11_LOS_OSOS/CA11_LOS_OSOS_TileIndex.zip","","81932b0a562748b67bc9d3ac0d62ddca08425fd77996bfe6189c7cc87665cd68","5159e38d1739542101822eb23c0ba02c8600df9029dac97417d4cf24019dc13c","https://opentopography.org/usageterms","OpenTopography Data and Content terms; no dataset-specific license supplied","PG&E Diablo Canyon Power Plant (DCPP): Los Osos, CA Central Coast. Distributed by OpenTopography. https://doi.org/10.5069/G9J9649Z Dataset acknowledgement: Pacific Gas and Electric Company (PG&E) shall not be held liable for improper or incorrect use of these data. Data and related graphics (e.g., GIF or JPG format files) are not legal documents and are not intended to be used as such. The information contained in the data is dynamic and may change over time. The data are not better than the original sources from which they were derived. It is the responsibility of the data user to use the data appropriately and consistently within the limitations of geospatial data in general and these data in particular. The related graphics are intended to aid the data user in acquiring relevant data; it is not appropriate to use the related graphics as data. PG&E gives no warranty, expressed or implied, as to the accuracy, reliability, or completeness of these data. It is strongly recommended that these data are directly acquired from PG&E and not indirectly through other sources which may have changed the data in some way. Although these data have been processed successfully on computer systems by PG&E and its authorized representatives, no warranty expressed or implied is made regarding the utility of the data on other systems for general or scientific purposes, nor shall the act of distribution constitute any such warranty. This disclaimer applies both to individual use of the data and aggregate use with other data.","2026-09-20","2011-03-17","2011-03-31"
"CA10_DIABLO","PG&E Diablo Canyon Power Plant (DCPP): Diablo Canyon, CA Central Coast","Airborne Lidar","ready","All indexed file URLs matched positive-sized public objects; one LAS header checked per collection.",151,151,"https://portal.opentopography.org/datasetMetadata?otCollectionID=OT.022013.26910.2","https://doi.org/10.5069/G9P26W19","https://opentopography.s3.sdsc.edu/pc-bulk/CA10_DIABLO/CA10_DIABLO_TileIndex.zip","","4a3aeffdc6dd7ec811d6b812179fce83b66157f2eb7d072504acad7931b52f9a","04f811c806474c4dbc1b23a547eb8abfc74fc766e62b81ef969614c305d64608","https://opentopography.org/usageterms","OpenTopography Data and Content terms; no dataset-specific license supplied","PG&E Diablo Canyon Power Plant (DCPP): Diablo Canyon, CA Central Coast. Distributed by OpenTopography. https://doi.org/10.5069/G9P26W19 Dataset acknowledgement: Pacific Gas and Electric Company (PG&E) shall not be held liable for improper or incorrect use of these data. Data and related graphics (e.g., GIF or JPG format files) are not legal documents and are not intended to be used as such. The information contained in the data is dynamic and may change over time. The data are not better than the original sources from which they were derived. It is the responsibility of the data user to use the data appropriately and consistently within the limitations of geospatial data in general and these data in particular. The related graphics are intended to aid the data user in acquiring relevant data; it is not appropriate to use the related graphics as data. PG&E gives no warranty, expressed or implied, as to the accuracy, reliability, or completeness of these data. It is strongly recommended that these data are directly acquired from PG&E and not indirectly through other sources which may have changed the data in some way. Although these data have been processed successfully on computer systems by PG&E and its authorized representatives, no warranty expressed or implied is made regarding the utility of the data on other systems for general or scientific purposes, nor shall the act of distribution constitute any such warranty. This disclaimer applies both to individual use of the data and aggregate use with other data.","2026-09-20","2010-01-28","2010-01-28"
"CA12_Harvey","Mojave Desert, CA: Precariously Balanced Rocks in Seismic Hazard Analysis","Airborne Lidar","ready","All indexed file URLs matched positive-sized public objects; one LAS header checked per collection.",55,55,"https://portal.opentopography.org/datasetMetadata?otCollectionID=OT.022013.26911.2","https://doi.org/10.5069/G92B8VZX","https://opentopography.s3.sdsc.edu/pc-bulk/CA12_Harvey/CA12_Harvey_TileIndex.zip","","2dab32ba78c8156deb8eb2468aa8d70ed3235be7576dd0c7618f86acee12c407","22734e47dd4f7390168e0e7c7548f2fcbd597b2785282dbc841fbeb3c6c78884","https://creativecommons.org/licenses/by/4.0/","Dataset use license","Mojave Desert, CA: Precariously Balanced Rocks in Seismic Hazard Analysis. Distributed by OpenTopography. https://doi.org/10.5069/G92B8VZX Dataset acknowledgement: Lidar data acquisition and processing completed by the National Center for Airborne Laser Mapping (NCALM - https://ncalm.cive.uh.edu). NCALM funding provided by NSF's Division of Earth Sciences, Instrumentation and Facilities Program. EAR-1043051.","2026-09-20","2012-03-14","2012-03-14"
"CA04_Power","South Fork Eel River, CA Watershed Morphology","Airborne Lidar","ready","All indexed file URLs matched positive-sized public objects; one LAS header checked per collection.",289,289,"https://portal.opentopography.org/datasetMetadata?otCollectionID=OT.022013.26910.1","https://doi.org/10.5069/G9639MPN","https://opentopography.s3.sdsc.edu/pc-bulk/CA04_Power/CA04_Power_TileIndex.zip","","2def5a7157f5fb6a0ba8d819ef5f3e950e889e9f765f146a72d2ffe1cc48ed2e","108dd64b8d08b28d1c8e0720e0547efae407af12b7329fe3ab6d4fd526232c51","https://creativecommons.org/licenses/by/4.0/","Dataset use license","South Fork Eel River, CA Watershed Morphology. Distributed by OpenTopography. https://doi.org/10.5069/G9639MPN Dataset acknowledgement: Lidar data acquisition and processing completed by the National Center for Airborne Laser Mapping (NCALM - https://ncalm.cive.uh.edu). NCALM funding provided by NSF's Division of Earth Sciences, Instrumentation and Facilities Program. EAR-1043051.","2026-09-20","2004-06-27","2004-06-30"
"NH10_Gartner","West Swanzey, NH: Geomorphic Response to Dam Removal, Ashuelot River (2010)","Airborne Lidar","ready","All indexed file URLs matched positive-sized public objects; one LAS header checked per collection.",120,120,"https://portal.opentopography.org/datasetMetadata?otCollectionID=OT.022013.26918.1","https://doi.org/10.5069/G9XK8CG1","https://opentopography.s3.sdsc.edu/pc-bulk/NH10_Gartner/NH10_Gartner_TileIndex.zip","","728b75fd056b1c191c989abe52d47d1662201f5f7831c653cc95b5f49dcb4e49","1c04845f4bdd74f47682dbd6053810d4ac79a7371b2a0ba4073375128f19d0e4","https://creativecommons.org/licenses/by/4.0/","Dataset use license","West Swanzey, NH: Geomorphic Response to Dam Removal, Ashuelot River (2010). Distributed by OpenTopography. https://doi.org/10.5069/G9XK8CG1 Dataset acknowledgement: Lidar data acquisition and processing completed by the National Center for Airborne Laser Mapping (NCALM - https://ncalm.cive.uh.edu). NCALM funding provided by NSF's Division of Earth Sciences, Instrumentation and Facilities Program. EAR-1043051.","2026-09-20","2010-07-19","2010-07-19"
"CA10_Stock","Yosemite National Park: Poopenaut Valley and Wawona","Airborne Lidar","ready","All indexed file URLs matched positive-sized public objects; one LAS header checked per collection.",99,99,"https://portal.opentopography.org/datasetMetadata?otCollectionID=OT.022013.26911.1","https://doi.org/10.5069/G99W0CDM","https://opentopography.s3.sdsc.edu/pc-bulk/CA10_Stock/CA10_Stock_TileIndex.zip","","3014e9f9225ff004f447d15910a603bbc4b06d72fef55f2caf9a39ea1fad9bdd","90a4ca53d70218d839bd94e924d92193af79a09b4b09d4fe407d74dd39cfa2ad","https://creativecommons.org/licenses/by/4.0/","Dataset use license","Yosemite National Park: Poopenaut Valley and Wawona. Distributed by OpenTopography. https://doi.org/10.5069/G99W0CDM Dataset acknowledgement: Lidar data acquisition and processing completed by the National Center for Airborne Laser Mapping (NCALM - https://ncalm.cive.uh.edu). NCALM funding provided by NSF's Division of Earth Sciences, Instrumentation and Facilities Program. EAR-1043051.","2026-09-20","2010-08-11","2010-08-13"
"Missis_VT","Missisquoi Watershed Lidar","Airborne Lidar","ready","All indexed file URLs matched positive-sized public objects; one LAS header checked per collection.",689,689,"https://portal.opentopography.org/datasetMetadata?otCollectionID=OT.022013.32145.1","https://doi.org/10.5069/G9ST7MR9","https://opentopography.s3.sdsc.edu/pc-bulk/Missis_VT/Missis_VT_TileIndex.zip","","4f691f78ccd1095ba489b25c96c04516d06566422f1aea22a186301571c13abf","918ef8a570c5dd5638a18941e78646fc7a193de6c35e7e465d28da4155f6e297","https://opentopography.org/usageterms","OpenTopography Data and Content terms; no dataset-specific license supplied","Missisquoi Watershed Lidar. Distributed by OpenTopography. https://doi.org/10.5069/G9ST7MR9 Dataset acknowledgement: Data provided by the U.S. Geological Survey.","2026-09-20","2008-11-02","2009-04-16"
"pEMC_ecor","2006 INEGI Sierra Cucupah Empirically Corrected Lidar Dataset","Airborne Lidar","ready","All indexed file URLs matched positive-sized public objects; one LAS header checked per collection.",1,1,"https://portal.opentopography.org/datasetMetadata?otCollectionID=OT.102012.32611.1","https://doi.org/10.5069/G9S180F8","https://opentopography.s3.sdsc.edu/pc-bulk/pEMC_ecor/pEMC_ecor_TileIndex.zip","","2ba730be23e610dd7010e91da8730e436398eb7978508500814d29b9a51ab398","6d78737d5518a348ad6b7c74912f4f9571272d9bd616928b19e7b5ee57fdcdc4","https://opentopography.org/usageterms","OpenTopography Data and Content terms; no dataset-specific license supplied","2006 INEGI Sierra Cucupah Empirically Corrected Lidar Dataset. Distributed by OpenTopography. https://doi.org/10.5069/G9S180F8 Dataset acknowledgement: These data collected and were made available by INEGI to enable post earthquake research and corrected by Craig Glennie, University of Houston. Their use is limited to the El Mayor Lidar differencing project research team lead by Dr. Mike Oskin of UC Davis.","2026-09-20","2006-07-31","2006-08-06"
"UT08_Corbett","Henry Mountains, UT: Hillslope-Channel Coupling in a Bedrock Landscape","Airborne Lidar","ready","All indexed file URLs matched positive-sized public objects; one LAS header checked per collection.",63,63,"https://portal.opentopography.org/datasetMetadata?otCollectionID=OT.012013.26912.2","https://doi.org/10.5069/G9736NT1","https://opentopography.s3.sdsc.edu/pc-bulk/UT08_Corbett/UT08_Corbett_TileIndex.zip","","b267708efd850422ad5feafc1e13b5e797f9ea0f76c5ca6b585b2997e81012a4","6056bade4619db022a7c2c616194f2c4837ee5eea6cef5a81eede7e7a6bc53e5","https://creativecommons.org/licenses/by/4.0/","Dataset use license","Henry Mountains, UT: Hillslope-Channel Coupling in a Bedrock Landscape. Distributed by OpenTopography. https://doi.org/10.5069/G9736NT1 Dataset acknowledgement: Lidar data acquisition and processing completed by the National Center for Airborne Laser Mapping (NCALM - https://ncalm.cive.uh.edu). NCALM funding provided by NSF's Division of Earth Sciences, Instrumentation and Facilities Program. EAR-1043051.","2026-09-20","2008-02-07","2008-02-07"
"UT05_Evans","White Canyon and Hite, Lake Powell, Utah","Airborne Lidar","ready","All indexed file URLs matched positive-sized public objects; one LAS header checked per collection.",29,29,"https://portal.opentopography.org/datasetMetadata?otCollectionID=OT.102012.26912.2","https://doi.org/10.5069/G9M906KQ","https://opentopography.s3.sdsc.edu/pc-bulk/UT05_Evans/UT05_Evans_TileIndex.zip","","56dfcaad5e891c51d9e76a3dacf15e4ea97ffca28ca010b4649a585d35003cf8","18eea3adce9948fc569ca0f0e0e5fd6be28af39e588383f811defacac1762d7c","https://creativecommons.org/licenses/by/4.0/","Dataset use license","White Canyon and Hite, Lake Powell, Utah. Distributed by OpenTopography. https://doi.org/10.5069/G9M906KQ Dataset acknowledgement: Lidar data acquisition and processing completed by the National Center for Airborne Laser Mapping (NCALM - https://ncalm.cive.uh.edu). NCALM funding provided by NSF's Division of Earth Sciences, Instrumentation and Facilities Program. EAR-1043051.","2026-09-20","2005-02-17","2005-02-23"
"CA06_Reed","Merced, CA: Origin and Evolution of the Mima Mounds","Airborne Lidar","ready","All indexed file URLs matched positive-sized public objects; one LAS header checked per collection.",14,14,"https://portal.opentopography.org/datasetMetadata?otCollectionID=OT.012013.26910.2","https://doi.org/10.5069/G93B5X3Q","https://opentopography.s3.sdsc.edu/pc-bulk/CA06_Reed/CA06_Reed_TileIndex.zip","","8c08c9ffd426fc7f3932d6560f472f57d718d55c016f762be0484a91b46f8085","7c3ba11de585fb61d817f5a985078bfc85021e51cee28a9f9cdbffa3e834814d","https://creativecommons.org/licenses/by/4.0/","Dataset use license","Merced, CA: Origin and Evolution of the Mima Mounds. Distributed by OpenTopography. https://doi.org/10.5069/G93B5X3Q Dataset acknowledgement: Lidar data acquisition and processing completed by the National Center for Airborne Laser Mapping (NCALM - https://ncalm.cive.uh.edu). NCALM funding provided by NSF's Division of Earth Sciences, Instrumentation and Facilities Program. EAR-1043051.","2026-09-20","2006-09-17","2006-09-17"
"MA05_Valentine","Plum Island, MA","Airborne Lidar","ready","All indexed file URLs matched positive-sized public objects; one LAS header checked per collection.",51,51,"https://portal.opentopography.org/datasetMetadata?otCollectionID=OT.012013.26986.1","https://doi.org/10.5069/G9TT4NWP","https://opentopography.s3.sdsc.edu/pc-bulk/MA05_Valentine/MA05_Valentine_TileIndex.zip","","2eb2ec0547090957654a26d1f3825488c6c5d2c35301877493eadb5e199239ff","59be90ce762016427fc07a022c6eb6d2a3c60e8f9dcb608d09deb1fe98096545","https://creativecommons.org/licenses/by/4.0/","Dataset use license","Plum Island, MA. Distributed by OpenTopography. https://doi.org/10.5069/G9TT4NWP Dataset acknowledgement: Lidar data acquisition and processing completed by the National Center for Airborne Laser Mapping (NCALM - https://ncalm.cive.uh.edu). NCALM funding provided by NSF's Division of Earth Sciences, Instrumentation and Facilities Program. EAR-1043051.","2026-09-20","2005-03-18","2005-03-19"
"NM09_09Kocurek","White Sands National Monument, NM: Lidar Survey of Dune Fields (Sept 2009)","Airborne Lidar","ready","All indexed file URLs matched positive-sized public objects; one LAS header checked per collection.",67,67,"https://portal.opentopography.org/datasetMetadata?otCollectionID=OT.012013.26913.2","https://doi.org/10.5069/G9ZK5DMD","https://opentopography.s3.sdsc.edu/pc-bulk/NM09_09Kocurek/NM09_09Kocurek_TileIndex.zip","","f8057efff32e8ffb4302884a0842789ea5677caf6278c15131b31cda97680b8d","2ed179917a9ee791bf0465673f71f9151728e77642fd1e76baa8cc3ea9dd3b81","https://creativecommons.org/licenses/by/4.0/","Dataset use license","White Sands National Monument, NM: Lidar Survey of Dune Fields (Sept 2009). Distributed by OpenTopography. https://doi.org/10.5069/G9ZK5DMD Dataset acknowledgement: Lidar data acquisition and processing completed by the National Center for Airborne Laser Mapping (NCALM - https://ncalm.cive.uh.edu). NCALM funding provided by NSF's Division of Earth Sciences, Instrumentation and Facilities Program. EAR-1043051.","2026-09-20","2009-09-26","2009-09-26"
"NM09_01Kocurek","White Sands National Monument, NM: Lidar Survey of Dune Fields (Jan 2009)","Airborne Lidar","ready","All indexed file URLs matched positive-sized public objects; one LAS header checked per collection.",52,52,"https://portal.opentopography.org/datasetMetadata?otCollectionID=OT.012013.26913.1","https://doi.org/10.5069/G9Q23X5P","https://opentopography.s3.sdsc.edu/pc-bulk/NM09_01Kocurek/NM09_01Kocurek_TileIndex.zip","","0eabd6a6f13879e7ce6caf2d39927b99fc31b08d8c1e91a1d61d69f9c467435a","27fbaea88ff3517802f0d842c0a46fadc7ed94fbe68ec77dca9a24ff8b4eefd1","https://creativecommons.org/licenses/by/4.0/","Dataset use license","White Sands National Monument, NM: Lidar Survey of Dune Fields (Jan 2009). Distributed by OpenTopography. https://doi.org/10.5069/G9Q23X5P Dataset acknowledgement: Lidar data acquisition and processing completed by the National Center for Airborne Laser Mapping (NCALM - https://ncalm.cive.uh.edu). NCALM funding provided by NSF's Division of Earth Sciences, Instrumentation and Facilities Program. EAR-1043051.","2026-09-20","2009-01-24","2009-01-24"
"CA05_Wernicke","Pahrump  Valley: California/Nevada State Line","Airborne Lidar","ready","All indexed file URLs matched positive-sized public objects; one LAS header checked per collection.",15,15,"https://portal.opentopography.org/datasetMetadata?otCollectionID=OT.012013.26911.1","https://doi.org/10.5069/G9K935FB","https://opentopography.s3.sdsc.edu/pc-bulk/CA05_Wernicke/CA05_Wernicke_TileIndex.zip","","957fc02818922865ffc990c8cdab4d74345d9e7bfde4b018a56ad18e266d4f51","90b38ce2e06939dddc261a747e7c3098ea057f4a8064f0e06adf3805fa202292","https://creativecommons.org/licenses/by/4.0/","Dataset use license","Pahrump  Valley: California/Nevada State Line. Distributed by OpenTopography. https://doi.org/10.5069/G9K935FB Dataset acknowledgement: Lidar data acquisition and processing completed by the National Center for Airborne Laser Mapping (NCALM - https://ncalm.cive.uh.edu). NCALM funding provided by NSF's Division of Earth Sciences, Instrumentation and Facilities Program. EAR-1043051.","2026-09-20","2005-02-08","2005-02-08"
"WY07_Legleiter","Yellowstone National Park, WY: Quantifying Gravel-Bed Rivers","Airborne Lidar","ready","All indexed file URLs matched positive-sized public objects; one LAS header checked per collection.",94,94,"https://portal.opentopography.org/datasetMetadata?otCollectionID=OT.012013.26912.3","https://doi.org/10.5069/G9BR8Q44","https://opentopography.s3.sdsc.edu/pc-bulk/WY07_Legleiter/WY07_Legleiter_TileIndex.zip","","a9c35d679751383df8733784fcc0c737aa0c6e5c2b712010f89d4e4772a9cc90","6fa2e20fe5f7f19389ee1d47f56820603e5414b49e91f8944d36a0f6e1f8ff30","https://creativecommons.org/licenses/by/4.0/","Dataset use license","Yellowstone National Park, WY: Quantifying Gravel-Bed Rivers. Distributed by OpenTopography. https://doi.org/10.5069/G9BR8Q44 Dataset acknowledgement: Lidar data acquisition and processing completed by the National Center for Airborne Laser Mapping (NCALM - https://ncalm.cive.uh.edu). NCALM funding provided by NSF's Division of Earth Sciences, Instrumentation and Facilities Program. EAR-1043051.","2026-09-20","2007-08-02","2007-08-02"
"CA07_DiBiase","San Gabriel Mountains, CA: Tectonics and Topography","Airborne Lidar","ready","All indexed file URLs matched positive-sized public objects; one LAS header checked per collection.",59,59,"https://portal.opentopography.org/datasetMetadata?otCollectionID=OT.092012.26911.3","https://doi.org/10.5069/G9GH9FVF","https://opentopography.s3.sdsc.edu/pc-bulk/CA07_DiBiase/CA07_DiBiase_TileIndex.zip","","eb279096a90f346ca0d7733362e54bd6bc7a56077e2cc00d404f47a8b7d2a1c7","e9e512c89106cb1e93130e4b8890b4088148c49bcd41126a851a56cabca265e6","https://creativecommons.org/licenses/by/4.0/","Dataset use license","San Gabriel Mountains, CA: Tectonics and Topography. Distributed by OpenTopography. https://doi.org/10.5069/G9GH9FVF Dataset acknowledgement: Lidar data acquisition and processing completed by the National Center for Airborne Laser Mapping (NCALM - https://ncalm.cive.uh.edu). NCALM funding provided by NSF's Division of Earth Sciences, Instrumentation and Facilities Program. EAR-1043051.","2026-09-20","2007-07-17","2007-07-17"
"WY07_Pollard","Greybull, WY: Sheep Mountain Anticline","Airborne Lidar","ready","All indexed file URLs matched positive-sized public objects; one LAS header checked per collection.",117,117,"https://portal.opentopography.org/datasetMetadata?otCollectionID=OT.092012.26912.1","https://doi.org/10.5069/G94B2Z73","https://opentopography.s3.sdsc.edu/pc-bulk/WY07_Pollard/WY07_Pollard_TileIndex.zip","","cf07a7ca12a082dacfb6128077452851bb4f452204cc0cbb08e780770f5dd3fc","d6da46930b3510b5746d669ff9437f40d1bedcd994507f14fbfee77277674b8f","https://creativecommons.org/licenses/by/4.0/","Dataset use license","Greybull, WY: Sheep Mountain Anticline. Distributed by OpenTopography. https://doi.org/10.5069/G94B2Z73 Dataset acknowledgement: Lidar data acquisition and processing completed by the National Center for Airborne Laser Mapping (NCALM - https://ncalm.cive.uh.edu). NCALM funding provided by NSF's Division of Earth Sciences, Instrumentation and Facilities Program. EAR-1043051.","2026-09-20","2007-07-13","2007-07-13"
"CA08_Huntington","Truckee, CA: Sagehen  Creek Snowpack Measurement","Airborne Lidar","ready","All indexed file URLs matched positive-sized public objects; one LAS header checked per collection.",63,63,"https://portal.opentopography.org/datasetMetadata?otCollectionID=OT.012013.26910.1","https://doi.org/10.5069/G90K26HR","https://opentopography.s3.sdsc.edu/pc-bulk/CA08_Huntington/CA08_Huntington_TileIndex.zip","","af924f33f20e257b61a4d917bcc24cf88984f2c4af7ad1ce61510f98b7a20c96","c2802ccbc23dd8086a03e622e4378a4daff4b1e43009cbb774cc8aa0a2551abd","https://creativecommons.org/licenses/by/4.0/","Dataset use license","Truckee, CA: Sagehen  Creek Snowpack Measurement. Distributed by OpenTopography. https://doi.org/10.5069/G90K26HR Dataset acknowledgement: Lidar data acquisition and processing completed by the National Center for Airborne Laser Mapping (NCALM - https://ncalm.cive.uh.edu). NCALM funding provided by NSF's Division of Earth Sciences, Instrumentation and Facilities Program. EAR-1043051.","2026-09-20","2008-02-10","2008-02-10"
"AZ08_Kruse","Perry Mesa, AZ: Ancient Agricultural Features and Landscape Transformation","Airborne Lidar","ready","All indexed file URLs matched positive-sized public objects; one LAS header checked per collection.",89,89,"https://portal.opentopography.org/datasetMetadata?otCollectionID=OT.012013.26912.1","https://doi.org/10.5069/G9VT1Q1G","https://opentopography.s3.sdsc.edu/pc-bulk/AZ08_Kruse/AZ08_Kruse_TileIndex.zip","","c7807081a6d913631220fcd8a00f9635128676c220f0f5d8c8f56ed9f7af51fe","311362b9e7fcb9c1ae72a26de9eacabed7d800b9d53890950c39e8838a906b41","https://creativecommons.org/licenses/by/4.0/","Dataset use license","Perry Mesa, AZ: Ancient Agricultural Features and Landscape Transformation. Distributed by OpenTopography. https://doi.org/10.5069/G9VT1Q1G Dataset acknowledgement: Lidar data acquisition and processing completed by the National Center for Airborne Laser Mapping (NCALM - https://ncalm.cive.uh.edu). NCALM funding provided by NSF's Division of Earth Sciences, Instrumentation and Facilities Program. EAR-1043051.","2026-09-20","2008-02-05","2008-02-05"
"CO05_Anderson","Niwot Ridge Long-Term Ecological Research Site, Colorado","Airborne Lidar","ready","All indexed file URLs matched positive-sized public objects; one LAS header checked per collection.",64,64,"https://portal.opentopography.org/datasetMetadata?otCollectionID=OT.102012.26913.1","https://doi.org/10.5069/G9FJ2DQM","https://opentopography.s3.sdsc.edu/pc-bulk/CO05_Anderson/CO05_Anderson_TileIndex.zip","","656b5acbfca291a3e4793eb65e4a99cb6eaaacda4e8d1b43dcd6ac3a49d53ca4","f67a6ce52cd017a0b2d9ccf0a72102bf2ff0983c23203a9194ecb0a2947caf6e","https://creativecommons.org/licenses/by/4.0/","Dataset use license","Niwot Ridge Long-Term Ecological Research Site, Colorado. Distributed by OpenTopography. https://doi.org/10.5069/G9FJ2DQM Dataset acknowledgement: Lidar data acquisition and processing completed by the National Center for Airborne Laser Mapping (NCALM - https://ncalm.cive.uh.edu). NCALM funding provided by NSF's Division of Earth Sciences, Instrumentation and Facilities Program. EAR-1043051.","2026-09-20","2005-09-29","2005-09-29"
"CO05_Staley","Silver Plume, CO","Airborne Lidar","ready","All indexed file URLs matched positive-sized public objects; one LAS header checked per collection.",96,96,"https://portal.opentopography.org/datasetMetadata?otCollectionID=OT.112012.26913.1","https://doi.org/10.5069/G9N877QJ","https://opentopography.s3.sdsc.edu/pc-bulk/CO05_Staley/CO05_Staley_TileIndex.zip","","d08c4dab57d3b7b074e44a122e06841e0b2bc0c2946f0095a51a33e273a1d243","661907f0a90ab3fa431e0f903aad7cba4993981aff6d1ee41ad8332afbd97b0e","https://creativecommons.org/licenses/by/4.0/","Dataset use license","Silver Plume, CO. Distributed by OpenTopography. https://doi.org/10.5069/G9N877QJ Dataset acknowledgement: Lidar data acquisition and processing completed by the National Center for Airborne Laser Mapping (NCALM - https://ncalm.cive.uh.edu). NCALM funding provided by NSF's Division of Earth Sciences, Instrumentation and Facilities Program. EAR-1043051.","2026-09-20","2005-09-29","2005-09-29"
"NC06_Jungers","Great Smokey Mountains, NC","Airborne Lidar","ready","All indexed file URLs matched positive-sized public objects; one LAS header checked per collection.",8,8,"https://portal.opentopography.org/datasetMetadata?otCollectionID=OT.112012.26917.1","https://doi.org/10.5069/G98050JG","https://opentopography.s3.sdsc.edu/pc-bulk/NC06_Jungers/NC06_Jungers_TileIndex.zip","","fef364122fc9b7ef45610cc3341e910b5be005b5560df3dcd0c1876205df6fbd","cd11081bd5efc334797ed0fc6d28f958265f932f5a40218a950986b7ec70019e","https://creativecommons.org/licenses/by/4.0/","Dataset use license","Great Smokey Mountains, NC. Distributed by OpenTopography. https://doi.org/10.5069/G98050JG Dataset acknowledgement: Lidar data acquisition and processing completed by the National Center for Airborne Laser Mapping (NCALM - https://ncalm.cive.uh.edu). NCALM funding provided by NSF's Division of Earth Sciences, Instrumentation and Facilities Program. EAR-1043051.","2026-09-20","2006-11-14","2006-11-14"
"ID06_Dietrich","Blind Canyon and Box Canyon, Twin Falls, ID","Airborne Lidar","ready","All indexed file URLs matched positive-sized public objects; one LAS header checked per collection.",4,4,"https://portal.opentopography.org/datasetMetadata?otCollectionID=OT.112012.26911.1","https://doi.org/10.5069/G9HH6H07","https://opentopography.s3.sdsc.edu/pc-bulk/ID06_Dietrich/ID06_Dietrich_TileIndex.zip","","8dba472521135a8271a76c4ee4137706882733e51b094ed5275088124b50123b","b2a8df8fc5b0bcaa1c87d38dc59508253d58b8cfe94e14b4ad0d0d8e5f3b2f5d","https://creativecommons.org/licenses/by/4.0/","Dataset use license","Blind Canyon and Box Canyon, Twin Falls, ID. Distributed by OpenTopography. https://doi.org/10.5069/G9HH6H07 Dataset acknowledgement: Lidar data acquisition and processing completed by the National Center for Airborne Laser Mapping (NCALM - https://ncalm.cive.uh.edu). NCALM funding provided by NSF's Division of Earth Sciences, Instrumentation and Facilities Program. EAR-1043051.","2026-09-20","2006-12-18","2006-12-18"
"CA06_Dietrich","Golden Gate National Recreation Area and Mt. Tamalpais State Park, CA","Airborne Lidar","ready","All indexed file URLs matched positive-sized public objects; one LAS header checked per collection.",7,7,"https://portal.opentopography.org/datasetMetadata?otCollectionID=OT.112012.26910.1","https://doi.org/10.5069/G9CR5R8H","https://opentopography.s3.sdsc.edu/pc-bulk/CA06_Dietrich/CA06_Dietrich_TileIndex.zip","","286940ed168a1d389997e23235cc180d6c4c949274327b0ba3d00e9bdee5c4df","976e9bc37f30c0c3f0f7ed4e0eaf279dadb9590197ccbed89f01dad1a47a82e0","https://creativecommons.org/licenses/by/4.0/","Dataset use license","Golden Gate National Recreation Area and Mt. Tamalpais State Park, CA. Distributed by OpenTopography. https://doi.org/10.5069/G9CR5R8H Dataset acknowledgement: Lidar data acquisition and processing completed by the National Center for Airborne Laser Mapping (NCALM - https://ncalm.cive.uh.edu). NCALM funding provided by NSF's Division of Earth Sciences, Instrumentation and Facilities Program. EAR-1043051.","2026-09-20","2006-12-07","2006-12-07"
"CA06_Roering","Eel River, CA: Landsliding and the Evolution of Mountainous Landscapes","Airborne Lidar","ready","All indexed file URLs matched positive-sized public objects; one LAS header checked per collection.",80,80,"https://portal.opentopography.org/datasetMetadata?otCollectionID=OT.102012.26910.1","https://doi.org/10.5069/G9XS5S9P","https://opentopography.s3.sdsc.edu/pc-bulk/CA06_Roering/CA06_Roering_TileIndex.zip","","47b4a8cc485d45c3488dc73b1fc5d507a562f5eff0efbfacbcb6aa0e1e32ce24","ddfa63d09e402ae443d3eb0502af2a7de241902f310e02f74b7a6e86fc0d69e6","https://creativecommons.org/licenses/by/4.0/","Dataset use license","Eel River, CA: Landsliding and the Evolution of Mountainous Landscapes. Distributed by OpenTopography. https://doi.org/10.5069/G9XS5S9P Dataset acknowledgement: Lidar data acquisition and processing completed by the National Center for Airborne Laser Mapping (NCALM - https://ncalm.cive.uh.edu). NCALM funding provided by NSF's Division of Earth Sciences, Instrumentation and Facilities Program. EAR-1043051.","2026-09-20","2006-09-24","2006-09-26"
"MT05_McGlynn","Tender Foot, MT: Hydrological Processes on Hill Slopes","Airborne Lidar","ready","All indexed file URLs matched positive-sized public objects; one LAS header checked per collection.",40,40,"https://portal.opentopography.org/datasetMetadata?otCollectionID=OT.102012.26912.4","https://doi.org/10.5069/G92F7KCN","https://opentopography.s3.sdsc.edu/pc-bulk/MT05_McGlynn/MT05_McGlynn_TileIndex.zip","","65904f4a8a4d594375343c0b97b8cf50c98872de7c8080a75b6b1096648e5a43","deacffd02ccca745183331e85533fee0751b994dbbdfe94fd3d30e6fbb2092cd","https://creativecommons.org/licenses/by/4.0/","Dataset use license","Tender Foot, MT: Hydrological Processes on Hill Slopes. Distributed by OpenTopography. https://doi.org/10.5069/G92F7KCN Dataset acknowledgement: Lidar data acquisition and processing completed by the National Center for Airborne Laser Mapping (NCALM - https://ncalm.cive.uh.edu). NCALM funding provided by NSF's Division of Earth Sciences, Instrumentation and Facilities Program. EAR-1043051.","2026-09-20","2005-09-19","2005-09-19"
"MT05_Gardner","Big Sky, MT: Patterns of Nitrogen Export & Land Use Change","Airborne Lidar","ready","All indexed file URLs matched positive-sized public objects; one LAS header checked per collection.",79,79,"https://portal.opentopography.org/datasetMetadata?otCollectionID=OT.102012.26912.3","https://doi.org/10.5069/G9668B3C","https://opentopography.s3.sdsc.edu/pc-bulk/MT05_Gardner/MT05_Gardner_TileIndex.zip","","f4fd1edcbefe6a9279d8d290daa4840d5ac102216cfdbafc1d6ce748036fa960","f9028b560b56eb9dfb2f3629c7f37e9184fef69b6f8d9d14df8b07ab29714467","https://creativecommons.org/licenses/by/4.0/","Dataset use license","Big Sky, MT: Patterns of Nitrogen Export & Land Use Change. Distributed by OpenTopography. https://doi.org/10.5069/G9668B3C Dataset acknowledgement: Lidar data acquisition and processing completed by the National Center for Airborne Laser Mapping (NCALM - https://ncalm.cive.uh.edu). NCALM funding provided by NSF's Division of Earth Sciences, Instrumentation and Facilities Program. EAR-1043051.","2026-09-20","2005-09-20","2005-09-25"
"CA05_Snyder","Furnace Creek Wash, Death Valley National Park, California","Airborne Lidar","ready","All indexed file URLs matched positive-sized public objects; one LAS header checked per collection.",23,23,"https://portal.opentopography.org/datasetMetadata?otCollectionID=OT.102012.26911.4","https://doi.org/10.5069/G9P848VX","https://opentopography.s3.sdsc.edu/pc-bulk/CA05_Snyder/CA05_Snyder_TileIndex.zip","","99d8456867497fd27494e6006ff486043ed896ebd2f8b6d239bf93ca1aef2abd","07fe7a1f3c25998be7c5480565db86230147aa62d3a26dbb91a304e14edf4a49","https://creativecommons.org/licenses/by/4.0/","Dataset use license","Furnace Creek Wash, Death Valley National Park, California. Distributed by OpenTopography. https://doi.org/10.5069/G9P848VX Dataset acknowledgement: Lidar data acquisition and processing completed by the National Center for Airborne Laser Mapping (NCALM - https://ncalm.cive.uh.edu). NCALM funding provided by NSF's Division of Earth Sciences, Instrumentation and Facilities Program. EAR-1043051.","2026-09-20","2005-10-27","2005-10-27"
"CA05_Hilley","Dragons Back Ridge: San Andreas Fault, California","Airborne Lidar","ready","All indexed file URLs matched positive-sized public objects; one LAS header checked per collection.",24,24,"https://portal.opentopography.org/datasetMetadata?otCollectionID=OT.102012.26911.3","https://doi.org/10.5069/G99Z92TC","https://opentopography.s3.sdsc.edu/pc-bulk/CA05_Hilley/CA05_Hilley_TileIndex.zip","","140505efca493f293db2968d92de3e050fd8458a80501bc6cff4b912d70aeb1f","31edfe6717548c50d7de540e8301a186fc3bd7ed3ff986101f15533d375bcdec","https://creativecommons.org/licenses/by/4.0/","Dataset use license","Dragons Back Ridge: San Andreas Fault, California. Distributed by OpenTopography. https://doi.org/10.5069/G99Z92TC Dataset acknowledgement: Lidar data acquisition and processing completed by the National Center for Airborne Laser Mapping (NCALM - https://ncalm.cive.uh.edu). NCALM funding provided by NSF's Division of Earth Sciences, Instrumentation and Facilities Program. EAR-1043051.","2026-09-20","2005-05-19","2005-05-19"
"CA05_Heimsath","Sierra National Forest, CA: Soil Formation and Transport","Airborne Lidar","ready","All indexed file URLs matched positive-sized public objects; one LAS header checked per collection.",16,16,"https://portal.opentopography.org/datasetMetadata?otCollectionID=OT.102012.26911.2","https://doi.org/10.5069/G9FQ9TJQ","https://opentopography.s3.sdsc.edu/pc-bulk/CA05_Heimsath/CA05_Heimsath_TileIndex.zip","","5a6fe9e232b8bc5648fcca142beaa2ce238125b40aa98f4d99ed4088d364791d","99b88d7a6277f0c70ad84b844cd1e1eb00a2ef61c3baac35b2d20d222427f124","https://creativecommons.org/licenses/by/4.0/","Dataset use license","Sierra National Forest, CA: Soil Formation and Transport. Distributed by OpenTopography. https://doi.org/10.5069/G9FQ9TJQ Dataset acknowledgement: Lidar data acquisition and processing completed by the National Center for Airborne Laser Mapping (NCALM - https://ncalm.cive.uh.edu). NCALM funding provided by NSF's Division of Earth Sciences, Instrumentation and Facilities Program. EAR-1043051.","2026-09-20","2005-08-26","2005-08-27"
"IL05_Granger","Lawrenceville, IL: Detecting Tectonically Deformed Shorelines","Airborne Lidar","ready","All indexed file URLs matched positive-sized public objects; one LAS header checked per collection.",31,31,"https://portal.opentopography.org/datasetMetadata?otCollectionID=OT.102012.26916.1","https://doi.org/10.5069/G9KH0K80","https://opentopography.s3.sdsc.edu/pc-bulk/IL05_Granger/IL05_Granger_TileIndex.zip","","ea74eba46badbf78eb73ed8f887fc52595b85aef64840d6261e5256d2d15cadc","e82db4253fdc9442f8baa8f1a469b6ddaa658d6f5ad35f09beacc9f0300955ba","https://creativecommons.org/licenses/by/4.0/","Dataset use license","Granger, D. (2012). Lawrenceville, IL: Detecting Tectonically Deformed Shorelines. National Center for Airborne Laser Mapping (NCALM). Distributed by OpenTopography. https://doi.org/10.5069/G9KH0K80 Dataset acknowledgement: Lidar data acquisition and processing completed by the National Center for Airborne Laser Mapping (NCALM - https://ncalm.cive.uh.edu). NCALM funding provided by NSF's Division of Earth Sciences, Instrumentation and Facilities Program. EAR-1043051.","2026-09-20","2005-10-01","2005-10-01"
"CA05_Dolan","Furnace Creek and Fish Lake Valley Fault Zones, Death Valley National Park","Airborne Lidar","ready","All indexed file URLs matched positive-sized public objects; one LAS header checked per collection.",68,68,"https://portal.opentopography.org/datasetMetadata?otCollectionID=OT.102012.26911.1","https://doi.org/10.5069/G9T151KN","https://opentopography.s3.sdsc.edu/pc-bulk/CA05_Dolan/CA05_Dolan_TileIndex.zip","","abc6159f71dafdec64d3ac4d71ab686f11c64e6534ef650f6fac22943a803a35","96faeb1f05113fe6b06136aa30a4faafb69e5487c8f49007bf80983ecc845196","https://creativecommons.org/licenses/by/4.0/","Dataset use license","Furnace Creek and Fish Lake Valley Fault Zones, Death Valley National Park. Distributed by OpenTopography. https://doi.org/10.5069/G9T151KN Dataset acknowledgement: Lidar data acquisition and processing completed by the National Center for Airborne Laser Mapping (NCALM - https://ncalm.cive.uh.edu). NCALM funding provided by NSF's Division of Earth Sciences, Instrumentation and Facilities Program. EAR-1043051.","2026-09-20","2005-02-28","2005-02-28"
"UT05_Pollard","Raplee Ridge, Utah","Airborne Lidar","ready","All indexed file URLs matched positive-sized public objects; one LAS header checked per collection.",238,238,"https://portal.opentopography.org/datasetMetadata?otCollectionID=OT.102012.26912.1","https://doi.org/10.5069/G9Q81B0Q","https://opentopography.s3.sdsc.edu/pc-bulk/UT05_Pollard/UT05_Pollard_TileIndex.zip","","4384dd524c8b2fc1f274dd3515d5f4aa9cbdec66492a1bbd45387232b9d74398","06147621ee04a101a05d0924dcf88b91cdc4e7088f77a9955233354576d5bf70","https://creativecommons.org/licenses/by/4.0/","Dataset use license","Raplee Ridge, Utah. Distributed by OpenTopography. https://doi.org/10.5069/G9Q81B0Q Dataset acknowledgement: Lidar data acquisition and processing completed by the National Center for Airborne Laser Mapping (NCALM - https://ncalm.cive.uh.edu). NCALM funding provided by NSF's Division of Earth Sciences, Instrumentation and Facilities Program. EAR-1043051.","2026-09-20","2005-02-24","2005-02-24"
"IN_2011_2013","2011 - 2013 Indiana Statewide Lidar","Airborne Lidar","ready","All indexed file URLs matched positive-sized public objects; one LAS header checked per collection.",44674,44674,"https://portal.opentopography.org/datasetMetadata?otCollectionID=OT.062012.4326.1","https://doi.org/10.5069/G9959FHZ","https://opentopography.s3.sdsc.edu/pc-bulk/IN_2011_2013/IN_2011_2013_TileIndex.zip","","e512629490c8cb7ae1a1b0140ca65fed724866c3d74a31e556b3a0805756782a","6a70426841ac68c92fc858b01ca3e292648e200e4c0c87bc9c499084fa6c57b8","https://opentopography.org/usageterms","OpenTopography Data and Content terms; no dataset-specific license supplied","IndianaMap (2011): IndianaMap Framework Lidar. Indiana Statewide Imagery and LiDAR Program. Distributed by OpenTopography. https://doi.org/10.5069/G9959FHZ. Dataset acknowledgement: Ownership of the data products resides with the State of Indiana. All Lidar, DEM and ancillary data products produced through this project are public domain data. These data represent a public version of the data set and hold no distribution restrictions - please cite the data set as 'IndianaMap Framework Data' with link to http://www.indianamap.org .","2026-09-20","2011-03-13","2012-04-30"
"CO08_McCoy","San Isabel NF, CO: Debris Flow Mechanics and Landscape Evolution","Airborne Lidar","ready","All indexed file URLs matched positive-sized public objects; one LAS header checked per collection.",56,56,"https://portal.opentopography.org/datasetMetadata?otCollectionID=OT.092012.26913.2","https://doi.org/10.5069/G9TX3C9D","https://opentopography.s3.sdsc.edu/pc-bulk/CO08_McCoy/CO08_McCoy_TileIndex.zip","","ad988fd10993bbc95a7e99f4ea605762c1e6cc1af87516742e4415e58b98abbb","61b21eae125230f831cd99821b2aacbd0c992d7762dcfb101be0ad56d02d3c25","https://creativecommons.org/licenses/by/4.0/","Dataset use license","San Isabel NF, CO: Debris Flow Mechanics and Landscape Evolution. Distributed by OpenTopography. https://doi.org/10.5069/G9TX3C9D Dataset acknowledgement: Lidar data acquisition and processing completed by the National Center for Airborne Laser Mapping (NCALM - https://ncalm.cive.uh.edu). NCALM funding provided by NSF's Division of Earth Sciences, Instrumentation and Facilities Program. EAR-1043051.","2026-09-20","2008-10-07","2008-10-07"
"CO07_Tucker","West Bijou Creek, CO","Airborne Lidar","ready","All indexed file URLs matched positive-sized public objects; one LAS header checked per collection.",42,42,"https://portal.opentopography.org/datasetMetadata?otCollectionID=OT.092012.26913.1","https://doi.org/10.5069/G9ZP4414","https://opentopography.s3.sdsc.edu/pc-bulk/CO07_Tucker/CO07_Tucker_TileIndex.zip","","fdc6460cc9b05ce5c29192675097dc57774806ad099436c86985ea7aae2126a7","7835a36b29b6cf3769a1dd6afd4b22a69d59bc7c5a2386cf74b5d8756e02e1fd","https://creativecommons.org/licenses/by/4.0/","Dataset use license","West Bijou Creek, CO. Distributed by OpenTopography. https://doi.org/10.5069/G9ZP4414 Dataset acknowledgement: Lidar data acquisition and processing completed by the National Center for Airborne Laser Mapping (NCALM - https://ncalm.cive.uh.edu). NCALM funding provided by NSF's Division of Earth Sciences, Instrumentation and Facilities Program. EAR-1043051.","2026-09-20","2007-04-23","2007-04-23"
"CA09_Perkins","South Fork Eel River, CA: Understanding Terrace Formation and Abandonment","Airborne Lidar","ready","All indexed file URLs matched positive-sized public objects; one LAS header checked per collection.",508,508,"https://portal.opentopography.org/datasetMetadata?otCollectionID=OT.092012.26910.4","https://doi.org/10.5069/G93F4MH1","https://opentopography.s3.sdsc.edu/pc-bulk/CA09_Perkins/CA09_Perkins_TileIndex.zip","","efaccac30dcad22dad56b3fba7a81d5d6b6d0dc18d84a73fbeac7382db0f29ce","ba58a1e979ce68004aa3dd10ef0e7a59b1e22e6e624e76f62a6fe0a8b6a13f31","https://creativecommons.org/licenses/by/4.0/","Dataset use license","South Fork Eel River, CA: Understanding Terrace Formation and Abandonment. Distributed by OpenTopography. https://doi.org/10.5069/G93F4MH1 Dataset acknowledgement: Lidar data acquisition and processing completed by the National Center for Airborne Laser Mapping (NCALM - https://ncalm.cive.uh.edu). NCALM funding provided by NSF's Division of Earth Sciences, Instrumentation and Facilities Program. EAR-1043051.","2026-09-20","2009-09-04","2009-09-04"
"OR07_Lancaster","Oregon Coast Range: Sediment Storage in Debris-Flows","Airborne Lidar","ready","All indexed file URLs matched positive-sized public objects; one LAS header checked per collection.",99,99,"https://portal.opentopography.org/datasetMetadata?otCollectionID=OT.092012.26910.2","https://doi.org/10.5069/G9765C7R","https://opentopography.s3.sdsc.edu/pc-bulk/OR07_Lancaster/OR07_Lancaster_TileIndex.zip","","b3018d4473dda32e159e39b528c378571b41d96442266d5c2cb13d741e5a0a3c","5ceb4cb6bcf7aacbc7acaa7418450896b1ffdae6f6deb43fc0745deb5f1bcb4b","https://creativecommons.org/licenses/by/4.0/","Dataset use license","Oregon Coast Range: Sediment Storage in Debris-Flows. Distributed by OpenTopography. https://doi.org/10.5069/G9765C7R Dataset acknowledgement: Lidar data acquisition and processing completed by the National Center for Airborne Laser Mapping (NCALM - https://ncalm.cive.uh.edu). NCALM funding provided by NSF's Division of Earth Sciences, Instrumentation and Facilities Program. EAR-1043051.","2026-09-20","2007-04-26","2007-04-26"
"LCZO_BLCMM","Luquillo CZO Rio Blanco and Rio Mameyes Lidar Survey 2010-2011","Airborne Lidar","ready","All indexed file URLs matched positive-sized public objects; one LAS header checked per collection.",291,291,"https://portal.opentopography.org/datasetMetadata?otCollectionID=OT.102012.26920.1","https://doi.org/10.5069/G9BZ63ZR","https://opentopography.s3.sdsc.edu/pc-bulk/LCZO_BLCMM/LCZO_BLCMM_TileIndex.zip","","4c3ca2b1f6014e42d1b2af425b74e0e304c65387789c42def886f5c3e3a42fae","b661eab36622629152dd99a3ff04b3307deb95ab708745f34eb52fa4bfe8f75b","https://creativecommons.org/licenses/by/4.0/","Dataset use license","Luquillo CZO Rio Blanco and Rio Mameyes Lidar Survey 2010-2011. Distributed by OpenTopography. https://doi.org/10.5069/G9BZ63ZR Dataset acknowledgement: Luquillo Critical Zone Observatory 2010-2011 Lidar Survey for the Rio Mameyes and Rio Blanco Watersheds. NCALM, NSF EAR-0922307.","2026-09-20","2010-07-26","2011-05-01"
"NMSZ_MO_AR","New Madrid Seismic Zone","Airborne Lidar","ready","All indexed file URLs matched positive-sized public objects; one LAS header checked per collection.",1355,1355,"https://portal.opentopography.org/datasetMetadata?otCollectionID=OT.082012.26915.1","https://doi.org/10.5069/G94F1NND","https://opentopography.s3.sdsc.edu/pc-bulk/NMSZ_MO_AR/NMSZ_MO_AR_TileIndex.zip","","611da941e1fe1717ee5ae7e86b4371576621f67efdfebc5c9f9eee41a6bcbf21","baee1a42176928ed5cf376b00a0ac94fe70f5795da32cf93a2bb4baef7079bdb","https://opentopography.org/usageterms","OpenTopography Data and Content terms; no dataset-specific license supplied","New Madrid Seismic Zone. Distributed by OpenTopography. https://doi.org/10.5069/G94F1NND Dataset acknowledgement: The U.S. Geological Survey (USGS) funded and coordinated the acquisition of about 722 square kilometers of airborne Light Distance and Ranging (Lidar) data and derivative bare-earth ground models to support earthquake hazard studies in the New Madrid seismic zone (SE Missouri and NE Arkansas). Terrain surveyed include coverage of the surface projection of the Commerce Geophysical lineament, Crowley's Ridge, and features in and near the St. Francis River. Specifications for the acquisition followed recommendations made by R. Haugerud et al. in a proposed specification for lidar surveys in the Pacific Northwest (2008). The data were acquired by the Oregon Department of Geology and Mineral Industries in association with Oregon Lidar Consortium. The vendor reported that the data were acquired meeting the specification of at least 8 points/m 2 . Project PIs: Robert Williams and Craig Weaver.","2026-09-20","2012-01-30","2012-02-26"
"CA06_Stock","Yosemite, CA: El Portal, Mariposa Grove, Yosemite Canyon & Tuolumne Meadows","Airborne Lidar","ready","All indexed file URLs matched positive-sized public objects; one LAS header checked per collection.",61,61,"https://portal.opentopography.org/datasetMetadata?otCollectionID=OT.092012.26911.2","https://doi.org/10.5069/G9GQ6VP3","https://opentopography.s3.sdsc.edu/pc-bulk/CA06_Stock/CA06_Stock_TileIndex.zip","","633fb9dfca30cccd94db94d35bebdc6fa2610255d753d56e881f9caf99650644","45a13c152edbf2a5d400a0380e94b4d76855b484cfff06f79d405d3f0079c3fd","https://creativecommons.org/licenses/by/4.0/","Dataset use license","Yosemite, CA: El Portal, Mariposa Grove, Yosemite Canyon & Tuolumne Meadows. Distributed by OpenTopography. https://doi.org/10.5069/G9GQ6VP3 Dataset acknowledgement: Lidar data acquisition and processing completed by the National Center for Airborne Laser Mapping (NCALM - https://ncalm.cive.uh.edu). NCALM funding provided by NSF's Division of Earth Sciences, Instrumentation and Facilities Program. EAR-1043051.","2026-09-20","2006-09-18","2006-09-22"
"CA06_Martel","Yosemite, CA: Spatial & Temporal Patterns of Nitrogen Export","Airborne Lidar","ready","All indexed file URLs matched positive-sized public objects; one LAS header checked per collection.",35,35,"https://portal.opentopography.org/datasetMetadata?otCollectionID=OT.092012.26911.1","https://doi.org/10.5069/G9MG7MDT","https://opentopography.s3.sdsc.edu/pc-bulk/CA06_Martel/CA06_Martel_TileIndex.zip","","18d813d75b2ac73e52262c2a92f50687f064d6d441e6941ec2830f1c585381a5","b8562532f8f9ee749c6cc07fc20225664b47e5960b223f013ae91464872ef064","https://creativecommons.org/licenses/by/4.0/","Dataset use license","Yosemite, CA: Spatial & Temporal Patterns of Nitrogen Export. Distributed by OpenTopography. https://doi.org/10.5069/G9MG7MDT Dataset acknowledgement: Lidar data acquisition and processing completed by the National Center for Airborne Laser Mapping (NCALM - https://ncalm.cive.uh.edu). NCALM funding provided by NSF's Division of Earth Sciences, Instrumentation and Facilities Program. EAR-1043051.","2026-09-20","2006-09-18","2006-09-22"
"FL05_Swain","Lake Placid, FL: Lidar Survey of the Archbold Biological Station","Airborne Lidar","ready","All indexed file URLs matched positive-sized public objects; one LAS header checked per collection.",28,28,"https://portal.opentopography.org/datasetMetadata?otCollectionID=OT.092012.26917.1","https://doi.org/10.5069/G9R49NQT","https://opentopography.s3.sdsc.edu/pc-bulk/FL05_Swain/FL05_Swain_TileIndex.zip","","3c7e23cb3c5759fe078b5df3d73de0d642412716db15aa90128038513a1cdaa5","6fd5bea83a2671f2326a4d623fe08658b03866c769a720b790304a5718d0eb1a","https://creativecommons.org/licenses/by/4.0/","Dataset use license","Lake Placid, FL: Lidar Survey of the Archbold Biological Station. Distributed by OpenTopography. https://doi.org/10.5069/G9R49NQT Dataset acknowledgement: Lidar data acquisition and processing completed by the National Center for Airborne Laser Mapping (NCALM - https://ncalm.cive.uh.edu). NCALM funding provided by NSF's Division of Earth Sciences, Instrumentation and Facilities Program. EAR-1043051.","2026-09-20","2006-04-11","2006-04-21"
"CA07_Marshall","Loma Mar, CA: Lidar survey of the San Jose Mountains","Airborne Lidar","ready","All indexed file URLs matched positive-sized public objects; one LAS header checked per collection.",22,22,"https://portal.opentopography.org/datasetMetadata?otCollectionID=OT.092012.26910.1","https://doi.org/10.5069/G9VX0DFS","https://opentopography.s3.sdsc.edu/pc-bulk/CA07_Marshall/CA07_Marshall_TileIndex.zip","","bc5215bc9a9c21344b4e3d37615d9e021aa1263bbf915cbb9cda1f3584f52170","498a8384b4669acbc93e7307e0c6a2f79fd4b36a640d367a2a618fdf2ae9a2d5","https://creativecommons.org/licenses/by/4.0/","Dataset use license","Loma Mar, CA: Lidar survey of the San Jose Mountains. Distributed by OpenTopography. https://doi.org/10.5069/G9VX0DFS Dataset acknowledgement: Lidar data acquisition and processing completed by the National Center for Airborne Laser Mapping (NCALM - https://ncalm.cive.uh.edu). NCALM funding provided by NSF's Division of Earth Sciences, Instrumentation and Facilities Program. EAR-1043051.","2026-09-20","2006-12-06","2006-12-07"
"CO07_Berlin","Grand Junction, CO: Roan Plateau","Airborne Lidar","ready","All indexed file URLs matched positive-sized public objects; one LAS header checked per collection.",174,174,"https://portal.opentopography.org/datasetMetadata?otCollectionID=OT.092012.32612.1","https://doi.org/10.5069/G90P0WXP","https://opentopography.s3.sdsc.edu/pc-bulk/CO07_Berlin/CO07_Berlin_TileIndex.zip","","a8a7ad979c8733ac72dcaba7158a9b84f9bc05baaeaedecdaa9ce79ef65ca4c7","695be783f5711a0ecd9e7789efe22e49c98cc2522f59d96a863628965f78a2a3","https://creativecommons.org/licenses/by/4.0/","Dataset use license","Grand Junction, CO: Roan Plateau. Distributed by OpenTopography. https://doi.org/10.5069/G90P0WXP Dataset acknowledgement: Lidar data acquisition and processing completed by the National Center for Airborne Laser Mapping (NCALM - https://ncalm.cive.uh.edu). NCALM funding provided by NSF's Division of Earth Sciences, Instrumentation and Facilities Program. EAR-1043051.","2026-09-20","2007-04-20","2007-04-20"
"TX11_Ferreira","Corpus Cristi, TX: Influence of Dunes & Barrier Islands on Hurricane Surge","Airborne Lidar","ready","All indexed file URLs matched positive-sized public objects; one LAS header checked per collection.",56,56,"https://portal.opentopography.org/datasetMetadata?otCollectionID=OT.082012.26914.1","https://doi.org/10.5069/G9862DC4","https://opentopography.s3.sdsc.edu/pc-bulk/TX11_Ferreira/TX11_Ferreira_TileIndex.zip","","89d8481673dfcb348d424af4223b19dddfd59dee5ec52e7ad2761ce75daf6dfc","860941b14d9a28f60baf4af87277948c40b72a5ec8a8d8b073546fa3b4300b64","https://creativecommons.org/licenses/by/4.0/","Dataset use license","Corpus Cristi, TX: Influence of Dunes & Barrier Islands on Hurricane Surge. Distributed by OpenTopography. https://doi.org/10.5069/G9862DC4 Dataset acknowledgement: Lidar data acquisition and processing completed by the National Center for Airborne Laser Mapping (NCALM - https://ncalm.cive.uh.edu). NCALM funding provided by NSF's Division of Earth Sciences, Instrumentation and Facilities Program. EAR-1043051.","2026-09-20","2011-10-17","2011-10-17"
"NM11_Slater","Lincoln National Forest, NM: Floodplains in Fluvial Networks","Airborne Lidar","ready","All indexed file URLs matched positive-sized public objects; one LAS header checked per collection.",66,66,"https://portal.opentopography.org/datasetMetadata?otCollectionID=OT.082012.26913.2","https://doi.org/10.5069/G9CZ353J","https://opentopography.s3.sdsc.edu/pc-bulk/NM11_Slater/NM11_Slater_TileIndex.zip","","4a95568541dbd9d4a35325cd240ca3637126f5fcf2acf1358cbbc7d50d37418e","82404ae0e1f577a4bf541ce1feb98c55f5ba1239e32cbc82cafc3ce1c1f631c5","https://creativecommons.org/licenses/by/4.0/","Dataset use license","Lincoln National Forest, NM: Floodplains in Fluvial Networks. Distributed by OpenTopography. https://doi.org/10.5069/G9CZ353J Dataset acknowledgement: Lidar data acquisition and processing completed by the National Center for Airborne Laser Mapping (NCALM - https://ncalm.cive.uh.edu). NCALM funding provided by NSF's Division of Earth Sciences, Instrumentation and Facilities Program. EAR-1043051.","2026-09-20","2011-09-09","2011-09-09"
"UT11_Olinde","Hite, UT: Quantifying Evolution and Stability of Coarse Alluvial Channels","Airborne Lidar","ready","All indexed file URLs matched positive-sized public objects; one LAS header checked per collection.",120,120,"https://portal.opentopography.org/datasetMetadata?otCollectionID=OT.082012.26912.2","https://doi.org/10.5069/G9NC5Z4W","https://opentopography.s3.sdsc.edu/pc-bulk/UT11_Olinde/UT11_Olinde_TileIndex.zip","","c78d7963b8941fd816682b67667f62420be212acabbc281515141bc2f1176d10","e551cf33575372cdd356fcbfa2fa7d8c84f3b487a840bdee9d9d7022846a7645","https://creativecommons.org/licenses/by/4.0/","Dataset use license","Hite, UT: Quantifying Evolution and Stability of Coarse Alluvial Channels. Distributed by OpenTopography. https://doi.org/10.5069/G9NC5Z4W Dataset acknowledgement: Lidar data acquisition and processing completed by the National Center for Airborne Laser Mapping (NCALM - https://ncalm.cive.uh.edu). NCALM funding provided by NSF's Division of Earth Sciences, Instrumentation and Facilities Program. EAR-1043051.","2026-09-20","2011-09-07","2011-09-07"
"UT11_Lokteff","Cache NF, UT: Predicting Bonneville Cutthroat Trout Spawning Hotspots","Airborne Lidar","ready","All indexed file URLs matched positive-sized public objects; one LAS header checked per collection.",77,77,"https://portal.opentopography.org/datasetMetadata?otCollectionID=OT.082012.26912.1","https://doi.org/10.5069/G9HQ3WTG","https://opentopography.s3.sdsc.edu/pc-bulk/UT11_Lokteff/UT11_Lokteff_TileIndex.zip","","8922e72e3a57eac8c6d706e2633a1bd87b0f9977bf23f3868a2bd5606b5d282c","2e5c45159db78110fa167dc795051c694d4274b3fd8d5e73862d0b7d1eaac0a0","https://creativecommons.org/licenses/by/4.0/","Dataset use license","Cache NF, UT: Predicting Bonneville Cutthroat Trout Spawning Hotspots. Distributed by OpenTopography. https://doi.org/10.5069/G9HQ3WTG Dataset acknowledgement: Lidar data acquisition and processing completed by the National Center for Airborne Laser Mapping (NCALM - https://ncalm.cive.uh.edu). NCALM funding provided by NSF's Division of Earth Sciences, Instrumentation and Facilities Program. EAR-1043051.","2026-09-20","2011-08-31","2011-08-31"
"ID11_Havens","Boise NF, ID: Avalanche Forecasting and Acoustic Detection","Airborne Lidar","ready","All indexed file URLs matched positive-sized public objects; one LAS header checked per collection.",61,61,"https://portal.opentopography.org/datasetMetadata?otCollectionID=OT.082012.26911.3","https://doi.org/10.5069/G9S46PV6","https://opentopography.s3.sdsc.edu/pc-bulk/ID11_Havens/ID11_Havens_TileIndex.zip","","e385834844fe62e53c1cd10fc437e70921177bd7007268ef676f723497406d21","800b58fefc2e62eac6a905915109db462a3abd5c41794b7d3548f345f750e57c","https://creativecommons.org/licenses/by/4.0/","Dataset use license","Boise NF, ID: Avalanche Forecasting and Acoustic Detection. Distributed by OpenTopography. https://doi.org/10.5069/G9S46PV6 Dataset acknowledgement: Lidar data acquisition and processing completed by the National Center for Airborne Laser Mapping (NCALM - https://ncalm.cive.uh.edu). NCALM funding provided by NSF's Division of Earth Sciences, Instrumentation and Facilities Program. EAR-1043051.","2026-09-20","2011-08-30","2011-08-30"
"ID11_Wood","Bitterroot NF, ID: Transient Hillslope Response to Knickpoint Migration","Airborne Lidar","ready","All indexed file URLs matched positive-sized public objects; one LAS header checked per collection.",63,63,"https://portal.opentopography.org/datasetMetadata?otCollectionID=OT.082012.26911.2","https://doi.org/10.5069/G9WW7FKM","https://opentopography.s3.sdsc.edu/pc-bulk/ID11_Wood/ID11_Wood_TileIndex.zip","","a48cdfe43591a55cb69cb660efb99463b1d1164d4dd9d9b6c0043b9ed2e3ac85","8ca1541300345ca452ca98d49a15cfac7da0a37135787b03a4d628f00b9141f6","https://creativecommons.org/licenses/by/4.0/","Dataset use license","Bitterroot NF, ID: Transient Hillslope Response to Knickpoint Migration. Distributed by OpenTopography. https://doi.org/10.5069/G9WW7FKM Dataset acknowledgement: Lidar data acquisition and processing completed by the National Center for Airborne Laser Mapping (NCALM - https://ncalm.cive.uh.edu). NCALM funding provided by NSF's Division of Earth Sciences, Instrumentation and Facilities Program. EAR-1043051.","2026-09-20","2011-08-28","2011-08-28"
"WY11_Biederman","Medicine Bow NF, WY: Forest Ecosystem Impacts by Mountain Pine Beetle","Airborne Lidar","ready","All indexed file URLs matched positive-sized public objects; one LAS header checked per collection.",48,48,"https://portal.opentopography.org/datasetMetadata?otCollectionID=OT.082012.26913.1","https://doi.org/10.5069/G91N7Z2X","https://opentopography.s3.sdsc.edu/pc-bulk/WY11_Biederman/WY11_Biederman_TileIndex.zip","","4678a025531326ae4dc9ca46e125a6889d824695be461787ea430680e45ed1e3","6cce78b143a09e8b87d997afb2985222de81ef5b5cf089e615cd398a3a164f0b","https://creativecommons.org/licenses/by/4.0/","Dataset use license","Medicine Bow NF, WY: Forest Ecosystem Impacts by Mountain Pine Beetle. Distributed by OpenTopography. https://doi.org/10.5069/G91N7Z2X Dataset acknowledgement: Lidar data acquisition and processing completed by the National Center for Airborne Laser Mapping (NCALM - https://ncalm.cive.uh.edu). NCALM funding provided by NSF's Division of Earth Sciences, Instrumentation and Facilities Program. EAR-1043051.","2026-09-20","2011-08-26","2011-08-26"
"CHANNEL_IS","2010 Channel Islands Lidar Collection","Airborne Lidar","ready","All indexed file URLs matched positive-sized public objects; one LAS header checked per collection.",302,302,"https://portal.opentopography.org/datasetMetadata?otCollectionID=OT.082012.26911.1","https://doi.org/10.5069/G95D8PS7","https://opentopography.s3.sdsc.edu/pc-bulk/CHANNEL_IS/CHANNEL_IS_TileIndex.zip","","e4fb199ed662ddaa8a0a930e32fd81034301c4b4ba0f50e2cb1b51cb7c8c92cb","e1bd836685490e28ab3e71d38a955df7c02780f15cae4545c273349859994111","https://opentopography.org/usageterms","OpenTopography Data and Content terms; no dataset-specific license supplied","2010 Channel Islands Lidar Collection. Distributed by OpenTopography. https://doi.org/10.5069/G95D8PS7 Dataset acknowledgement: Data available from the U.S. Geological Survey.","2026-09-20","2010-03-11","2010-04-08"
"JRB_10_Jul","Jemez River Basin Snow-off Lidar Survey","Airborne Lidar","ready","All indexed file URLs matched positive-sized public objects; one LAS header checked per collection.",757,757,"https://portal.opentopography.org/datasetMetadata?otCollectionID=OT.062012.26913.1","https://doi.org/10.5069/G9RB72JV","https://opentopography.s3.sdsc.edu/pc-bulk/JRB_10_Jul/JRB_10_Jul_TileIndex.zip","","f0963083d56bd44aab6c5e70b76691b0f0305239a4224a88260a84d189e08f30","36e8a12ecfe9a5491ff629083bebd563c83d7bf99c0b0b9fc80b96263839c773","https://creativecommons.org/licenses/by/4.0/","Dataset use license","Jemez River Basin Snow-off Lidar Survey. Distributed by OpenTopography. https://doi.org/10.5069/G9RB72JV Dataset acknowledgement: Lidar data acquisition and processing were completed by the National Center for Airborne Laser Mapping (NCALM), funded by the National Science Foundation (NSF) Award EAR-0922307, Valles Caldera National Preserve (VCNP), Bandelier National Monument/National Park Service (BNM/NPS) and United States Geological Survey (USGS), and coordinated by Qinghua Guo for the Jemez River Basin and Santa Catalina Mountains Critical Zone Observatory funded by the National Science Foundation Award EAR-0724958.","2026-09-20","2010-06-29","2010-07-08"
"JRB_10_Mar","Jemez River Basin Snow-on Lidar Survey","Airborne Lidar","ready","All indexed file URLs matched positive-sized public objects; one LAS header checked per collection.",294,294,"https://portal.opentopography.org/datasetMetadata?otCollectionID=OT.062012.26913.2","https://doi.org/10.5069/G9W37T86","https://opentopography.s3.sdsc.edu/pc-bulk/JRB_10_Mar/JRB_10_Mar_TileIndex.zip","","3d651784e149b96cec9efc209fb7f8b3d07304d3c9e50d999d685cd1489941e3","d8bb7f94fbfd0e1fd270cf37900780808113dfe824b6387db1ec3819764f0c71","https://creativecommons.org/licenses/by/4.0/","Dataset use license","Jemez River Basin Snow-on Lidar Survey. Distributed by OpenTopography. https://doi.org/10.5069/G9W37T86 Dataset acknowledgement: Lidar data acquisition and processing were completed by the National Center for Airborne Laser Mapping (NCALM), funded by the National Science Foundation Award EAR-0922307, and coordinated by Qinghua Guo for the Jemez River Basin and Santa Catalina Mountains Critical Zone Observatory funded by the National Science Foundation Award EAR-0724958.","2026-09-20","2010-03-27","2010-04-03"
"NH11_Gartner","West Swanzey, NH: Geomorphic Response to Dam Removal, Ashuelot River(2011)","Airborne Lidar","ready","All indexed file URLs matched positive-sized public objects; one LAS header checked per collection.",64,64,"https://portal.opentopography.org/datasetMetadata?otCollectionID=OT.062012.26918.1","https://doi.org/10.5069/G90V89R5","https://opentopography.s3.sdsc.edu/pc-bulk/NH11_Gartner/NH11_Gartner_TileIndex.zip","","2bfe4df5dd5140d639f216d8189cb02a85f2f636a82e7bb0296b8e27ff80928e","c86d310bf8dba555b33a2767fe79688419283aae20320f15d5992e8d77b0a51a","https://creativecommons.org/licenses/by/4.0/","Dataset use license","West Swanzey, NH: Geomorphic Response to Dam Removal, Ashuelot River(2011). Distributed by OpenTopography. https://doi.org/10.5069/G90V89R5 Dataset acknowledgement: Lidar data acquisition and processing completed by the National Center for Airborne Laser Mapping (NCALM - https://ncalm.cive.uh.edu). NCALM funding provided by NSF's Division of Earth Sciences, Instrumentation and Facilities Program. EAR-1043051.","2026-09-20","2011-07-20","2011-07-20"
"OR08_Wallick","Geomorphic Effects of Landslide Dams on the Owyhee River, Oregon","Airborne Lidar","ready","All indexed file URLs matched positive-sized public objects; one LAS header checked per collection.",312,312,"https://portal.opentopography.org/datasetMetadata?otCollectionID=OT.062012.26911.1","https://doi.org/10.5069/G98913SF","https://opentopography.s3.sdsc.edu/pc-bulk/OR08_Wallick/OR08_Wallick_TileIndex.zip","","49ddc42327f35f261458b7e3e5d0d6c6b031ea4cea6540326c99a54cec5a09d4","986038d3c64527dc144a51a2e257519dd06b41e4e810959b451b78f99fef8c43","https://creativecommons.org/licenses/by/4.0/","Dataset use license","Geomorphic Effects of Landslide Dams on the Owyhee River, Oregon. Distributed by OpenTopography. https://doi.org/10.5069/G98913SF Dataset acknowledgement: Lidar data acquisition and processing completed by the National Center for Airborne Laser Mapping (NCALM - https://ncalm.cive.uh.edu). NCALM funding provided by NSF's Division of Earth Sciences, Instrumentation and Facilities Program. EAR-1043051.","2026-09-20","2008-10-01","2008-10-03"
"FL10_Lane","Bald Point, FL: Hurricane Frequency and Storm Surge Archives from Sinkholes","Airborne Lidar","ready","All indexed file URLs matched positive-sized public objects; one LAS header checked per collection.",55,55,"https://portal.opentopography.org/datasetMetadata?otCollectionID=OT.062012.26916.1","https://doi.org/10.5069/G9D21VHS","https://opentopography.s3.sdsc.edu/pc-bulk/FL10_Lane/FL10_Lane_TileIndex.zip","","aba5ae7b6069b760ccaca85ab6a43c3d8636614acb226d89093c73d2de1163a7","18ec505031c28d3ce4480f1aea0a601178973e12cd1fe9b0985623d82ac69049","https://creativecommons.org/licenses/by/4.0/","Dataset use license","Bald Point, FL: Hurricane Frequency and Storm Surge Archives from Sinkholes. Distributed by OpenTopography. https://doi.org/10.5069/G9D21VHS Dataset acknowledgement: Lidar data acquisition and processing completed by the National Center for Airborne Laser Mapping (NCALM - https://ncalm.cive.uh.edu). NCALM funding provided by NSF's Division of Earth Sciences, Instrumentation and Facilities Program. EAR-1043051.","2026-09-20","2010-09-04","2010-09-04"
"FL11_Catano","Apopka, FL: Using Lidar to Identify Optimal Gopher Tortoise habitat","Airborne Lidar","ready","All indexed file URLs matched positive-sized public objects; one LAS header checked per collection.",55,55,"https://portal.opentopography.org/datasetMetadata?otCollectionID=OT.062012.26917.1","https://doi.org/10.5069/G94M92GW","https://opentopography.s3.sdsc.edu/pc-bulk/FL11_Catano/FL11_Catano_TileIndex.zip","","1711c58e2cb74d968d89b4fb86d920abeb18a1e88639ee0d078ede960e12a55c","ad1ffb8b9440ca3abedaaea7aedd4e934ea5c4747ff79054c59dfbf9068432de","https://creativecommons.org/licenses/by/4.0/","Dataset use license","Apopka, FL: Using Lidar to Identify Optimal Gopher Tortoise habitat. Distributed by OpenTopography. https://doi.org/10.5069/G94M92GW Dataset acknowledgement: Lidar data acquisition and processing completed by the National Center for Airborne Laser Mapping (NCALM - https://ncalm.cive.uh.edu). NCALM funding provided by NSF's Division of Earth Sciences, Instrumentation and Facilities Program. EAR-1043051.","2026-09-20","2011-06-25","2011-06-25"
"NC09_Windfeldt","Nantahala NF, NC: Forest Leaf Structure, Terrain and Hydrophysiology","Airborne Lidar","ready","All indexed file URLs matched positive-sized public objects; one LAS header checked per collection.",90,90,"https://portal.opentopography.org/datasetMetadata?otCollectionID=OT.052012.26917.2","https://doi.org/10.5069/G9HT2M76","https://opentopography.s3.sdsc.edu/pc-bulk/NC09_Windfeldt/NC09_Windfeldt_TileIndex.zip","","f2b7aa9cbd40512929e0827bc1f56f8354de4188589d1dbebd052ca7820b697b","99339c78fa8af0842b1e27b5fc5c87a6e6d72b4932e34daad84e9af7730090fc","https://creativecommons.org/licenses/by/4.0/","Dataset use license","Nantahala NF, NC: Forest Leaf Structure, Terrain and Hydrophysiology. Distributed by OpenTopography. https://doi.org/10.5069/G9HT2M76 Dataset acknowledgement: Lidar data acquisition and processing completed by the National Center for Airborne Laser Mapping (NCALM - https://ncalm.cive.uh.edu). NCALM funding provided by NSF's Division of Earth Sciences, Instrumentation and Facilities Program. EAR-1043051.","2026-09-20","2009-08-29","2009-08-29"
"CA09_Morell","Point Reyes, CA: Landscape Response to Tectonics","Airborne Lidar","ready","All indexed file URLs matched positive-sized public objects; one LAS header checked per collection.",108,108,"https://portal.opentopography.org/datasetMetadata?otCollectionID=OT.052012.26910.1","https://doi.org/10.5069/G9NK3BZH","https://opentopography.s3.sdsc.edu/pc-bulk/CA09_Morell/CA09_Morell_TileIndex.zip","","5c6845c95f374a9f9c8a3f1cd3036f98a7a999b4c91663f91d4cc7405c14ac00","798460039b7d84f683f279628438a16b769b4e7c4fbe8b3be2efcfb1829162ea","https://creativecommons.org/licenses/by/4.0/","Dataset use license","Point Reyes, CA: Landscape Response to Tectonics. Distributed by OpenTopography. https://doi.org/10.5069/G9NK3BZH Dataset acknowledgement: Lidar data acquisition and processing completed by the National Center for Airborne Laser Mapping (NCALM - https://ncalm.cive.uh.edu). NCALM funding provided by NSF's Division of Earth Sciences, Instrumentation and Facilities Program. EAR-1043051.","2026-09-20","2009-09-08","2009-09-08"
"ID09_Covino","Stanley, ID: Linkages Between Hydrologic Complexity and Nutrient Export","Airborne Lidar","ready","All indexed file URLs matched positive-sized public objects; one LAS header checked per collection.",69,69,"https://portal.opentopography.org/datasetMetadata?otCollectionID=OT.052012.26911.1","https://doi.org/10.5069/G9SB43P7","https://opentopography.s3.sdsc.edu/pc-bulk/ID09_Covino/ID09_Covino_TileIndex.zip","","aed3a4a7101d5f68c5ea763e7712d012c86e3ba6f53b74541e530424905b02ce","342c93dcb5097224165e3d495f59ffe03b39652c633cd4a0f35303dd3fd86357","https://creativecommons.org/licenses/by/4.0/","Dataset use license","Stanley, ID: Linkages Between Hydrologic Complexity and Nutrient Export. Distributed by OpenTopography. https://doi.org/10.5069/G9SB43P7 Dataset acknowledgement: Lidar data acquisition and processing completed by the National Center for Airborne Laser Mapping (NCALM - https://ncalm.cive.uh.edu). NCALM funding provided by NSF's Division of Earth Sciences, Instrumentation and Facilities Program. EAR-1043051.","2026-09-20","2009-09-02","2009-09-02"
"FL08_Angelo","Merritt Island, FL: Identification of Florida Scrub-Jay Habitat","Airborne Lidar","ready","All indexed file URLs matched positive-sized public objects; one LAS header checked per collection.",68,68,"https://portal.opentopography.org/datasetMetadata?otCollectionID=OT.052012.26917.1","https://doi.org/10.5069/G9X34VDK","https://opentopography.s3.sdsc.edu/pc-bulk/FL08_Angelo/FL08_Angelo_TileIndex.zip","","0ffba67748c822d70e698f3aa5031e7ffa3575358d9ea05f4b3592811dd7c3d6","51c3d343677fe54f9a7b537b33b8796fbef9980e57d2c7285228cab9890e79c8","https://creativecommons.org/licenses/by/4.0/","Dataset use license","Merritt Island, FL: Identification of Florida Scrub-Jay Habitat. Distributed by OpenTopography. https://doi.org/10.5069/G9X34VDK Dataset acknowledgement: Lidar data acquisition and processing completed by the National Center for Airborne Laser Mapping (NCALM - https://ncalm.cive.uh.edu). NCALM funding provided by NSF's Division of Earth Sciences, Instrumentation and Facilities Program. EAR-1043051.","2026-09-20","2008-06-17","2008-06-17"
"HI09_Kauai","Hawaii Kauai Survey","Airborne Lidar","ready","All indexed file URLs matched positive-sized public objects; one LAS header checked per collection.",244,244,"https://portal.opentopography.org/datasetMetadata?otCollectionID=OT.052012.32604.1","https://doi.org/10.5069/G91V5BWJ","https://opentopography.s3.sdsc.edu/pc-bulk/HI09_Kauai/HI09_Kauai_TileIndex.zip","","b70afae5f0eaa074bb4aed96fc5671b66ad982774fa733296536c75056c42f2a","abd3bf6915712ceecf252f9c4f05d4617b42fbc2f36afeaebea9552fa3b34de4","https://creativecommons.org/licenses/by/4.0/","Dataset use license","Hawaii Kauai Survey. Distributed by OpenTopography. https://doi.org/10.5069/G91V5BWJ Dataset acknowledgement: Lidar data acquisition and processing completed by the National Center for Airborne Laser Mapping (NCALM - https://ncalm.cive.uh.edu). NCALM funding provided by NSF's Division of Earth Sciences, Instrumentation and Facilities Program. EAR-1043051.","2026-09-20","2009-06-29","2009-07-07"
"ILC03_StJoe","Idaho Lidar Consortium (ILC): St. Joe National Forest","Airborne Lidar","ready","All indexed file URLs matched positive-sized public objects; one LAS header checked per collection.",70,70,"https://portal.opentopography.org/datasetMetadata?otCollectionID=OT.042012.26911.1","https://doi.org/10.5069/G9KS6PHD","https://opentopography.s3.sdsc.edu/pc-bulk/ILC03_StJoe/ILC03_StJoe_TileIndex.zip","","591f25ff0006a9b2cd011c0f579b6a6bf82f15fe5bcb71b0a8bbdb646739d40b","f392dec1d9d9443aff09f6a0aab1823248544df9f5f3ac049d9128e3ff08f7a5","https://opentopography.org/usageterms","OpenTopography Data and Content terms; no dataset-specific license supplied","Idaho Lidar Consortium (ILC): St. Joe National Forest. Distributed by OpenTopography. https://doi.org/10.5069/G9KS6PHD Dataset acknowledgement: Proper credit to Idaho Lidar Consortium. The ascii files were converted to las format and classified using the Multiscale Curvature Classification (MCC) method of Evans and Hudak (2007): Evans, J.S., and A.T. Hudak. (2007) A multiscale curvature algorithm for classifying discrete return lidar in forested environments. IEEE Transactions on Geoscience and Remote Sensing 45(4): 1029-1038.","2026-09-20","2003-07-23","2003-09-22"
"ILC03_MoscowMnt","Idaho Lidar Consortium (ILC): Moscow Mountain","Airborne Lidar","ready","All indexed file URLs matched positive-sized public objects; one LAS header checked per collection.",52,52,"https://portal.opentopography.org/datasetMetadata?otCollectionID=OT.042012.26911.2","https://doi.org/10.5069/G9G15XS0","https://opentopography.s3.sdsc.edu/pc-bulk/ILC03_MoscowMnt/ILC03_MoscowMnt_TileIndex.zip","","4ae3ed930b5db5332d886eebaa60d6a1da1110c0a2130e86783546f92a4ad464","673952e7f00ce8909a2b5b52e1169010beccd5d66890cb31dc7c1b292207140b","https://opentopography.org/usageterms","OpenTopography Data and Content terms; no dataset-specific license supplied","Idaho Lidar Consortium (ILC): Moscow Mountain. Distributed by OpenTopography. https://doi.org/10.5069/G9G15XS0 Dataset acknowledgement: Proper credit to Idaho Lidar Consortium. The ascii files were converted to las format and classified using the Multiscale Curvature Classification (MCC) method of Evans and Hudak (2007): Evans, J.S., and A.T. Hudak. (2007) A multiscale curvature algorithm for classifying discrete return lidar in forested environments. IEEE Transactions on Geoscience and Remote Sensing 45(4): 1029-1038.","2026-09-20","2003-08-13","2003-08-14"
"ILC06_LoloSlate","Idaho Lidar Consortium (ILC): Lolo Creek and Slate Creek","Airborne Lidar","ready","All indexed file URLs matched positive-sized public objects; one LAS header checked per collection.",297,297,"https://portal.opentopography.org/datasetMetadata?otCollectionID=OT.042012.26911.3","https://doi.org/10.5069/G92R3PMM","https://opentopography.s3.sdsc.edu/pc-bulk/ILC06_LoloSlate/ILC06_LoloSlate_TileIndex.zip","","0b17a89f237ff7f68350ebef10885e8dc1b875408aa94d2fe0256a04a65826fe","781dd1670857423cd29cfada0e79e85443e41694c152e1f08dbce003efa96a52","https://opentopography.org/usageterms","OpenTopography Data and Content terms; no dataset-specific license supplied","Idaho Lidar Consortium (ILC): Lolo Creek and Slate Creek. Distributed by OpenTopography. https://doi.org/10.5069/G92R3PMM Dataset acknowledgement: Proper credit to Idaho Lidar Consortium.","2026-09-20","2006-09-29","2006-10-03"
"ILC08_SFSalmon","Idaho Lidar Consortium (ILC): South Fork Salmon and Secesh Rivers","Airborne Lidar","ready","All indexed file URLs matched positive-sized public objects; one LAS header checked per collection.",317,317,"https://portal.opentopography.org/datasetMetadata?otCollectionID=OT.042012.26911.4","https://doi.org/10.5069/G9Z31WJZ","https://opentopography.s3.sdsc.edu/pc-bulk/ILC08_SFSalmon/ILC08_SFSalmon_TileIndex.zip","","04ab80dfd30fd429dd33a752772d4f6435ff9b12680876f9e4a065649ce58901","aee19388998444183ed4fced0d4692620834fb4777b46cf09881e95b653edef2","https://opentopography.org/usageterms","OpenTopography Data and Content terms; no dataset-specific license supplied","Idaho Lidar Consortium (ILC): South Fork Salmon and Secesh Rivers. Distributed by OpenTopography. https://doi.org/10.5069/G9Z31WJZ Dataset acknowledgement: Proper credit to Idaho Lidar Consortium.","2026-09-20","2008-09-01","2008-09-01"
"ILC04_Emerald","Idaho Lidar Consortium (ILC): Emerald Creek","Airborne Lidar","ready","All indexed file URLs matched positive-sized public objects; one LAS header checked per collection.",164,164,"https://portal.opentopography.org/datasetMetadata?otCollectionID=OT.042012.26911.5","https://doi.org/10.5069/G9TB14TM","https://opentopography.s3.sdsc.edu/pc-bulk/ILC04_Emerald/ILC04_Emerald_TileIndex.zip","","99aeb0f49fac7e9a7f01f6ff564365d0aa95b8ab201fe32bb27489cf3f0bc8ca","316476124a7ca323b5ee1fc41ee2efdcba5f521231c0dfd2332d3fe482739fe6","https://opentopography.org/usageterms","OpenTopography Data and Content terms; no dataset-specific license supplied","Idaho Lidar Consortium (ILC): Emerald Creek. Distributed by OpenTopography. https://doi.org/10.5069/G9TB14TM Dataset acknowledgement: Proper credit to Idaho Lidar Consortium.","2026-09-20","2004-07-10","2004-07-12"
"ILC07_JWM","Idaho Lidar Consortium (ILC): Jack Waite Mine","Airborne Lidar","ready","All indexed file URLs matched positive-sized public objects; one LAS header checked per collection.",90,90,"https://portal.opentopography.org/datasetMetadata?otCollectionID=OT.042012.2243.1","https://doi.org/10.5069/G9PK0D39","https://opentopography.s3.sdsc.edu/pc-bulk/ILC07_JWM/ILC07_JWM_TileIndex.zip","","dc49d3e2256c7797c79e75e36cfe1bdcf76c152dc8c8461e3fd56c3cc103eef8","d04dcba58f2897ae3ee5fcda4b27a7645f381c3a256c5f2230bda48e208d3a0e","https://opentopography.org/usageterms","OpenTopography Data and Content terms; no dataset-specific license supplied","Idaho Lidar Consortium (ILC): Jack Waite Mine. Distributed by OpenTopography. https://doi.org/10.5069/G9PK0D39 Dataset acknowledgement: Proper credit to Idaho Lidar Consortium.","2026-09-20","2007-10-13","2007-10-24"
"ILC09_ClearCrk","Idaho Lidar Consortium (ILC): Clear Creek","Airborne Lidar","ready","All indexed file URLs matched positive-sized public objects; one LAS header checked per collection.",249,249,"https://portal.opentopography.org/datasetMetadata?otCollectionID=OT.042012.26911.6","https://doi.org/10.5069/G9JS9NC1","https://opentopography.s3.sdsc.edu/pc-bulk/ILC09_ClearCrk/ILC09_ClearCrk_TileIndex.zip","","37b1ab04a653c883941c7b15994148b2b5b8cb3a2de31b3a411ef232753eb9ef","18e5a9c4ba22af2673c8430fc9ecf2de14f790f5bf7d52f5bac042e2e5fbb1dd","https://opentopography.org/usageterms","OpenTopography Data and Content terms; no dataset-specific license supplied","Idaho Lidar Consortium (ILC): Clear Creek. Distributed by OpenTopography. https://doi.org/10.5069/G9JS9NC1 Dataset acknowledgement: Proper credit to Idaho Lidar Consortium.","2026-09-20","2009-10-14","2009-10-25"
"ILC02_Nez","Idaho Lidar Consortium (ILC): Nez Perce Reservation","Airborne Lidar","ready","All indexed file URLs matched positive-sized public objects; one LAS header checked per collection.",5,5,"https://portal.opentopography.org/datasetMetadata?otCollectionID=OT.042012.26911.7","https://doi.org/10.5069/G9F18WNM","https://opentopography.s3.sdsc.edu/pc-bulk/ILC02_Nez/ILC02_Nez_TileIndex.zip","","556e0ccc9096d983420a3637f829c0a86d947bfb1c6a71cd0aded7e8cba6338d","0aeb59633ae0f914c32288bb3bdeeab0d23d31366c2c5d5353f5153dd6608cb9","https://opentopography.org/usageterms","OpenTopography Data and Content terms; no dataset-specific license supplied","Idaho Lidar Consortium (ILC): Nez Perce Reservation. Distributed by OpenTopography. https://doi.org/10.5069/G9F18WNM Dataset acknowledgement: Proper credit to Idaho Lidar Consortium. The ascii files were converted to las format and classified using the Multiscale Curvature Classification (MCC) method of Evans and Hudak (2007): Evans, J.S., and A.T. Hudak. (2007) A multiscale curvature algorithm for classifying discrete return lidar in forested environments. IEEE Transactions on Geoscience and Remote Sensing 45(4): 1029-1038.","2026-09-20","2002-07-13","2002-07-26"
"EMC_TLS_s2","El Mayor-Cucapah Earthquake Rupture Terrestrial Laser Scan-Site 2","Terrestrial Laser Scanner","out_of_scope","Outside airborne-LiDAR scope: Terrestrial Laser Scanner",1,1,"https://portal.opentopography.org/datasetMetadata?otCollectionID=OT.042012.32611.2","https://doi.org/10.5069/G96H4FBB","https://opentopography.s3.sdsc.edu/pc-bulk/EMC_TLS_s2/EMC_TLS_s2_TileIndex.zip","","d922b7295832f8590dd2a9ad5a42d0594b5e692dfa3ee2e453b409754ed0435e","891597a80d226f1d83632d177381b4ecece093a92660ee700801ac5ef439300d","https://opentopography.org/usageterms","OpenTopography Data and Content terms; no dataset-specific license supplied","El Mayor-Cucapah Earthquake Rupture Terrestrial Laser Scan-Site 2. Distributed by OpenTopography. https://doi.org/10.5069/G96H4FBB Dataset acknowledgement: Data acquisition and data processing and classification at the UC Davis KeckCAVES was supported by the Southern California Earthquake Center, which is supported by the United States Geological Survey (USGS) and the National Science Foundation (NSF).","2026-09-20","2010-04-20","2010-04-20"
"EMC_TLS_s1","El Mayor-Cucapah Earthquake Rupture Terrestrial Laser Scan-Site 1","Terrestrial Laser Scanner","out_of_scope","Outside airborne-LiDAR scope: Terrestrial Laser Scanner",1,1,"https://portal.opentopography.org/datasetMetadata?otCollectionID=OT.042012.32611.1","https://doi.org/10.5069/G9B85622","https://opentopography.s3.sdsc.edu/pc-bulk/EMC_TLS_s1/EMC_TLS_s1_TileIndex.zip","","abc69f9411b98a158a203686c9b51225d1a725f8eb1526f4f44e41af41e58f59","9e1eb5c40b3de6e0aef66b79f0de02a98a2e6b965753f1fa6f9ac82ab63290c5","https://opentopography.org/usageterms","OpenTopography Data and Content terms; no dataset-specific license supplied","El Mayor-Cucapah Earthquake Rupture Terrestrial Laser Scan-Site 1. Distributed by OpenTopography. https://doi.org/10.5069/G9B85622 Dataset acknowledgement: Data acquisition and data processing and classification at the UC Davis KeckCAVES was supported by the Southern California Earthquake Center, which is supported by the United States Geological Survey (USGS) and the National Science Foundation (NSF).","2026-09-20","2010-04-16","2010-04-19"
"DVF_TLS_s1","Dixie Valley Fault Rupture Terrestrial Laser Scanning Dataset-Site 1","Terrestrial Laser Scanner","out_of_scope","Outside airborne-LiDAR scope: Terrestrial Laser Scanner",1,1,"https://portal.opentopography.org/datasetMetadata?otCollectionID=OT.052012.32611.1","https://doi.org/10.5069/G99884X8","https://opentopography.s3.sdsc.edu/pc-bulk/DVF_TLS_s1/DVF_TLS_s1_TileIndex.zip","","e2d8c951166f872a49e270801faaabae0907cb29413b5de157d8743bb453b872","53a1b1aa2370f1cf35fcb7a576e47aa141172871ed82d5f643fbe487885bdcd3","https://opentopography.org/usageterms","OpenTopography Data and Content terms; no dataset-specific license supplied","Dixie Valley Fault Rupture Terrestrial Laser Scanning Dataset-Site 1. Distributed by OpenTopography. https://doi.org/10.5069/G99884X8 Dataset acknowledgement: Data acquisition was supported by the UC Davis Department of Geology Durrell Fund and by a Geological Society of America Graduate Student grant (awarded to P.O. Gold)","2026-09-20","2010-03-23","2010-03-24"
"DVF_TLS_s2","Dixie Valley Fault Rupture Terrestrial Laser Scanning Dataset-Site 2","Terrestrial Laser Scanner","out_of_scope","Outside airborne-LiDAR scope: Terrestrial Laser Scanner",1,1,"https://portal.opentopography.org/datasetMetadata?otCollectionID=OT.052012.32611.2","https://doi.org/10.5069/G95H7D6Z","https://opentopography.s3.sdsc.edu/pc-bulk/DVF_TLS_s2/DVF_TLS_s2_TileIndex.zip","","c57241bc122f86d8cab4dd2a294e847fb28713a11d5b0a34ea49d205e81493e1","d4c8aaed9853efd8e269a70fe1b5f2335729629d5cbd5b61d6c17dd66cc39050","https://opentopography.org/usageterms","OpenTopography Data and Content terms; no dataset-specific license supplied","Dixie Valley Fault Rupture Terrestrial Laser Scanning Dataset-Site 2. Distributed by OpenTopography. https://doi.org/10.5069/G95H7D6Z Dataset acknowledgement: Data acquisition was supported by the UC Davis Department of Geology Durrell Fund and by a Geological Society of America Graduate Student grant (awarded to P.O. Gold).","2026-09-20","2010-03-23","2010-03-24"
"SD02_BHEF","Lidar Survey of the Black Hills Experimental Forest, South Dakota","Airborne Lidar","ready","All indexed file URLs matched positive-sized public objects; one LAS header checked per collection.",30,30,"https://portal.opentopography.org/datasetMetadata?otCollectionID=OT.032012.26913.2","https://doi.org/10.5069/G9C24TCD","https://opentopography.s3.sdsc.edu/pc-bulk/SD02_BHEF/SD02_BHEF_TileIndex.zip","","d6a020e0a4ca6768199deaa81fc44879dfe7530943fc2a298a604bdbd087a87f","59602a506d0afdf8eb6da1e7b8b0820c8e3cbbbbd49fe67c69e36918c25482d0","https://opentopography.org/usageterms","OpenTopography Data and Content terms; no dataset-specific license supplied","Lidar Survey of the Black Hills Experimental Forest, South Dakota. Distributed by OpenTopography. https://doi.org/10.5069/G9C24TCD Dataset acknowledgement: Proper credit to South Dakota School of Mines and Technology and the Rocky Mountain Research Station, U.S. Forest Service.","2026-09-20","2002-08-16","2002-08-16"
"OR07_MalheurNF","Lidar Survey of the Malheur National Forest, Oregon","Airborne Lidar","ready","All indexed file URLs matched positive-sized public objects; one LAS header checked per collection.",246,246,"https://portal.opentopography.org/datasetMetadata?otCollectionID=OT.032012.26911.3","https://doi.org/10.5069/G9QJ7F74","https://opentopography.s3.sdsc.edu/pc-bulk/OR07_MalheurNF/OR07_MalheurNF_TileIndex.zip","","26ba9ae6848db5919f3e34cdea994d57ecc95a1be4cf0ad01e5148b9090572c2","a0954c8637348da5594226259b51dff64ecbb641c389c8803879c9e1c693dad3","https://opentopography.org/usageterms","OpenTopography Data and Content terms; no dataset-specific license supplied","Lidar Survey of the Malheur National Forest, Oregon. Distributed by OpenTopography. https://doi.org/10.5069/G9QJ7F74 Dataset acknowledgement: Proper credit to Malheur National Forest and Rocky Mountain Research Station, U.S. Forest Service.","2026-09-20","2007-09-15","2007-09-15"
"MI09_Hardiman","Pellston, MI: Effects of Forest Canopy Structural Change on Carbon Uptake","Airborne Lidar","ready","All indexed file URLs matched positive-sized public objects; one LAS header checked per collection.",67,67,"https://portal.opentopography.org/datasetMetadata?otCollectionID=OT.032012.26916.1","https://doi.org/10.5069/G900001C","https://opentopography.s3.sdsc.edu/pc-bulk/MI09_Hardiman/MI09_Hardiman_TileIndex.zip","","32ea24efa213571f6ede7ffba1ac508ea28caf03c08b1b9eef0144127c542773","0a053309a77069522435ee6c5b254701725050a95c3b0b7cdffb102a5325ddcf","https://creativecommons.org/licenses/by/4.0/","Dataset use license","Pellston, MI: Effects of Forest Canopy Structural Change on Carbon Uptake. Distributed by OpenTopography. https://doi.org/10.5069/G900001C Dataset acknowledgement: Lidar data acquisition and processing completed by the National Center for Airborne Laser Mapping (NCALM - https://ncalm.cive.uh.edu). NCALM funding provided by NSF's Division of Earth Sciences, Instrumentation and Facilities Program. EAR-1043051.","2026-09-20","2009-08-28","2009-08-28"
"ID07_Sankey","Idaho Falls, ID: Lidar for Modeling Eolian Soil Transport","Airborne Lidar","ready","All indexed file URLs matched positive-sized public objects; one LAS header checked per collection.",23,23,"https://portal.opentopography.org/datasetMetadata?otCollectionID=OT.032012.26912.1","https://doi.org/10.5069/G9KK98PR","https://opentopography.s3.sdsc.edu/pc-bulk/ID07_Sankey/ID07_Sankey_TileIndex.zip","","6d5dfdb4e67f8dedbaa1a999f6af2b1c817e7e1e4750b98bf89ad3ba91487987","86e34743ce3f346c820badbc84b69bce27f672ade6a265f77cc3bef5ed94828c","https://creativecommons.org/licenses/by/4.0/","Dataset use license","Idaho Falls, ID: Lidar for Modeling Eolian Soil Transport. Distributed by OpenTopography. https://doi.org/10.5069/G9KK98PR Dataset acknowledgement: Lidar data acquisition and processing completed by the National Center for Airborne Laser Mapping (NCALM - https://ncalm.cive.uh.edu). NCALM funding provided by NSF's Division of Earth Sciences, Instrumentation and Facilities Program. EAR-1043051.","2026-09-20","2007-09-19","2007-09-19"
"Salton_Sea","2010 Salton Sea Lidar Collection","Airborne Lidar","ready","All indexed file URLs matched positive-sized public objects; one LAS header checked per collection.",623,623,"https://portal.opentopography.org/datasetMetadata?otCollectionID=OT.032012.26911.2","https://doi.org/10.5069/G9V985ZF","https://opentopography.s3.sdsc.edu/pc-bulk/Salton_Sea/Salton_Sea_TileIndex.zip","","c18a0f3b3f6a607f44bbe44770db21e9efed7605ebe50f4b44994278d12b9396","7c1face59daeba6b1f7a2ae89c1fce721e1d58ac5fdd3fae4740f9580e982637","https://opentopography.org/usageterms","OpenTopography Data and Content terms; no dataset-specific license supplied","2010 Salton Sea Lidar Collection. Distributed by OpenTopography. https://doi.org/10.5069/G9V985ZF Dataset acknowledgement: Data available from the U.S. Geological Survey.","2026-09-20","2010-11-09","2010-11-13"
"BcCZO_10_Aug","Boulder Creek Critical Zone Observatory August 2010 Snow-Off Lidar Survey","Airborne Lidar","ready","All indexed file URLs matched positive-sized public objects; one LAS header checked per collection.",1373,1373,"https://portal.opentopography.org/datasetMetadata?otCollectionID=OT.032012.26913.1","https://doi.org/10.5069/G93R0QR0","https://opentopography.s3.sdsc.edu/pc-bulk/BcCZO_10_Aug/BcCZO_10_Aug_TileIndex.zip","","710767e55f93b04efb30a8382546a572ac011ea53d4a768e820755357ed30cb3","85598c536c6e75ff3723492d23cc6c86ba0e4a565455f04fd9e30b0f2634a036","https://creativecommons.org/licenses/by/4.0/","Dataset use license","Boulder Creek Critical Zone Observatory August 2010 Snow-Off Lidar Survey. Distributed by OpenTopography. https://doi.org/10.5069/G93R0QR0 Dataset acknowledgement: Please cite this data release as: Anderson, S.P., Qinghua, G., and Parrish, E.G., 2012, Snow-on and snow-off Lidar point cloud data and digital elevation models for study of topography, snow, ecosystems and environmental change at Boulder Creek Critical Zone Observatory, Colorado: Boulder Creek CZO, INSTAAR, University of Colorado at Boulder, digital media. Lidar data acquisition and processing completed by the National Center for Airborne Laser Mapping (NCALM - https://ncalm.cive.uh.edu), with project director Qinghua Guo. Collection for Dr. Suzanne Anderson (University of Colorado/INSTAAR, Boulder) as part of the Boulder Creek Critical Zone Observatory (CZO - http://czo.colorado.edu/), funded by National Science Foundation (NSF-0724960). NCALM funding provided by NSF's Division of Earth Sciences, Instrumentation and Facilities Program. EAR-1043051.","2026-09-20","2010-08-21","2010-08-26"
"USBR_UCRB_East","USBR Upper Columbia River Basin East","Airborne Lidar","ready","All indexed file URLs matched positive-sized public objects; one LAS header checked per collection.",461,461,"https://portal.opentopography.org/datasetMetadata?otCollectionID=OT.032012.26911.1","https://doi.org/10.5069/G97H1GGQ","https://opentopography.s3.sdsc.edu/pc-bulk/USBR_UCRB_East/USBR_UCRB_East_TileIndex.zip","","89de5274306c9a91b8601d923370e62fdbb1898a0bc5c033b7e17cc1d5e56b49","dbd10a84f3873c541cdc695d8554d2fe708c4f94e9d09acc1b09466c2ac84b04","https://opentopography.org/usageterms","OpenTopography Data and Content terms; no dataset-specific license supplied","USBR Upper Columbia River Basin East. Distributed by OpenTopography. https://doi.org/10.5069/G97H1GGQ Dataset acknowledgement: Upper & Lower Okanogan River, Methow River, Lake Roosevelt, Wentachee River and John Day River. Prepared by Watershed Sciences, Inc for PLSC, USBR and contributing partners, 2006","2026-09-20","2006-10-16","2006-11-05"
"USBR_UCRB_West","USBR Upper Columbia River Basin West","Airborne Lidar","ready","All indexed file URLs matched positive-sized public objects; one LAS header checked per collection.",585,585,"https://portal.opentopography.org/datasetMetadata?otCollectionID=OT.032012.26910.1","https://doi.org/10.5069/G9JM27JX","https://opentopography.s3.sdsc.edu/pc-bulk/USBR_UCRB_West/USBR_UCRB_West_TileIndex.zip","","a7fa9351300cc2ecf0b2cea99171f0ac5b1e50f3ec4f26912a9b5a612f9486f8","11a7d421325e9557be413c652e659d65ceee3fa7fa564310949fcc8732e3abf2","https://opentopography.org/usageterms","OpenTopography Data and Content terms; no dataset-specific license supplied","USBR Upper Columbia River Basin West. Distributed by OpenTopography. https://doi.org/10.5069/G9JM27JX Dataset acknowledgement: Upper & Lower Okanogan River, Methow River, Lake Roosevelt, Wentachee River and John Day River. Prepared by Watershed Sciences, Inc for PLSC, USBR and contributing partners, 2006","2026-09-20","2006-10-12","2006-11-09"
"HI09_Big_Island","Hawaii Big Island Lidar Survey","Airborne Lidar","ready","All indexed file URLs matched positive-sized public objects; one LAS header checked per collection.",381,381,"https://portal.opentopography.org/datasetMetadata?otCollectionID=OT.032012.32605.1","https://doi.org/10.5069/G9DZ067X","https://opentopography.s3.sdsc.edu/pc-bulk/HI09_Big_Island/HI09_Big_Island_TileIndex.zip","","7ca73d585fe642fb86f43916170d2a83aefd0f9a3fbe02002849a96b1f3cd5c9","070e266b4cd7679b6a68800d011e816f1482696a16f154bdf3ec698363608a4f","https://creativecommons.org/licenses/by/4.0/","Dataset use license","Hawaii Big Island Lidar Survey. Distributed by OpenTopography. https://doi.org/10.5069/G9DZ067X Dataset acknowledgement: Lidar data acquisition and processing completed by the National Center for Airborne Laser Mapping (NCALM - https://ncalm.cive.uh.edu). NCALM funding is provided by NSF's Division of Earth Sciences, Instrumentation and Facilities Program. EAR-1043051. Grant NSF EAR-0739153 (PI: Soule) and a NASA subcontract to the Jet Propulsion Laboratory; Award #1290138 (PI: Martel) also supported this data collection.","2026-09-20","2009-06-21","2009-06-27"
"NWL10_USGS","Northern Walker Lane, CA Airborne Lidar Dataset","Airborne Lidar","ready","All indexed file URLs matched positive-sized public objects; one LAS header checked per collection.",708,708,"https://portal.opentopography.org/datasetMetadata?otCollectionID=OT.022012.26910.4","https://doi.org/10.5069/G9C8276F","https://opentopography.s3.sdsc.edu/pc-bulk/NWL10_USGS/NWL10_USGS_TileIndex.zip","","3a87dfc15ddb55806e63e4f2884eabd71e5010f9bb2f14b44d7269a0bd87ce08","b3b97d8cd1f41391f825787e369ae548852f5ba6481ee84785bf4ea3dd37ca4f","https://opentopography.org/usageterms","OpenTopography Data and Content terms; no dataset-specific license supplied","Northern Walker Lane, CA Airborne Lidar Dataset. Distributed by OpenTopography. https://doi.org/10.5069/G9C8276F Dataset acknowledgement: Data provided by the U.S. Geological Survey.","2026-09-20","2010-10-08","2010-10-11"
"CA09_Foster","Piercy, CA: Response of Bedrock River to Base Level Lowering, SF Eel River","Airborne Lidar","ready","All indexed file URLs matched positive-sized public objects; one LAS header checked per collection.",81,81,"https://portal.opentopography.org/datasetMetadata?otCollectionID=OT.022012.26910.3","https://doi.org/10.5069/G9H12ZXC","https://opentopography.s3.sdsc.edu/pc-bulk/CA09_Foster/CA09_Foster_TileIndex.zip","","1dcd5d54ef56ef61f4e8e3a18aba748bc615822176ad3b66ef75f4ecae2e1380","8bf52c3bc13c2692f295780d6860afa6e9c3badd222e2c0caa6dc39949026c65","https://creativecommons.org/licenses/by/4.0/","Dataset use license","Piercy, CA: Response of Bedrock River to Base Level Lowering, SF Eel River. Distributed by OpenTopography. https://doi.org/10.5069/G9H12ZXC Dataset acknowledgement: Lidar data acquisition and processing completed by the National Center for Airborne Laser Mapping (NCALM - https://ncalm.cive.uh.edu). NCALM funding provided by NSF's Division of Earth Sciences, Instrumentation and Facilities Program. EAR-1043051.","2026-09-20","2009-09-04","2009-09-04"
"TX10Scheingross","Canyon Lake Gorge, TX: Mechanics of Megaflood Erosion","Airborne Lidar","ready","All indexed file URLs matched positive-sized public objects; one LAS header checked per collection.",12,12,"https://portal.opentopography.org/datasetMetadata?otCollectionID=OT.022012.26914.1","https://doi.org/10.5069/G9MS3QNS","https://opentopography.s3.sdsc.edu/pc-bulk/TX10Scheingross/TX10Scheingross_TileIndex.zip","","fa31419054927b83b4da2c8068cefb2249d1cde0b31b51f9531667e2eae78857","d57b91cb73e058f6cf7fb885f32e86826dfb504d5481668e569f1d6e601b07c4","https://creativecommons.org/licenses/by/4.0/","Dataset use license","Canyon Lake Gorge, TX: Mechanics of Megaflood Erosion. Distributed by OpenTopography. https://doi.org/10.5069/G9MS3QNS Dataset acknowledgement: Lidar data acquisition and processing completed by the National Center for Airborne Laser Mapping (NCALM - https://ncalm.cive.uh.edu). NCALM funding provided by NSF's Division of Earth Sciences, Instrumentation and Facilities Program. EAR-1043051.","2026-09-20","2010-10-05","2010-10-05"
"NM10_Kocurek","White Sands National Monument, NM: Lidar Survey of Dune Fields","Airborne Lidar","ready","All indexed file URLs matched positive-sized public objects; one LAS header checked per collection.",71,71,"https://portal.opentopography.org/datasetMetadata?otCollectionID=OT.022012.26913.1","https://doi.org/10.5069/G97D2S2D","https://opentopography.s3.sdsc.edu/pc-bulk/NM10_Kocurek/NM10_Kocurek_TileIndex.zip","","0da44396b25565d59b938c4182917c58dd64abeddca674755bf73cf009b011f7","273d169fc44ce42f9627b3832744976d02504509ae46ff7286f4542e3bc2e2f4","https://creativecommons.org/licenses/by/4.0/","Dataset use license","White Sands National Monument, NM: Lidar Survey of Dune Fields. Distributed by OpenTopography. https://doi.org/10.5069/G97D2S2D Dataset acknowledgement: Lidar data acquisition and processing completed by the National Center for Airborne Laser Mapping (NCALM - https://ncalm.cive.uh.edu). NCALM funding provided by NSF's Division of Earth Sciences, Instrumentation and Facilities Program. EAR-1043051.","2026-09-20","2010-06-06","2010-06-06"
"SC10_Hoeft","Surface Expression of the 1886 Charleston, South Carolina Earthquake","Airborne Lidar","ready","All indexed file URLs matched positive-sized public objects; one LAS header checked per collection.",70,70,"https://portal.opentopography.org/datasetMetadata?otCollectionID=OT.022012.26917.1","https://doi.org/10.5069/G9RF5RZS","https://opentopography.s3.sdsc.edu/pc-bulk/SC10_Hoeft/SC10_Hoeft_TileIndex.zip","","beda12cc9d8f9e76cd3c32a41ccd06ce147876a4a00e6d40435c0d21fe0d9373","4b671085acd1fb041757361702e06c5786227a2c35ecd11a3ef2cf29157e00a6","https://creativecommons.org/licenses/by/4.0/","Dataset use license","Surface Expression of the 1886 Charleston, South Carolina Earthquake. Distributed by OpenTopography. https://doi.org/10.5069/G9RF5RZS Dataset acknowledgement: Lidar data acquisition and processing completed by the National Center for Airborne Laser Mapping (NCALM - https://ncalm.cive.uh.edu). NCALM funding provided by NSF's Division of Earth Sciences, Instrumentation and Facilities Program. EAR-1043051.","2026-09-20","2010-02-25","2010-02-25"
"CA07_Yoo","Oroville, CA: Middle Fork of the Feather River, Sierra Nevada Foothills","Airborne Lidar","ready","All indexed file URLs matched positive-sized public objects; one LAS header checked per collection.",1022,1022,"https://portal.opentopography.org/datasetMetadata?otCollectionID=OT.022012.26910.2","https://doi.org/10.5069/G9FT8HZ1","https://opentopography.s3.sdsc.edu/pc-bulk/CA07_Yoo/CA07_Yoo_TileIndex.zip","","a15522c2f11c753bd72279e9d8bb07ff0797bdfdf2e0b7838b34cc40add97fa9","a03d77a95b41c51c009806136154f2df7a67642b1d548f14b251e84871347583","https://creativecommons.org/licenses/by/4.0/","Dataset use license","Oroville, CA: Middle Fork of the Feather River, Sierra Nevada Foothills. Distributed by OpenTopography. https://doi.org/10.5069/G9FT8HZ1 Dataset acknowledgement: Lidar data acquisition and processing completed by the National Center for Airborne Laser Mapping (NCALM - https://ncalm.cive.uh.edu). NCALM funding provided by NSF's Division of Earth Sciences, Instrumentation and Facilities Program. EAR-1043051.","2026-09-20","2008-09-25","2008-09-27"
"CA07_Stock","Airborne Laser Mapping of Yosemite National Park, CA, 2007","Airborne Lidar","ready","All indexed file URLs matched positive-sized public objects; one LAS header checked per collection.",23,23,"https://portal.opentopography.org/datasetMetadata?otCollectionID=OT.022012.26911.1","https://doi.org/10.5069/G9W66HPH","https://opentopography.s3.sdsc.edu/pc-bulk/CA07_Stock/CA07_Stock_TileIndex.zip","","706b1c4e2b2cd2d32581927aa024b838b5f66fd410527d49c105ca6f68f41596","b392dc6703e6c9c572662016d1d9865d78a6882d545b05abc26f6240a82707a7","https://creativecommons.org/licenses/by/4.0/","Dataset use license","Airborne Laser Mapping of Yosemite National Park, CA, 2007. Distributed by OpenTopography. https://doi.org/10.5069/G9W66HPH Dataset acknowledgement: Lidar data acquisition and processing completed by the National Center for Airborne Laser Mapping (NCALM - https://ncalm.cive.uh.edu). NCALM funding provided by NSF's Division of Earth Sciences, Instrumentation and Facilities Program. EAR-1043051.","2026-09-20","2007-07-26","2007-07-26"
"CA07_Kirchner","Airborne Laser Mapping of Independence Lake, CA","Airborne Lidar","ready","All indexed file URLs matched positive-sized public objects; one LAS header checked per collection.",78,78,"https://portal.opentopography.org/datasetMetadata?otCollectionID=OT.022012.26910.1","https://doi.org/10.5069/G96D5QXM","https://opentopography.s3.sdsc.edu/pc-bulk/CA07_Kirchner/CA07_Kirchner_TileIndex.zip","","56623a6bffd6e11c1a2bf6ecaa627968e7518f097854996399a76dfe6ffcbbf2","e65d5eb902a602bab6dc4ded15a79bccbf20c64aca4f3baa7884539602ae93a8","https://creativecommons.org/licenses/by/4.0/","Dataset use license","Airborne Laser Mapping of Independence Lake, CA. Distributed by OpenTopography. https://doi.org/10.5069/G96D5QXM Dataset acknowledgement: Lidar data acquisition and processing completed by the National Center for Airborne Laser Mapping (NCALM - https://ncalm.cive.uh.edu). NCALM funding provided by NSF's Division of Earth Sciences, Instrumentation and Facilities Program. EAR-1043051.","2026-09-20","2007-07-22","2007-07-22"
"IA08_Krajewski","2008 Iowa River Flood Lidar, Iowa City, and the Clear Creek Watershed","Airborne Lidar","ready","All indexed file URLs matched positive-sized public objects; one LAS header checked per collection.",1222,1222,"https://portal.opentopography.org/datasetMetadata?otCollectionID=OT.012012.26915.1","https://doi.org/10.5069/G90Z715W","https://opentopography.s3.sdsc.edu/pc-bulk/IA08_Krajewski/IA08_Krajewski_TileIndex.zip","","9836b3a93e14cf06dc39c170f607f92bcd300181557c78396ee768aa391238c4","1174142ba072616a13ed5fe677f019649cb046f970e50da96838e82d1128564b","https://creativecommons.org/licenses/by/4.0/","Dataset use license","2008 Iowa River Flood Lidar, Iowa City, and the Clear Creek Watershed. Distributed by OpenTopography. https://doi.org/10.5069/G90Z715W Dataset acknowledgement: Lidar data acquisition and processing completed by the National Center for Airborne Laser Mapping (NCALM - https://ncalm.cive.uh.edu). NCALM funding provided by NSF's Division of Earth Sciences, Instrumentation and Facilities Program. EAR-1043051.","2026-09-20","2008-06-19","2008-06-21"
"NH09_Finkelman","Thorton, NH: Hydrologic and Topographic Controls on Organic Carbon in Soils","Airborne Lidar","ready","All indexed file URLs matched positive-sized public objects; one LAS header checked per collection.",140,140,"https://portal.opentopography.org/datasetMetadata?otCollectionID=OT.012012.26919.2","https://doi.org/10.5069/G9MK69T4","https://opentopography.s3.sdsc.edu/pc-bulk/NH09_Finkelman/NH09_Finkelman_TileIndex.zip","","af269c850ad73768ae2613e02fd33bbb7b8b7cf8c641c8b3e691ebec2425bd84","13304a53af120a911287c8424d813f52fb435440f086b23353debc2b9dba25f1","https://creativecommons.org/licenses/by/4.0/","Dataset use license","Thorton, NH: Hydrologic and Topographic Controls on Organic Carbon in Soils. Distributed by OpenTopography. https://doi.org/10.5069/G9MK69T4 Dataset acknowledgement: Lidar data acquisition and processing completed by the National Center for Airborne Laser Mapping (NCALM - https://ncalm.cive.uh.edu). NCALM funding provided by NSF's Division of Earth Sciences, Instrumentation and Facilities Program. EAR-1043051.","2026-09-20","2009-11-03","2009-11-03"
"ID09_Lloyd","Clearwater NF, ID: Effects of Watershed Restoration on Hillslope Stability","Airborne Lidar","ready","All indexed file URLs matched positive-sized public objects; one LAS header checked per collection.",109,109,"https://portal.opentopography.org/datasetMetadata?otCollectionID=OT.012012.26911.1","https://doi.org/10.5069/G9H41PB3","https://opentopography.s3.sdsc.edu/pc-bulk/ID09_Lloyd/ID09_Lloyd_TileIndex.zip","","81080459a9b122d44283f3d0fcf009e2cdf842cabbdcfe5a31ff616bd7838504","eafc53a9a6d0801b3ae76e3af8aa42be8213d3e188f6913ce33d2f6cd6c08527","https://creativecommons.org/licenses/by/4.0/","Dataset use license","Clearwater NF, ID: Effects of Watershed Restoration on Hillslope Stability. Distributed by OpenTopography. https://doi.org/10.5069/G9H41PB3 Dataset acknowledgement: Lidar data acquisition and processing completed by the National Center for Airborne Laser Mapping (NCALM - https://ncalm.cive.uh.edu). NCALM funding provided by NSF's Division of Earth Sciences, Instrumentation and Facilities Program. EAR-1043051.","2026-09-20","2009-08-31","2009-08-31"
"NH08_Truslow","Durham, NH: Hyporheic Zone Extent and Exchange in a Coastal Stream","Airborne Lidar","ready","All indexed file URLs matched positive-sized public objects; one LAS header checked per collection.",195,195,"https://portal.opentopography.org/datasetMetadata?otCollectionID=OT.012012.26919.1","https://doi.org/10.5069/G94Q7RWT","https://opentopography.s3.sdsc.edu/pc-bulk/NH08_Truslow/NH08_Truslow_TileIndex.zip","","09e45e4fa7cec9be9d52ee382fe806a00888b2f1c59c54b1b6fbe04172a6715e","aae9ca5518d96b903d875d52564fccf493c996637aee3e7266e32c8f74d2446b","https://creativecommons.org/licenses/by/4.0/","Dataset use license","Durham, NH: Hyporheic Zone Extent and Exchange in a Coastal Stream. Distributed by OpenTopography. https://doi.org/10.5069/G94Q7RWT Dataset acknowledgement: Lidar data acquisition and processing completed by the National Center for Airborne Laser Mapping (NCALM - https://ncalm.cive.uh.edu). NCALM funding provided by NSF's Division of Earth Sciences, Instrumentation and Facilities Program. EAR-1043051.","2026-09-20","2008-11-11","2008-11-11"
"MA10_Rogers","Truro and Provincetown, MA: Lidar in Salt Marsh Environments","Airborne Lidar","ready","All indexed file URLs matched positive-sized public objects; one LAS header checked per collection.",92,92,"https://portal.opentopography.org/datasetMetadata?otCollectionID=OT.112011.26919.1","https://doi.org/10.5069/G9B56GNB","https://opentopography.s3.sdsc.edu/pc-bulk/MA10_Rogers/MA10_Rogers_TileIndex.zip","","9be4ec80170ea20cfd46beaba8d2879d9ace2aa51235d3915692c83477d62a5d","0ae2a581e4fe3f4f638d34085cc66ad6bb63744902bd35daba69cf67c0a8a5d1","https://creativecommons.org/licenses/by/4.0/","Dataset use license","Truro and Provincetown, MA: Lidar in Salt Marsh Environments. Distributed by OpenTopography. https://doi.org/10.5069/G9B56GNB Dataset acknowledgement: Lidar data acquisition and processing completed by the National Center for Airborne Laser Mapping (NCALM - https://ncalm.cive.uh.edu). NCALM funding provided by NSF's Division of Earth Sciences, Instrumentation and Facilities Program. EAR-1043051.","2026-09-20","2010-07-20","2010-07-20"
"AL09_Starr","Tuscaloosa, AL: Seasonal Inundation Dynamics And Invertebrate Communities","Airborne Lidar","ready","All indexed file URLs matched positive-sized public objects; one LAS header checked per collection.",72,72,"https://portal.opentopography.org/datasetMetadata?otCollectionID=OT.112011.26916.1","https://doi.org/10.5069/G9SF2T3K","https://opentopography.s3.sdsc.edu/pc-bulk/AL09_Starr/AL09_Starr_TileIndex.zip","","443f6d033188c06833674eca4c1c5ec06ca9dac9c27ef5f98cc212d9ae4cdfdd","dc922ea4a167190f836813b5a4b8ce9f48c69362be208dcd1cad0d11464ed9cd","https://creativecommons.org/licenses/by/4.0/","Dataset use license","Tuscaloosa, AL: Seasonal Inundation Dynamics And Invertebrate Communities. Distributed by OpenTopography. https://doi.org/10.5069/G9SF2T3K Dataset acknowledgement: Lidar data acquisition and processing completed by the National Center for Airborne Laser Mapping (NCALM - https://ncalm.cive.uh.edu). NCALM funding provided by NSF's Division of Earth Sciences, Instrumentation and Facilities Program. EAR-1043051.","2026-09-20","2010-12-01","2010-12-01"
"NM10_Perignon","Rio Puerco River, NM: Study of overbank flood dynamics","Airborne Lidar","ready","All indexed file URLs matched positive-sized public objects; one LAS header checked per collection.",90,90,"https://portal.opentopography.org/datasetMetadata?otCollectionID=OT.112011.26913.2","https://doi.org/10.5069/G9ZW1HVC","https://opentopography.s3.sdsc.edu/pc-bulk/NM10_Perignon/NM10_Perignon_TileIndex.zip","","3cea81e33f6a3afe0811ff54236fc55b7fcb9223a0730e81012ad4f4f9b641fa","df306d7cc443964ac0c3f0d579b94db2b4bf8a491b0636143cf985b81bf87931","https://creativecommons.org/licenses/by/4.0/","Dataset use license","Rio Puerco River, NM: Study of overbank flood dynamics. Distributed by OpenTopography. https://doi.org/10.5069/G9ZW1HVC Dataset acknowledgement: Lidar data acquisition and processing completed by the National Center for Airborne Laser Mapping (NCALM - https://ncalm.cive.uh.edu). NCALM funding provided by NSF's Division of Earth Sciences, Instrumentation and Facilities Program. EAR-1043051.","2026-09-20","2010-03-26","2010-03-26"
"NM10_Dorshow","Chaco Canyon, NM: Simulating Dynamic Hydrological Processes","Airborne Lidar","ready","All indexed file URLs matched positive-sized public objects; one LAS header checked per collection.",90,90,"https://portal.opentopography.org/datasetMetadata?otCollectionID=OT.112011.26913.1","https://doi.org/10.5069/G93N21B2","https://opentopography.s3.sdsc.edu/pc-bulk/NM10_Dorshow/NM10_Dorshow_TileIndex.zip","","fd6435b4d1d35767139221d9c63f898c7b41b1166517b31f6b6ecd4e9676166e","3fd54ba43d968d0eca9e47a4ba07b5fcf76ce180b2b861604eba8d886b5394b8","https://creativecommons.org/licenses/by/4.0/","Dataset use license","Dorshow, W. (2010): Chaco Canyon, NM: Simulating Dynamic Hydrological Processes airborne lidar survey. National Center for Airborne Laser Mapping (NCALM). Distributed by OpenTopography. https://doi.org/10.5069/G93N21B2. Dataset acknowledgement: Lidar data acquisition and processing completed by the National Center for Airborne Laser Mapping ( NCALM ). NCALM funding provided by NSF's Division of Earth Sciences, Instrumentation and Facilities Program. EAR-1043051.","2026-09-20","2010-06-08","2010-06-08"
"AZ10_Palucis","Meteor Crater, AZ","Airborne Lidar","ready","All indexed file URLs matched positive-sized public objects; one LAS header checked per collection.",36,36,"https://portal.opentopography.org/datasetMetadata?otCollectionID=OT.112011.26912.3","https://doi.org/10.5069/G9V40S4C","https://opentopography.s3.sdsc.edu/pc-bulk/AZ10_Palucis/AZ10_Palucis_TileIndex.zip","","dc8526df8a0a890a1ef0802b1c98bc457ea634d31ca553a4e6db04c442b68527","9576935882eaba935dcd3a2b59c7768d4299e3e0cf15ba21f40a1ad9e05f9c2a","https://creativecommons.org/licenses/by/4.0/","Dataset use license","Palucis, M. (2011). Meteor Crater, AZ. National Center for Airborne Laser Mapping (NCALM). Distributed by OpenTopography. https://doi.org/10.5069/G9V40S4C. Dataset acknowledgement: Lidar data acquisition and processing completed by the National Center for Airborne Laser Mapping (NCALM - https://ncalm.cive.uh.edu). NCALM funding provided by NSF's Division of Earth Sciences, Instrumentation and Facilities Program. EAR-1043051.","2026-09-20","2010-03-12","2010-03-12"
"MT10_Levine","SW Montana: Beavers as Geomorphic Agents in Small, Rocky Mountain Streams","Airborne Lidar","ready","All indexed file URLs matched positive-sized public objects; one LAS header checked per collection.",231,231,"https://portal.opentopography.org/datasetMetadata?otCollectionID=OT.112011.26912.2","https://doi.org/10.5069/G9NP22C7","https://opentopography.s3.sdsc.edu/pc-bulk/MT10_Levine/MT10_Levine_TileIndex.zip","","a00cb105ee73b1ff7979a5a6b8a402dba2f082358b0d877418668383f4f1af95","e169ce5329be4fda2cecca84570fda3d200327bad6a5b68b8d59500f8a33009c","https://creativecommons.org/licenses/by/4.0/","Dataset use license","SW Montana: Beavers as Geomorphic Agents in Small, Rocky Mountain Streams. Distributed by OpenTopography. https://doi.org/10.5069/G9NP22C7 Dataset acknowledgement: Lidar data acquisition and processing completed by the National Center for Airborne Laser Mapping (NCALM - https://ncalm.cive.uh.edu). NCALM funding provided by NSF's Division of Earth Sciences, Instrumentation and Facilities Program. EAR-1043051.","2026-09-20","2010-08-09","2010-08-09"
"UT10_Wood","Central Utah: Topographic Amplification of Earthquake Ground Motions","Airborne Lidar","ready","All indexed file URLs matched positive-sized public objects; one LAS header checked per collection.",70,70,"https://portal.opentopography.org/datasetMetadata?otCollectionID=OT.112011.26912.1","https://doi.org/10.5069/G9GT5K3T","https://opentopography.s3.sdsc.edu/pc-bulk/UT10_Wood/UT10_Wood_TileIndex.zip","","7062b9f6010c77f7e94c44e0fbff44b4458144f8c489e26656203984759992b6","5a4ff16aa839d625d0a27db3671dab17f867e82bb86ab91d9360bed1a61e8293","https://creativecommons.org/licenses/by/4.0/","Dataset use license","Central Utah: Topographic Amplification of Earthquake Ground Motions. Distributed by OpenTopography. https://doi.org/10.5069/G9GT5K3T Dataset acknowledgement: Lidar data acquisition and processing completed by the National Center for Airborne Laser Mapping (NCALM - https://ncalm.cive.uh.edu). NCALM funding provided by NSF's Division of Earth Sciences, Instrumentation and Facilities Program. EAR-1043051.","2026-09-20","2010-07-03","2010-07-03"
"CA09_Whelley","Bishop, CA: Morphological characteristics of the Bishop Tuff","Airborne Lidar","ready","All indexed file URLs matched positive-sized public objects; one LAS header checked per collection.",63,63,"https://portal.opentopography.org/datasetMetadata?otCollectionID=OT.112011.26911.3","https://doi.org/10.5069/G9J1012J","https://opentopography.s3.sdsc.edu/pc-bulk/CA09_Whelley/CA09_Whelley_TileIndex.zip","","cc90fa9b3c1655a6cc466790d864e81ea1f54425d497e6b3746c6ad54d17dbf3","3b8bcc3bea5b2ddeeee0ad8cf3ebea2ae8c9f2d576c7a343a1cdcd97245d39fc","https://creativecommons.org/licenses/by/4.0/","Dataset use license","Bishop, CA: Morphological characteristics of the Bishop Tuff. Distributed by OpenTopography. https://doi.org/10.5069/G9J1012J Dataset acknowledgement: Lidar data acquisition and processing completed by the National Center for Airborne Laser Mapping (NCALM - https://ncalm.cive.uh.edu). NCALM funding provided by NSF's Division of Earth Sciences, Instrumentation and Facilities Program. EAR-1043051.","2026-09-20","2010-09-09","2010-09-09"
"CA10_Zimmer","Yosemite National Park, CA: Rockfall Studies","Airborne Lidar","ready","All indexed file URLs matched positive-sized public objects; one LAS header checked per collection.",267,267,"https://portal.opentopography.org/datasetMetadata?otCollectionID=OT.112011.26911.2","https://doi.org/10.5069/G9D798B8","https://opentopography.s3.sdsc.edu/pc-bulk/CA10_Zimmer/CA10_Zimmer_TileIndex.zip","","2bab2394941922350ae54801107d2e4333777bd0d90fe8a13d0133fc35ee3c7d","e290b163697fbac4e97f6a229e22dbd359708bcb13c8b3eb2845bdfcf565a6a5","https://creativecommons.org/licenses/by/4.0/","Dataset use license","Yosemite National Park, CA: Rockfall Studies. Distributed by OpenTopography. https://doi.org/10.5069/G9D798B8 Dataset acknowledgement: Lidar data acquisition and processing completed by the National Center for Airborne Laser Mapping (NCALM - https://ncalm.cive.uh.edu). NCALM funding provided by NSF's Division of Earth Sciences, Instrumentation and Facilities Program. EAR-1043051.","2026-09-20","2010-08-06","2010-08-06"
"NV10_Matsubara","NW Nevada: Modeling of Meander Channel Evolution","Airborne Lidar","ready","All indexed file URLs matched positive-sized public objects; one LAS header checked per collection.",61,61,"https://portal.opentopography.org/datasetMetadata?otCollectionID=OT.112011.26911.1","https://doi.org/10.5069/G98G8HMJ","https://opentopography.s3.sdsc.edu/pc-bulk/NV10_Matsubara/NV10_Matsubara_TileIndex.zip","","18e13a99e7e7266b44b7870a7767ba224b45f623e8ca9c430be3477a81e5ae87","fc6734b7959e487fad15f59210ce77d5d6d519490d7f16010d8c042ad7fd800d","https://creativecommons.org/licenses/by/4.0/","Dataset use license","NW Nevada: Modeling of Meander Channel Evolution. Distributed by OpenTopography. https://doi.org/10.5069/G98G8HMJ Dataset acknowledgement: Lidar data acquisition and processing completed by the National Center for Airborne Laser Mapping (NCALM - https://ncalm.cive.uh.edu). NCALM funding provided by NSF's Division of Earth Sciences, Instrumentation and Facilities Program. EAR-1043051.","2026-09-20","2010-08-07","2010-08-07"
"CRB_10_Jul","Christina River Basin Critical Zone Observatory July 2010 Lidar Survey","Airborne Lidar","ready","All indexed file URLs matched positive-sized public objects; one LAS header checked per collection.",551,551,"https://portal.opentopography.org/datasetMetadata?otCollectionID=OT.102011.26918.2","https://doi.org/10.5069/G9X63JTW","https://opentopography.s3.sdsc.edu/pc-bulk/CRB_10_Jul/CRB_10_Jul_TileIndex.zip","","803789762a15783b39b6777f9944a2271e677db331974cc9f147d8c3c9e88ae6","0df25b534ad37eee020f0ef4fa4a45e3566d502cc266d6ca2b910786977fe3cd","https://creativecommons.org/licenses/by/4.0/","Dataset use license","Christina River Basin Critical Zone Observatory July 2010 Lidar Survey. Distributed by OpenTopography. https://doi.org/10.5069/G9X63JTW Dataset acknowledgement: Data acquisition, ground-truthing, vegetation surveys and processing were funded and coordinated by NSF Award EAR-0922307 (PI. Qinghua Guo).","2026-09-20","2010-07-01","2010-07-31"
"CRB_10_Apr","Christina River Basin Critical Zone Observatory April 2010 Lidar Survey","Airborne Lidar","ready","All indexed file URLs matched positive-sized public objects; one LAS header checked per collection.",551,551,"https://portal.opentopography.org/datasetMetadata?otCollectionID=OT.102011.26918.1","https://doi.org/10.5069/G9T43R00","https://opentopography.s3.sdsc.edu/pc-bulk/CRB_10_Apr/CRB_10_Apr_TileIndex.zip","","f2abd70cb1d89c04122306fb63e92a6f9a8399b849c44a7aa145781301b60cae","7f5c7f311e95e1f1dec93535875f245062e3bee12ded1f48960a508872cd3b2d","https://creativecommons.org/licenses/by/4.0/","Dataset use license","Christina River Basin Critical Zone Observatory April 2010 Lidar Survey. Distributed by OpenTopography. https://doi.org/10.5069/G9T43R00 Dataset acknowledgement: Data acquisition, ground-truthing, vegetation surveys and processing were funded and coordinated by NSF Award EAR-0922307 (PI. Qinghua Guo).","2026-09-20","2010-04-07","2010-04-08"
"SAN2005","2005 San Diego Urban Region Lidar","Airborne Lidar","ready","All indexed file URLs matched positive-sized public objects; one LAS header checked per collection.",3104,3104,"https://portal.opentopography.org/datasetMetadata?otCollectionID=OT.092011.2875.1","https://doi.org/10.5069/G9XW4GQ0","https://opentopography.s3.sdsc.edu/pc-bulk/SAN2005/SAN2005_TileIndex.zip","","85ee4ea6815ed726b3fc1b92c077bbe1faf7a0985a2f2070edbc48edefe75c00","3169d225c4ba3e06b735e9c738bb9a7014944037c6bd8f15c491253b96b683c7","https://opentopography.org/usageterms","OpenTopography Data and Content terms; no dataset-specific license supplied","2005 San Diego Urban Region Lidar. Distributed by OpenTopography. https://doi.org/10.5069/G9XW4GQ0 Dataset acknowledgement: Data courtesy of City of San Diego. Distribution through US Geological Survey.","2026-09-20","2005-03-16","2005-05-12"
"HJAnd_OR","Andrews Experimental Forest and Willamette National Forest Lidar (Aug 2008)","Airborne Lidar","ready","All indexed file URLs matched positive-sized public objects; one LAS header checked per collection.",189,189,"https://portal.opentopography.org/datasetMetadata?otCollectionID=OT.082011.26910.1","https://doi.org/10.5069/G92N506P","https://opentopography.s3.sdsc.edu/pc-bulk/HJAnd_OR/HJAnd_OR_TileIndex.zip","","83ab05795fcd2864dfd83d99a6922a4facc6742b417008e5a92051932b1270b4","8147063891c24669626256e5e19f1f6f586baa5a0f642c4e36275489e7b2c40f","https://opentopography.org/usageterms","OpenTopography Data and Content terms; no dataset-specific license supplied","Andrews Experimental Forest and Willamette National Forest Lidar (Aug 2008). Distributed by OpenTopography. https://doi.org/10.5069/G92N506P Dataset acknowledgement: Data were provided by the HJ Andrews Experimental Forest research program, funded by the National Science Foundation's Long-Term Ecological Research Program (DEB 08-23380), US Forest Service Pacific Northwest Research Station, and Oregon State University.","2026-09-20","2008-08-10","2008-08-11"
"LandersTLS","Landers Surface Rupture Terrestrial Laser Scanning Dataset","Terrestrial Laser Scanner","out_of_scope","Outside airborne-LiDAR scope: Terrestrial Laser Scanner",1,1,"https://portal.opentopography.org/datasetMetadata?otCollectionID=OT.072011.32611.2","https://doi.org/10.5069/G91Z4298","https://opentopography.s3.sdsc.edu/pc-bulk/LandersTLS/LandersTLS_TileIndex.zip","","42191dc271d091e2a4f9a193b60c9b66b145aeeab571458931de93e6c570351e","ef085cb1d299def20cb2cbefb7b4b4cc89516dff8172dda4248942ef2021e8b2","https://opentopography.org/usageterms","OpenTopography Data and Content terms; no dataset-specific license supplied","Landers Surface Rupture Terrestrial Laser Scanning Dataset. Distributed by OpenTopography. https://doi.org/10.5069/G91Z4298 Dataset acknowledgement: Data acquisition was supported by NSF grant: EAR 0651098 Collaborative Research: Facility Support: Building the INTERFACE Facility for Cm-Scale, 3D Digital Field Geology. For full citation details see: http://lidar.asu.edu/KnowledgeBase/Landers_TLS/Landers_TLS_analysis.html","2026-09-20","2009-09-15","2009-09-15"
"CarrizoTLS","Carrizo Plain Terrestrial Laser Scanning Dataset","Terrestrial Laser Scanner","out_of_scope","Outside airborne-LiDAR scope: Terrestrial Laser Scanner",1,1,"https://portal.opentopography.org/datasetMetadata?otCollectionID=OT.072011.32611.1","https://doi.org/10.5069/G95Q4T1M","https://opentopography.s3.sdsc.edu/pc-bulk/CarrizoTLS/CarrizoTLS_TileIndex.zip","","0bf4cad6069ef8886a119728bdc6625a7e38a3cee7b88877b30e76af1084c2e8","737028b2524dacfc954ab214aaca8a9009f1bfe56ac361f669f11a5e7f4f3e84","https://opentopography.org/usageterms","OpenTopography Data and Content terms; no dataset-specific license supplied","Carrizo Plain Terrestrial Laser Scanning Dataset. Distributed by OpenTopography. https://doi.org/10.5069/G95Q4T1M Dataset acknowledgement: Data acquisition was supported by NSF grants(EAR-0651098, EAR-0711282, and EAR-0930643), the US Geological Survey (USGS), and the Southern California Earthquake Center (SCEC)","2026-09-20","2009-06-27","2009-06-27"
"USBR_JD06","John Day Watershed 2006 - US Bureau of Reclamation","Airborne Lidar","ready","All indexed file URLs matched positive-sized public objects; one LAS header checked per collection.",45,45,"https://portal.opentopography.org/datasetMetadata?otCollectionID=OT.072011.26911.1","https://doi.org/10.5069/G99G5JRX","https://opentopography.s3.sdsc.edu/pc-bulk/USBR_JD06/USBR_JD06_TileIndex.zip","","e92d10e6e63275b98ab063ab7282b6423ded8da2cf4e66a42c369a60f41edbab","30771db850b980b93239a7668784e6e15d35b162ec7324dab4940b6ff0e89784","https://opentopography.org/usageterms","OpenTopography Data and Content terms; no dataset-specific license supplied","John Day Watershed 2006 - US Bureau of Reclamation. Distributed by OpenTopography. https://doi.org/10.5069/G99G5JRX Dataset acknowledgement: Watershed Sciences (2006). Lidar Remote Sensing Data Collection: Desolation Creek, Middle Fork John Day River, and John Day River, OR. Portland, OR, Prepared for Puget Sound Lidar Consortium, US Bureau of Reclamation, and Oregon Trout: 30 pp.","2026-09-20","2006-10-05","2006-10-07"
"TCDWY","Teton Conservation District, Wyoming Lidar","Airborne Lidar","ready","All indexed file URLs matched positive-sized public objects; one LAS header checked per collection.",124,124,"https://portal.opentopography.org/datasetMetadata?otCollectionID=OT.062011.26912.1","https://doi.org/10.5069/G9F769GN","https://opentopography.s3.sdsc.edu/pc-bulk/TCDWY/TCDWY_TileIndex.zip","","127db86d14e1fe2498897bfd57eda10360517bce294abbde1f6e25d4626daa86","6463a02c7dd9061b8bbc1c73d14f2a678ac11bab99e18a531c7e86a5a49cb8f8","https://opentopography.org/usageterms","OpenTopography Data and Content terms; no dataset-specific license supplied","Teton Conservation District, Wyoming Lidar. Distributed by OpenTopography. https://doi.org/10.5069/G9F769GN Dataset acknowledgement: Data Provided by the Teton Conservation District.","2026-09-20","2008-08-13","2008-08-18"
"USBR_Lemhi","Lemhi Watershed - US Bureau of Reclamation","Airborne Lidar","ready","All indexed file URLs matched positive-sized public objects; one LAS header checked per collection.",132,132,"https://portal.opentopography.org/datasetMetadata?otCollectionID=OT.032011.26912.1","https://doi.org/10.5069/G9JW8BSB","https://opentopography.s3.sdsc.edu/pc-bulk/USBR_Lemhi/USBR_Lemhi_TileIndex.zip","","ddc856939f6587d88a251e7a0997cf26ee06c88f7ddd09783624ea5702f75beb","49be75ed5229dc5d7335873dee7561a8f93d600d6a0546e59724ad7c35a54e29","https://opentopography.org/usageterms","OpenTopography Data and Content terms; no dataset-specific license supplied","Lemhi Watershed - US Bureau of Reclamation. Distributed by OpenTopography. https://doi.org/10.5069/G9JW8BSB Dataset acknowledgement: Watershed Sciences (2011). Lidar Remote Sensing, Lemi River, Idaho. Corvalis, OR, Prepared for US Bureau of Reclamation, Trout Unlimited and Utah State University: 41 pp.","2026-09-20","2010-09-24","2010-09-26"
"TAHOE","Lake Tahoe Basin Lidar","Airborne Lidar","ready","All indexed file URLs matched positive-sized public objects; one LAS header checked per collection.",968,968,"https://portal.opentopography.org/datasetMetadata?otCollectionID=OT.032011.26910.1","https://doi.org/10.5069/G9PN93H2","https://opentopography.s3.sdsc.edu/pc-bulk/TAHOE/TAHOE_TileIndex.zip","","ba71eeda478ebfafc1d2171e7e9aa4b3a86b5fee40585ae8bf648f65ae703df3","9562852673779168d144cdc75414a225749c1d654c48e8f4d10ebc27a39434bc","https://opentopography.org/usageterms","OpenTopography Data and Content terms; no dataset-specific license supplied","Lake Tahoe Basin Lidar. Distributed by OpenTopography. https://doi.org/10.5069/G9PN93H2 Dataset acknowledgement: Data Provided by Tahoe Regional Planning Agency.","2026-09-20","2010-08-11","2010-08-24"
"DOGAMI","Oregon Department of Geology and Mineral Industries Lidar Program Data","Airborne Lidar","ready","All indexed file URLs matched positive-sized public objects; one LAS header checked per collection.",24103,24103,"https://portal.opentopography.org/datasetMetadata?otCollectionID=OT.022011.2992.1","https://doi.org/10.5069/G9QC01D1","https://opentopography.s3.sdsc.edu/pc-bulk/DOGAMI/DOGAMI_TileIndex.zip","","1956de3430928daca61a1695c7a21f79b5b298f1f3fb3b4325eb640d3fb9c5bc","f405b3b5b7478f1553bd9d799fbd34fc41e937d413db12f8a4e02581553cb252","https://opentopography.org/usageterms","OpenTopography Data and Content terms; no dataset-specific license supplied","Oregon Department of Geology and Mineral Industries Lidar Program Data. Distributed by OpenTopography. https://doi.org/10.5069/G9QC01D1 Dataset acknowledgement: DOGAMI (2011): Oregon Department of Geology and Mineral Industries Lidar Program airborne lidar survey. Oregon Department of Geology and Mineral Industries (DOGAMI). Distributed by OpenTopography.","2026-09-20","2007-03-15","2010-09-03"
"EMC_EQ","El Mayor-Cucapah Earthquake (4 April 2010) Rupture Lidar Scan","Airborne Lidar","ready","All indexed file URLs matched positive-sized public objects; one LAS header checked per collection.",1788,1788,"https://portal.opentopography.org/datasetMetadata?otCollectionID=OT.122010.32611.1","https://doi.org/10.5069/G9TD9V7D","https://opentopography.s3.sdsc.edu/pc-bulk/EMC_EQ/EMC_EQ_TileIndex.zip","","366b1b0f37dddcef3e52887ba23031034e49de08343bffc237611b1bb1f51c84","7ac5688222c7222308d9dc31438fe25eee0e011835d8c896165c9b6d45370eb2","https://creativecommons.org/licenses/by/4.0/","Dataset use license","El Mayor-Cucapah Earthquake (4 April 2010) Rupture Lidar Scan. Distributed by OpenTopography. https://doi.org/10.5069/G9TD9V7D Dataset acknowledgement: These data were gathered by the National Center for Airborne Laser Mapping at the request of Michael Oskin (UC Davis) in collaboration with Alejandro Hinojosa and John Fletcher of CICESE and Ramon Arrowsmith of Arizona State University. The acquisition of these data was supported by a RAPID grant from the National Science Foundation's EarthScope Program and Office of International Science and Education (No. EAR- 1039168 and EAR- 1039147) and by the Southern California Earthquake Center.","2026-09-20","2010-08-16","2010-08-19"
"GD_TLS","Granite Dells Terrestrial Laser Scanning Dataset","Terrestrial Laser Scanner","out_of_scope","Outside airborne-LiDAR scope: Terrestrial Laser Scanner",1,1,"https://portal.opentopography.org/datasetMetadata?otCollectionID=OT.122010.26912.1","https://doi.org/10.5069/G9Z60KZ8","https://opentopography.s3.sdsc.edu/pc-bulk/GD_TLS/GD_TLS_TileIndex.zip","","1d75aa67e9fa349c62ca81bbaae3746f6338c7b72d6cc835631173c9b61995aa","83bec5ac4c102341e9bb709bf04282e40450051d3498c468023707bb9b4320e9","https://opentopography.org/usageterms","OpenTopography Data and Content terms; no dataset-specific license supplied","Granite Dells Terrestrial Laser Scanning Dataset. Distributed by OpenTopography. https://doi.org/10.5069/G9Z60KZ8 Dataset acknowledgement: Haddad, D. E., 2010. Geologic and geomorphic characterization of precariously balanced rocks. MS thesis, Arizona State University, Tempe, Arizona, 207 pp. Data acquisition was supported by a National Science Foundation grant: EAR 0651098 Collaborative Research: Facility Support: Building the INTERFACE Facility for Cm-Scale, 3D Digital Field Geology and partially by the Extreme Ground Motion Program administered by the Southern California Earthquake Center (SCEC).","2026-09-20","2009-09-11","2009-09-11"
"BridgeCk05","NOAA ISEMP - Watershed Sciences - Bridge Creek, Oregon Lidar Survey, 2005","Airborne Lidar","ready","All indexed file URLs matched positive-sized public objects; one LAS header checked per collection.",140,140,"https://portal.opentopography.org/datasetMetadata?otCollectionID=OT.102010.26910.1","https://doi.org/10.5069/G9PC308N","https://opentopography.s3.sdsc.edu/pc-bulk/BridgeCk05/BridgeCk05_TileIndex.zip","","870e7adb0b993d768ee0d93c79096acd69d8a4f3577784f43cc72736400f908a","0347e1ec18f5751f5fcf0471ab9c02e273d108360105965ca9965bb2a33f70a8","https://opentopography.org/usageterms","OpenTopography Data and Content terms; no dataset-specific license supplied","NOAA ISEMP - Watershed Sciences - Bridge Creek, Oregon Lidar Survey, 2005. Distributed by OpenTopography. https://doi.org/10.5069/G9PC308N Dataset acknowledgement: Lidar data acquired by Watershed Sciences, Inc. on behalf of Dr. Micahel Pollock (NOAA Northwest Fisheries Science Center) as part of their ISEMP project on the Bridge Creek Intensively Monitored Watershed.","2026-09-20","2005-09-27","2005-09-27"
"GRAN_DEL","Granite Dells, AZ","Airborne Lidar","ready","All indexed file URLs matched positive-sized public objects; one LAS header checked per collection.",54,54,"https://portal.opentopography.org/datasetMetadata?otCollectionID=OT.102010.26912.1","https://doi.org/10.5069/G92Z13FN","https://opentopography.s3.sdsc.edu/pc-bulk/GRAN_DEL/GRAN_DEL_TileIndex.zip","","068978fe95a92cccfea08b14f83ae1aa6f7a46a803f0c2336fa1cbf24290f88b","adb35f266ef3dafe4dd9b66c4e54c7c06897882e888a1b62344a35d106e4b50b","https://creativecommons.org/licenses/by/4.0/","Dataset use license","Granite Dells, AZ. Distributed by OpenTopography. https://doi.org/10.5069/G92Z13FN Dataset acknowledgement: Lidar data acquired by the National Center for Airborne Laser Mapping (NCALM) at the University of Houston and the University of California, Berkeley, on behalf of David E. Haddad (Arizona State University) as part of an NCALM graduate student Seed Grant: Geologic and Geomorphic Characterization of Precariously Balanced Rocks. NCALM is funded by the National Science Foundation's Division for Earth Sciences, Instrumentation, and Facilities Program.","2026-09-20","2009-09-11","2009-09-11"
"Haiti","World Bank - ImageCat Inc. - RIT Haiti Earthquake Lidar dataset","Airborne Lidar","ready","All indexed file URLs matched positive-sized public objects; one LAS header checked per collection.",982,982,"https://portal.opentopography.org/datasetMetadata?otCollectionID=OT.072010.32618.1","https://doi.org/10.5069/G96Q1V50","https://opentopography.s3.sdsc.edu/pc-bulk/Haiti/Haiti_TileIndex.zip","","451d7005639a6f0ed8942e9370e0c3ae31c2ef742c205e8c32936f4056737e16","18724e06a26bb767d39989bd1bd1cdb9b29d5880a57aa5bb447854308deb5f9d","https://opentopography.org/usageterms","OpenTopography Data and Content terms; no dataset-specific license supplied","World Bank - ImageCat Inc. - RIT Haiti Earthquake Lidar dataset. Distributed by OpenTopography. https://doi.org/10.5069/G96Q1V50 Dataset acknowledgement: Lidar data were acquired by Rochester Institute of Technology and Kucera International, under sub-contract to ImageCat Inc. and funded by the Global Facility for Disaster Reduction and Recovery (GFDRR) hosted at The World Bank.","2026-09-20","2010-01-21","2010-01-27"
"Napa","Napa Watershed, CA","Airborne Lidar","ready","All indexed file URLs matched positive-sized public objects; one LAS header checked per collection.",418,418,"https://portal.opentopography.org/datasetMetadata?otCollectionID=OT.052010.26910.1","https://doi.org/10.5069/G9BG2KW9","https://opentopography.s3.sdsc.edu/pc-bulk/Napa/Napa_TileIndex.zip","","5322e66cc7d5f566b973de3bb3cf39d51069e2653177b49cd0fefc862df763f0","61108304fbbdcd55d245685158faebe05adf85495c07cc2576071b7871adc697","https://creativecommons.org/licenses/by/4.0/","Dataset use license","Napa Watershed, CA. Distributed by OpenTopography. https://doi.org/10.5069/G9BG2KW9 Dataset acknowledgement: Lidar data acquired by the National Center for Airborne Laser Mapping (NCALM).","2026-09-20","2003-05-15","2003-06-01"
"SoCAL","EarthScope Southern & Eastern California Lidar Project","Airborne Lidar","ready","All indexed file URLs matched positive-sized public objects; one LAS header checked per collection.",3700,3700,"https://portal.opentopography.org/datasetMetadata?otCollectionID=OT.122009.32611.1","https://doi.org/10.5069/G9G44N6Q","https://opentopography.s3.sdsc.edu/pc-bulk/SoCAL/SoCAL_TileIndex.zip","","239af72b1be0e445b71d6e1c17a8eead036223062c5934ec6440a98a9a1ffd95","0c0f4328276331beaffa281f880ddfdc75f3222c58f614119d91552bb71092c2","https://creativecommons.org/licenses/by/4.0/","Dataset use license","EarthScope Southern & Eastern California Lidar Project. Distributed by OpenTopography. https://doi.org/10.5069/G9G44N6Q Dataset acknowledgement: This material is based on services provided to the Plate Boundary Observatory by NCALM ( https://ncalm.cive.uh.edu ). PBO is operated by UNAVCO for EarthScope ( http://www.earthscope.org ) and supported by the National Science Foundation (No. EAR-0350028 and EAR-0732947).","2026-09-20","2007-04-02","2007-04-26"
"Yakima","EarthScope Yakima Lidar Project","Airborne Lidar","ready","All indexed file URLs matched positive-sized public objects; one LAS header checked per collection.",436,436,"https://portal.opentopography.org/datasetMetadata?otCollectionID=OT.112009.32610.1","https://doi.org/10.5069/G9KW5CXQ","https://opentopography.s3.sdsc.edu/pc-bulk/Yakima/Yakima_TileIndex.zip","","01faa974d03c44d9d46773b0551ade8be958488fc78d8254e6858c250c42974d","9b4daf583f2038990ae77b8a4646129191ba79fade21d85534b23900ff2c23fe","https://creativecommons.org/licenses/by/4.0/","Dataset use license","EarthScope Yakima Lidar Project. Distributed by OpenTopography. https://doi.org/10.5069/G9KW5CXQ Dataset acknowledgement: This material is based on services provided to the Plate Boundary Observatory by NCALM ( https://ncalm.cive.uh.edu ). PBO is operated by UNAVCO for EarthScope ( http://www.earthscope.org ) and supported by the National Science Foundation (No. EAR-0350028 and EAR-0732947).","2026-09-20","2008-04-02","2008-04-26"
"ALASKA","EarthScope Alaska Denali Totschunda Lidar Project","Airborne Lidar","ready","All indexed file URLs matched positive-sized public objects; one LAS header checked per collection.",613,613,"https://portal.opentopography.org/datasetMetadata?otCollectionID=OT.102009.32607.1","https://doi.org/10.5069/G9QN64NF","https://opentopography.s3.sdsc.edu/pc-bulk/ALASKA/ALASKA_TileIndex.zip","","86c8d3c0c756fc4b6b95b26355829d01e40a36a73a5a43d08741252f1df8dd28","524cb1ab67eff72a8f41eabc842d45adb2a8b0cf3592affdb0a340b5ba98730e","https://creativecommons.org/licenses/by/4.0/","Dataset use license","EarthScope Alaska Denali Totschunda Lidar Project. Distributed by OpenTopography. https://doi.org/10.5069/G9QN64NF Dataset acknowledgement: This material is based on services provided to the Plate Boundary Observatory by NCALM ( https://ncalm.cive.uh.edu ). PBO is operated by UNAVCO for EarthScope ( http://www.earthscope.org ) and supported by the National Science Foundation (No. EAR-0350028 and EAR-0732947).","2026-09-20","2008-07-09","2008-08-04"
"ISB","EarthScope Intermountain Seismic Belt Lidar Project","Airborne Lidar","ready","All indexed file URLs matched positive-sized public objects; one LAS header checked per collection.",1031,1031,"https://portal.opentopography.org/datasetMetadata?otCollectionID=OT.052009.32612.1","https://doi.org/10.5069/G9VD6WCS","https://opentopography.s3.sdsc.edu/pc-bulk/ISB/ISB_TileIndex.zip","","f6365540e65b2aa6e0606d47023013a58fac23b0132cb948638b7baa07166147","9137b80975f37e666d203709579f45dba99882a99eef6151b6287fa64bb22227","https://creativecommons.org/licenses/by/4.0/","Dataset use license","EarthScope Intermountain Seismic Belt Lidar Project. Distributed by OpenTopography. https://doi.org/10.5069/G9VD6WCS Dataset acknowledgement: This material is based on services provided to the Plate Boundary Observatory by NCALM ( https://ncalm.cive.uh.edu ). PBO is operated by UNAVCO for EarthScope ( http://www.earthscope.org ) and supported by the National Science Foundation (No. EAR-0350028 and EAR-0732947).","2026-09-20","2008-07-09","2008-08-04"
"NCAL","EarthScope Northern California Lidar Project","Airborne Lidar","ready","All indexed file URLs matched positive-sized public objects; one LAS header checked per collection.",3932,3932,"https://portal.opentopography.org/datasetMetadata?otCollectionID=OT.052008.32610.1","https://doi.org/10.5069/G9057CV2","https://opentopography.s3.sdsc.edu/pc-bulk/NCAL/NCAL_TileIndex.zip","","f0154d6d46c1aea242ce46b67c1acfbab967bd906ef6d6eb7787f139d8dadd57","03c1c88a0bdbc07f01acabd073e39fb2cca297625c61dfae5ea29d2ca91b76cd","https://creativecommons.org/licenses/by/4.0/","Dataset use license","EarthScope Northern California Lidar Project. Distributed by OpenTopography. https://doi.org/10.5069/G9057CV2 Dataset acknowledgement: This material is based on services provided to the Plate Boundary Observatory by NCALM ( https://ncalm.cive.uh.edu ). PBO is operated by UNAVCO for EarthScope ( http://www.earthscope.org ) and supported by the National Science Foundation (No. EAR-0350028 and EAR-0732947).","2026-09-20","2007-03-21","2007-04-17"
"ECSZ","Fault systems in the Eastern California Shear Zone, CA","Airborne Lidar","ready","All indexed file URLs matched positive-sized public objects; one LAS header checked per collection.",276,276,"https://portal.opentopography.org/datasetMetadata?otCollectionID=OT.062006.32611.1","https://doi.org/10.5069/G93X84KG","https://opentopography.s3.sdsc.edu/pc-bulk/ECSZ/ECSZ_TileIndex.zip","","a206d84007c537a931d1a9b696ee4c7558639fa6789768f88619f53a69f569bc","2ac42e5c92b34cc351334ab1352cccb601febdeba0b793a907bf6fd0589335ab","https://creativecommons.org/licenses/by/4.0/","Dataset use license","Fault systems in the Eastern California Shear Zone, CA. Distributed by OpenTopography. https://doi.org/10.5069/G93X84KG Dataset acknowledgement: Lidar data acquired by the National Center for Airborne Laser Mapping on behalf of Dr. Mike Oskin (UC Davis) and Dr. Lesley Perg (University of Minnesota) as part of their National Science Foundation funded-project (No. EAR-0337263): Testing tectonic geodesy from fault slip rates across the eastern California shear zone.","2026-09-20","2003-11-01","2003-11-01"
"B4","B4 Project - Southern San Andreas and San Jacinto Faults","Airborne Lidar","ready","All indexed file URLs matched positive-sized public objects; one LAS header checked per collection.",2869,2869,"https://portal.opentopography.org/datasetMetadata?otCollectionID=OT.032006.32611.1","https://doi.org/10.5069/G97P8W9T","https://opentopography.s3.sdsc.edu/pc-bulk/B4/B4_TileIndex.zip","","3ad84c2c2c4ab7c2741d937e1873da8eb1f3dbf7b5e68bf4afdaf50156393d50","956e1b4749a5c70ab15d316ab193538084dd4491e9d13a9d85ac435f95b7c7a5","https://creativecommons.org/licenses/by/4.0/","Dataset use license","B4 Project - Southern San Andreas and San Jacinto Faults. Distributed by OpenTopography. https://doi.org/10.5069/G97P8W9T Dataset acknowledgement: The B4 Lidar Project collected lidar point cloud data of the southern San Andreas and San Jacinto Faults in southern California. Data acquisition and processing were performed by the National Center for Airborne Laser Mapping (NCALM) in partnership with the USGS and Ohio State University through funding from the EAR Geophysics program at the National Science Foundation (NSF). Optech International contributed the ALTM3100 laser scanner system. UNAVCO and SCIGN assisted in GPS ground control and continuous high rate GPS data acquisition. A group of volunteers from USGS, UCSD, UCLA, Caltech and private industry, as well as gracious landowners along the fault zones, also made the project possible.","2026-09-20","2005-05-18","2005-05-27"
"Rainier","West Rainier Seismic Zone, WA","Airborne Lidar","ready","All indexed file URLs matched positive-sized public objects; one LAS header checked per collection.",29,29,"https://portal.opentopography.org/datasetMetadata?otCollectionID=OT.062005.2926.1","https://doi.org/10.5069/G9CC0XMC","https://opentopography.s3.sdsc.edu/pc-bulk/Rainier/Rainier_TileIndex.zip","","e1b65c64d909b41f359f4010886c483ef36d2a0d2e95ac6a26de0e30646251f3","d14be593419f43d7a1a77201162b7c385f4724a54b36f6aca3010e6a904cc8f3","https://opentopography.org/usageterms","OpenTopography Data and Content terms; no dataset-specific license supplied","West Rainier Seismic Zone, WA. Distributed by OpenTopography. https://doi.org/10.5069/G9CC0XMC Dataset acknowledgement: This airborne laser swath mapping data was acquired in support of collaborative research by members of the U.S. Geological Survey (USGS) and the National Aeronautics and Space Administration (NASA), with funding provided by NASA's Earth Surface and Interior Focus Area. The data were acquired and processed by TerraPoint, LLC under contract to NASA's Stennis Space Center. The data are in the public domain with no restrictions on their use.","2026-09-20","2002-11-01","2002-12-01"
"NSAF","Northern San Andreas Fault, CA","Airborne Lidar","ready","All indexed file URLs matched positive-sized public objects; one LAS header checked per collection.",46,46,"https://portal.opentopography.org/datasetMetadata?otCollectionID=OT.062005.2871.1","https://doi.org/10.5069/G9MW2F2H","https://opentopography.s3.sdsc.edu/pc-bulk/NSAF/NSAF_TileIndex.zip","","43948debb4ceee410375351b7a47e9c7290ba5b5e96b2773fde27d125f8472ba","595d765be5523f842fd37df7fe5b5908524d2d6b28b3d09971e732745d46e39d","https://opentopography.org/usageterms","OpenTopography Data and Content terms; no dataset-specific license supplied","Northern San Andreas Fault, CA. Distributed by OpenTopography. https://doi.org/10.5069/G9MW2F2H Dataset acknowledgement: This airborne laser swath mapping data was acquired in support of collaborative research by members of the U.S. Geological Survey (USGS) and the National Aeronautics and Space Administration (NASA), with funding provided by NASA's Earth Surface and Interior Focus Area. The data were acquired and processed by TerraPoint, LLC under contract to NASA's Stennis Space Center. The data are in the public domain with no restrictions on their use.","2026-09-20","2003-02-01","2003-02-01"
"OTDS.092026.6340.1","UAV LiDAR Surveys for Quantifying Post-Eaton Fire Sediment Mobilization, CA","Not reviewed","external","Community Dataspace deposit; no hosted TileIndex adapter. Review acquisition type and files at the source.",,,"https://doi.org/10.5069/G9M043MB","https://doi.org/10.5069/G9M043MB","","","","","","","","2026-09-20","",""
"OTDS.082026.32652.1","Tansandani Gully (Mt Unzen, Japan) using PPK-corrected SLAM Mobile LiDAR","Not reviewed","external","Community Dataspace deposit; no hosted TileIndex adapter. Review acquisition type and files at the source.",,,"https://doi.org/10.5069/G9QR4VBC","https://doi.org/10.5069/G9QR4VBC","","","","","","","","2026-09-20","",""
"OTDS.072026.32616.9","UAV Lidar Survey near Rio Tambor, Guatemala, January 2024","Not reviewed","external","Community Dataspace deposit; no hosted TileIndex adapter. Review acquisition type and files at the source.",,,"https://doi.org/10.5069/G9VH5M23","https://doi.org/10.5069/G9VH5M23","","","","","","","","2026-09-20","",""
"OTDS.072026.32616.9","UAV Lidar Survey near Rio Tambor, Guatemala, January 2024","Not reviewed","external","Community Dataspace deposit; no hosted TileIndex adapter. Review acquisition type and files at the source.",,,"https://doi.org/10.5069/G9VH5M23","https://doi.org/10.5069/G9VH5M23","","","","","","","","2026-09-20","",""
"OTDS.072026.32616.8","UAV Lidar Survey near Gualan, Guatemala, January 2024","Not reviewed","external","Community Dataspace deposit; no hosted TileIndex adapter. Review acquisition type and files at the source.",,,"https://doi.org/10.5069/G90863JC","https://doi.org/10.5069/G90863JC","","","","","","","","2026-09-20","",""
"OTDS.072026.32616.8","UAV Lidar Survey near Gualan, Guatemala, January 2024","Not reviewed","external","Community Dataspace deposit; no hosted TileIndex adapter. Review acquisition type and files at the source.",,,"https://doi.org/10.5069/G90863JC","https://doi.org/10.5069/G90863JC","","","","","","","","2026-09-20","",""
"OTDS.072026.32616.7","UAV Lidar Survey of Museo Quirigua, Guatemala, January 2024","Not reviewed","external","Community Dataspace deposit; no hosted TileIndex adapter. Review acquisition type and files at the source.",,,"https://doi.org/10.5069/G9416V95","https://doi.org/10.5069/G9416V95","","","","","","","","2026-09-20","",""
"OTDS.072026.32616.7","UAV Lidar Survey of Museo Quirigua, Guatemala, January 2024","Not reviewed","external","Community Dataspace deposit; no hosted TileIndex adapter. Review acquisition type and files at the source.",,,"https://doi.org/10.5069/G9416V95","https://doi.org/10.5069/G9416V95","","","","","","","","2026-09-20","",""
"OTDS.072026.32616.6","UAV Lidar Survey 2 near Santa Catalina La Tinta, Guatemala, January 2024","Not reviewed","external","Community Dataspace deposit; no hosted TileIndex adapter. Review acquisition type and files at the source.",,,"https://doi.org/10.5069/G97S7M04","https://doi.org/10.5069/G97S7M04","","","","","","","","2026-09-20","",""
"OTDS.072026.32616.6","UAV Lidar Survey 2 near Santa Catalina La Tinta, Guatemala, January 2024","Not reviewed","external","Community Dataspace deposit; no hosted TileIndex adapter. Review acquisition type and files at the source.",,,"https://doi.org/10.5069/G97S7M04","https://doi.org/10.5069/G97S7M04","","","","","","","","2026-09-20","",""
"OTDS.072026.32616.5","UAV Lidar Survey of a Mellon Farm, near Estanzuela, Guatemala, January 2024","Not reviewed","external","Community Dataspace deposit; no hosted TileIndex adapter. Review acquisition type and files at the source.",,,"https://doi.org/10.5069/G9CF9NBK","https://doi.org/10.5069/G9CF9NBK","","","","","","","","2026-09-20","",""
"OTDS.072026.32616.5","UAV Lidar Survey of a Mellon Farm, near Estanzuela, Guatemala, January 2024","Not reviewed","external","Community Dataspace deposit; no hosted TileIndex adapter. Review acquisition type and files at the source.",,,"https://doi.org/10.5069/G9CF9NBK","https://doi.org/10.5069/G9CF9NBK","","","","","","","","2026-09-20","",""
"OTDS.072026.32616.4","UAV Lidar Survey 1 near Santa Catalina La Tinta, Guatemala, January 2024","Not reviewed","external","Community Dataspace deposit; no hosted TileIndex adapter. Review acquisition type and files at the source.",,,"https://doi.org/10.5069/G9H70D1D","https://doi.org/10.5069/G9H70D1D","","","","","","","","2026-09-20","",""
"OTDS.072026.32616.4","UAV Lidar Survey 1 near Santa Catalina La Tinta, Guatemala, January 2024","Not reviewed","external","Community Dataspace deposit; no hosted TileIndex adapter. Review acquisition type and files at the source.",,,"https://doi.org/10.5069/G9H70D1D","https://doi.org/10.5069/G9H70D1D","","","","","","","","2026-09-20","",""
"OTDS.072026.32616.3","UAV Lidar Survey near Finca del Eden, Guatemala, January 2024","Not reviewed","external","Community Dataspace deposit; no hosted TileIndex adapter. Review acquisition type and files at the source.",,,"https://doi.org/10.5069/G9N014RQ","https://doi.org/10.5069/G9N014RQ","","","","","","","","2026-09-20","",""
"OTDS.072026.32616.3","UAV Lidar Survey near Finca del Eden, Guatemala, January 2024","Not reviewed","external","Community Dataspace deposit; no hosted TileIndex adapter. Review acquisition type and files at the source.",,,"https://doi.org/10.5069/G9N014RQ","https://doi.org/10.5069/G9N014RQ","","","","","","","","2026-09-20","",""
"OTDS.072026.32616.2","UAV Lidar Survey near Carillabas, Guatemala, January 2024","Not reviewed","external","Community Dataspace deposit; no hosted TileIndex adapter. Review acquisition type and files at the source.",,,"https://doi.org/10.5069/G9RR1WGR","https://doi.org/10.5069/G9RR1WGR","","","","","","","","2026-09-20","",""
"OTDS.072026.32616.2","UAV Lidar Survey near Carillabas, Guatemala, January 2024","Not reviewed","external","Community Dataspace deposit; no hosted TileIndex adapter. Review acquisition type and files at the source.",,,"https://doi.org/10.5069/G9RR1WGR","https://doi.org/10.5069/G9RR1WGR","","","","","","","","2026-09-20","",""
"OTDS.072026.32615.1","UAV Lidar Survey near La Laguna, Guatemala, January 2024","Not reviewed","external","Community Dataspace deposit; no hosted TileIndex adapter. Review acquisition type and files at the source.",,,"https://doi.org/10.5069/G9WH2N7X","https://doi.org/10.5069/G9WH2N7X","","","","","","","","2026-09-20","",""
"OTDS.072026.32615.1","UAV Lidar Survey near La Laguna, Guatemala, January 2024","Not reviewed","external","Community Dataspace deposit; no hosted TileIndex adapter. Review acquisition type and files at the source.",,,"https://doi.org/10.5069/G9WH2N7X","https://doi.org/10.5069/G9WH2N7X","","","","","","","","2026-09-20","",""
"OTDS.072026.32616.1","UAV SfM Survey of a Ranch near Costa Del Lago Cocales, Guatemala, 2024","Not reviewed","external","Community Dataspace deposit; no hosted TileIndex adapter. Review acquisition type and files at the source.",,,"https://doi.org/10.5069/G91834RN","https://doi.org/10.5069/G91834RN","","","","","","","","2026-09-20","",""
"OTDS.072026.32616.1","UAV SfM Survey of a Ranch near Costa Del Lago Cocales, Guatemala, 2024","Not reviewed","external","Community Dataspace deposit; no hosted TileIndex adapter. Review acquisition type and files at the source.",,,"https://doi.org/10.5069/G91834RN","https://doi.org/10.5069/G91834RN","","","","","","","","2026-09-20","",""
"OTDS.062026.6346.3","Virginia Tech StREAM Lab Summer 2024 Drone Lidar Survey","Not reviewed","external","Community Dataspace deposit; no hosted TileIndex adapter. Review acquisition type and files at the source.",,,"https://doi.org/10.5069/G9J67F57","https://doi.org/10.5069/G9J67F57","","","","","","","","2026-09-20","",""
"OTDS.062026.6346.3","Virginia Tech StREAM Lab Summer 2024 Drone Lidar Survey","Not reviewed","external","Community Dataspace deposit; no hosted TileIndex adapter. Review acquisition type and files at the source.",,,"https://doi.org/10.5069/G9J67F57","https://doi.org/10.5069/G9J67F57","","","","","","","","2026-09-20","",""
"OTDS.062026.6346.2","Virginia Tech StREAM Lab Spring 2026 Drone Lidar Survey","Not reviewed","external","Community Dataspace deposit; no hosted TileIndex adapter. Review acquisition type and files at the source.",,,"https://doi.org/10.5069/G9NZ85W7","https://doi.org/10.5069/G9NZ85W7","","","","","","","","2026-09-20","",""
"OTDS.062026.6346.2","Virginia Tech StREAM Lab Spring 2026 Drone Lidar Survey","Not reviewed","external","Community Dataspace deposit; no hosted TileIndex adapter. Review acquisition type and files at the source.",,,"https://doi.org/10.5069/G9NZ85W7","https://doi.org/10.5069/G9NZ85W7","","","","","","","","2026-09-20","",""
"OTDS.062026.6346.1","Virginia Tech StREAM Lab Fall 2018 Drone Lidar Survey","Not reviewed","external","Community Dataspace deposit; no hosted TileIndex adapter. Review acquisition type and files at the source.",,,"https://doi.org/10.5069/G9SQ8XN1","https://doi.org/10.5069/G9SQ8XN1","","","","","","","","2026-09-20","",""
"OTDS.062026.6346.1","Virginia Tech StREAM Lab Fall 2018 Drone Lidar Survey","Not reviewed","external","Community Dataspace deposit; no hosted TileIndex adapter. Review acquisition type and files at the source.",,,"https://doi.org/10.5069/G9SQ8XN1","https://doi.org/10.5069/G9SQ8XN1","","","","","","","","2026-09-20","",""
"OTDS.042026.32628.1","Backpack LiDAR scans from a sand covered lava margin at Holuhraun (Iceland)","Not reviewed","external","Community Dataspace deposit; no hosted TileIndex adapter. Review acquisition type and files at the source.",,,"https://doi.org/10.5069/G92805VK","https://doi.org/10.5069/G92805VK","","","","","","","","2026-09-20","",""
"OTDS.042026.32628.1","Backpack LiDAR scans from a sand covered lava margin at Holuhraun (Iceland)","Not reviewed","external","Community Dataspace deposit; no hosted TileIndex adapter. Review acquisition type and files at the source.",,,"https://doi.org/10.5069/G92805VK","https://doi.org/10.5069/G92805VK","","","","","","","","2026-09-20","",""
"OTDS.042026.6346.1","Virginia Tech StREAM Lab Spring 2017 Drone Lidar Survey","Not reviewed","external","Community Dataspace deposit; no hosted TileIndex adapter. Review acquisition type and files at the source.",,,"https://doi.org/10.5069/G95X275P","https://doi.org/10.5069/G95X275P","","","","","","","","2026-09-20","",""
"OTDS.042026.6346.1","Virginia Tech StREAM Lab Spring 2017 Drone Lidar Survey","Not reviewed","external","Community Dataspace deposit; no hosted TileIndex adapter. Review acquisition type and files at the source.",,,"https://doi.org/10.5069/G95X275P","https://doi.org/10.5069/G95X275P","","","","","","","","2026-09-20","",""
"OTDS.122025.6340.1","Digital Elevation Model of Crater Elegante, Sonora, Mexico, November 2022","Not reviewed","external","Community Dataspace deposit; no hosted TileIndex adapter. Review acquisition type and files at the source.",,,"https://doi.org/10.5069/G9N58JM8","https://doi.org/10.5069/G9N58JM8","","","","","","","","2026-09-20","",""
"OTDS.122025.6340.1","Digital Elevation Model of Crater Elegante, Sonora, Mexico, November 2022","Not reviewed","external","Community Dataspace deposit; no hosted TileIndex adapter. Review acquisition type and files at the source.",,,"https://doi.org/10.5069/G9N58JM8","https://doi.org/10.5069/G9N58JM8","","","","","","","","2026-09-20","",""
"OTDS.112025.32611.1","Mobile lidar scans in the Mariposa Grove of Giant Sequoias, California","Not reviewed","external","Community Dataspace deposit; no hosted TileIndex adapter. Review acquisition type and files at the source.",,,"https://doi.org/10.5069/G9542KTD","https://doi.org/10.5069/G9542KTD","","","","","","","","2026-09-20","",""
"OTDS.102025.32612.3","2025 Gad Valley Rock Glacier UAV Lidar Data","Not reviewed","external","Community Dataspace deposit; no hosted TileIndex adapter. Review acquisition type and files at the source.",,,"https://doi.org/10.5069/G98W3BJT","https://doi.org/10.5069/G98W3BJT","","","","","","","","2026-09-20","",""
"OTDS.102025.32612.3","2025 Gad Valley Rock Glacier UAV Lidar Data","Not reviewed","external","Community Dataspace deposit; no hosted TileIndex adapter. Review acquisition type and files at the source.",,,"https://doi.org/10.5069/G98W3BJT","https://doi.org/10.5069/G98W3BJT","","","","","","","","2026-09-20","",""
"OTDS.102025.32612.2","2024 Gad Valley Rock Glacier UAV Lidar Data","Not reviewed","external","Community Dataspace deposit; no hosted TileIndex adapter. Review acquisition type and files at the source.",,,"https://doi.org/10.5069/G9DN4390","https://doi.org/10.5069/G9DN4390","","","","","","","","2026-09-20","",""
"OTDS.102025.32612.2","2024 Gad Valley Rock Glacier UAV Lidar Data","Not reviewed","external","Community Dataspace deposit; no hosted TileIndex adapter. Review acquisition type and files at the source.",,,"https://doi.org/10.5069/G9DN4390","https://doi.org/10.5069/G9DN4390","","","","","","","","2026-09-20","",""
"OTDS.102025.32612.1","2023 Gad Valley Rock Glacier UAV Lidar Data","Not reviewed","external","Community Dataspace deposit; no hosted TileIndex adapter. Review acquisition type and files at the source.",,,"https://doi.org/10.5069/G9JD4V0W","https://doi.org/10.5069/G9JD4V0W","","","","","","","","2026-09-20","",""
"OTDS.102025.32612.1","2023 Gad Valley Rock Glacier UAV Lidar Data","Not reviewed","external","Community Dataspace deposit; no hosted TileIndex adapter. Review acquisition type and files at the source.",,,"https://doi.org/10.5069/G9JD4V0W","https://doi.org/10.5069/G9JD4V0W","","","","","","","","2026-09-20","",""
"OTDS.102025.32644.3","Jang La - Dhaulagiri SW fault (Western Nepal fault system) Survey, Oct 2021","Not reviewed","external","Community Dataspace deposit; no hosted TileIndex adapter. Review acquisition type and files at the source.",,,"https://doi.org/10.5069/G9P26WCS","https://doi.org/10.5069/G9P26WCS","","","","","","","","2026-09-20","",""
"OTDS.102025.32644.3","Jang La - Dhaulagiri SW fault (Western Nepal fault system) Survey, Oct 2021","Not reviewed","external","Community Dataspace deposit; no hosted TileIndex adapter. Review acquisition type and files at the source.",,,"https://doi.org/10.5069/G9P26WCS","https://doi.org/10.5069/G9P26WCS","","","","","","","","2026-09-20","",""
"OTDS.102025.32644.2","Dhorpatan fault (Western Nepal fault system) Survey, October 2021","Not reviewed","external","Community Dataspace deposit; no hosted TileIndex adapter. Review acquisition type and files at the source.",,,"https://doi.org/10.5069/G9ST7N2R","https://doi.org/10.5069/G9ST7N2R","","","","","","","","2026-09-20","",""
"OTDS.102025.32644.2","Dhorpatan fault (Western Nepal fault system) Survey, October 2021","Not reviewed","external","Community Dataspace deposit; no hosted TileIndex adapter. Review acquisition type and files at the source.",,,"https://doi.org/10.5069/G9ST7N2R","https://doi.org/10.5069/G9ST7N2R","","","","","","","","2026-09-20","",""
"OTDS.102025.32644.1","Dhaulagiri Southwest fault (Western Nepal fault system) Survey, Oct 2021","Not reviewed","external","Community Dataspace deposit; no hosted TileIndex adapter. Review acquisition type and files at the source.",,,"https://doi.org/10.5069/G9XK8CRM","https://doi.org/10.5069/G9XK8CRM","","","","","","","","2026-09-20","",""
"OTDS.102025.32644.1","Dhaulagiri Southwest fault (Western Nepal fault system) Survey, Oct 2021","Not reviewed","external","Community Dataspace deposit; no hosted TileIndex adapter. Review acquisition type and files at the source.",,,"https://doi.org/10.5069/G9XK8CRM","https://doi.org/10.5069/G9XK8CRM","","","","","","","","2026-09-20","",""
"OTDS.102025.32616.5","Survey of Lions Den Gorge Bluff, Wisconsin, April 2022","Not reviewed","external","Community Dataspace deposit; no hosted TileIndex adapter. Review acquisition type and files at the source.",,,"https://doi.org/10.5069/G92B8W7X","https://doi.org/10.5069/G92B8W7X","","","","","","","","2026-09-20","",""
"OTDS.102025.32616.5","Survey of Lions Den Gorge Bluff, Wisconsin, April 2022","Not reviewed","external","Community Dataspace deposit; no hosted TileIndex adapter. Review acquisition type and files at the source.",,,"https://doi.org/10.5069/G92B8W7X","https://doi.org/10.5069/G92B8W7X","","","","","","","","2026-09-20","",""
"OTDS.102025.32616.4","Survey of Lions Den Gorge Bluff, Wisconsin, May 2023","Not reviewed","external","Community Dataspace deposit; no hosted TileIndex adapter. Review acquisition type and files at the source.",,,"https://doi.org/10.5069/G9639MZ7","https://doi.org/10.5069/G9639MZ7","","","","","","","","2026-09-20","",""
"OTDS.102025.32616.4","Survey of Lions Den Gorge Bluff, Wisconsin, May 2023","Not reviewed","external","Community Dataspace deposit; no hosted TileIndex adapter. Review acquisition type and files at the source.",,,"https://doi.org/10.5069/G9639MZ7","https://doi.org/10.5069/G9639MZ7","","","","","","","","2026-09-20","",""
"OTDS.102025.32616.3","Survey of Lions Den Gorge Bluff, Wisconsin, October 2022","Not reviewed","external","Community Dataspace deposit; no hosted TileIndex adapter. Review acquisition type and files at the source.",,,"https://doi.org/10.5069/G99W0CQN","https://doi.org/10.5069/G99W0CQN","","","","","","","","2026-09-20","",""
"OTDS.102025.32616.3","Survey of Lions Den Gorge Bluff, Wisconsin, October 2022","Not reviewed","external","Community Dataspace deposit; no hosted TileIndex adapter. Review acquisition type and files at the source.",,,"https://doi.org/10.5069/G99W0CQN","https://doi.org/10.5069/G99W0CQN","","","","","","","","2026-09-20","",""
"OTDS.102025.32616.2","Survey of Lions Den Gorge Bluff, Wisconsin,  November 2022","Not reviewed","external","Community Dataspace deposit; no hosted TileIndex adapter. Review acquisition type and files at the source.",,,"https://doi.org/10.5069/G9FN14DX","https://doi.org/10.5069/G9FN14DX","","","","","","","","2026-09-20","",""
"OTDS.102025.32616.2","Survey of Lions Den Gorge Bluff, Wisconsin,  November 2022","Not reviewed","external","Community Dataspace deposit; no hosted TileIndex adapter. Review acquisition type and files at the source.",,,"https://doi.org/10.5069/G9FN14DX","https://doi.org/10.5069/G9FN14DX","","","","","","","","2026-09-20","",""
"OTDS.102025.32616.1","Survey of Lions Den Gorge Bluff, Wisconsin, October 2023","Not reviewed","external","Community Dataspace deposit; no hosted TileIndex adapter. Review acquisition type and files at the source.",,,"https://doi.org/10.5069/G9K935ST","https://doi.org/10.5069/G9K935ST","","","","","","","","2026-09-20","",""
"OTDS.102025.32616.1","Survey of Lions Den Gorge Bluff, Wisconsin, October 2023","Not reviewed","external","Community Dataspace deposit; no hosted TileIndex adapter. Review acquisition type and files at the source.",,,"https://doi.org/10.5069/G9K935ST","https://doi.org/10.5069/G9K935ST","","","","","","","","2026-09-20","",""
"OTDS.082025.4326.1","2021 ZigZag Landslide Reconnaissance, Morgan County, Utah","Not reviewed","external","Community Dataspace deposit; no hosted TileIndex adapter. Review acquisition type and files at the source.",,,"https://doi.org/10.5069/G93B5XC9","https://doi.org/10.5069/G93B5XC9","","","","","","","","2026-09-20","",""
"OTDS.082025.4326.1","2021 ZigZag Landslide Reconnaissance, Morgan County, Utah","Not reviewed","external","Community Dataspace deposit; no hosted TileIndex adapter. Review acquisition type and files at the source.",,,"https://doi.org/10.5069/G93B5XC9","https://doi.org/10.5069/G93B5XC9","","","","","","","","2026-09-20","",""
"OTDS.072025.32642.1","Satellite stereo pointclouds of the Yasman and Vakhsh Valleys, Tajikistan","Not reviewed","external","Community Dataspace deposit; no hosted TileIndex adapter. Review acquisition type and files at the source.",,,"https://doi.org/10.5069/G9GH9G5W","https://doi.org/10.5069/G9GH9G5W","","","","","","","","2026-09-20","",""
"OTDS.062025.32616.1","Survey of Point Beach State Forest, Wisconsin, August 2021","Not reviewed","external","Community Dataspace deposit; no hosted TileIndex adapter. Review acquisition type and files at the source.",,,"https://doi.org/10.5069/G90K26SB","https://doi.org/10.5069/G90K26SB","","","","","","","","2026-09-20","",""
"OTDS.062025.32616.1","Survey of Point Beach State Forest, Wisconsin, August 2021","Not reviewed","external","Community Dataspace deposit; no hosted TileIndex adapter. Review acquisition type and files at the source.",,,"https://doi.org/10.5069/G90K26SB","https://doi.org/10.5069/G90K26SB","","","","","","","","2026-09-20","",""
"OTDS.052025.32616.1","Survey of Point Beach State Forest, Wisconsin, September 2023","Not reviewed","external","Community Dataspace deposit; no hosted TileIndex adapter. Review acquisition type and files at the source.",,,"https://doi.org/10.5069/G9833Q7D","https://doi.org/10.5069/G9833Q7D","","","","","","","","2026-09-20","",""
"OTDS.052025.32616.1","Survey of Point Beach State Forest, Wisconsin, September 2023","Not reviewed","external","Community Dataspace deposit; no hosted TileIndex adapter. Review acquisition type and files at the source.",,,"https://doi.org/10.5069/G9833Q7D","https://doi.org/10.5069/G9833Q7D","","","","","","","","2026-09-20","",""
"OTDS.042025.32611.1","Dawson Los Monos Canyon Reserve Pasture and Creek UAV LiDAR Survey, CA 2024","Not reviewed","external","Community Dataspace deposit; no hosted TileIndex adapter. Review acquisition type and files at the source.",,,"https://doi.org/10.5069/G9CR5RKJ","https://doi.org/10.5069/G9CR5RKJ","","","","","","","","2026-09-20","",""
"OTDS.032025.32610.1","UAV LiDAR Survey of RDM at Jack and Laura Dangermond Preserve, CA 2024","Not reviewed","external","Community Dataspace deposit; no hosted TileIndex adapter. Review acquisition type and files at the source.",,,"https://doi.org/10.5069/G9S180QV","https://doi.org/10.5069/G9S180QV","","","","","","","","2026-09-20","",""
"OTDS.022025.32616.1","Panola Mountain Research Watershed Outcrop Survey, Georgia, USA, July 2021","Not reviewed","external","Community Dataspace deposit; no hosted TileIndex adapter. Review acquisition type and files at the source.",,,"https://doi.org/10.5069/G9902209","https://doi.org/10.5069/G9902209","","","","","","","","2026-09-20","",""
"OTDS.022025.32616.1","Panola Mountain Research Watershed Outcrop Survey, Georgia, USA, July 2021","Not reviewed","external","Community Dataspace deposit; no hosted TileIndex adapter. Review acquisition type and files at the source.",,,"https://doi.org/10.5069/G9902209","https://doi.org/10.5069/G9902209","","","","","","","","2026-09-20","",""
"OTDS.122024.32611.2","Guadalupe Island, Mexico, SfM survey of Cypress forest, June 2019","Not reviewed","external","Community Dataspace deposit; no hosted TileIndex adapter. Review acquisition type and files at the source.",,,"https://doi.org/10.5069/G92J693D","https://doi.org/10.5069/G92J693D","","","","","","","","2026-09-20","",""
"OTDS.122024.32611.2","Guadalupe Island, Mexico, SfM survey of Cypress forest, June 2019","Not reviewed","external","Community Dataspace deposit; no hosted TileIndex adapter. Review acquisition type and files at the source.",,,"https://doi.org/10.5069/G92J693D","https://doi.org/10.5069/G92J693D","","","","","","","","2026-09-20","",""
"OTDS.122024.32611.1","Guadalupe Island, Mexico, SfM survey of Cypress Forest, June 2016.","Not reviewed","external","Community Dataspace deposit; no hosted TileIndex adapter. Review acquisition type and files at the source.",,,"https://doi.org/10.5069/G9668BDD","https://doi.org/10.5069/G9668BDD","","","","","","","","2026-09-20","",""
"OTDS.122024.32611.1","Guadalupe Island, Mexico, SfM survey of Cypress Forest, June 2016.","Not reviewed","external","Community Dataspace deposit; no hosted TileIndex adapter. Review acquisition type and files at the source.",,,"https://doi.org/10.5069/G9668BDD","https://doi.org/10.5069/G9668BDD","","","","","","","","2026-09-20","",""
"OTDS.112024.3154.1","Drone lidar surveys of the Tintina Fault, Yukon, Canada, September 2023","Not reviewed","external","Community Dataspace deposit; no hosted TileIndex adapter. Review acquisition type and files at the source.",,,"https://doi.org/10.5069/G9MG7MR9","https://doi.org/10.5069/G9MG7MR9","","","","","","","","2026-09-20","",""
"OTDS.112024.3154.1","Drone lidar surveys of the Tintina Fault, Yukon, Canada, September 2023","Not reviewed","external","Community Dataspace deposit; no hosted TileIndex adapter. Review acquisition type and files at the source.",,,"https://doi.org/10.5069/G9MG7MR9","https://doi.org/10.5069/G9MG7MR9","","","","","","","","2026-09-20","",""
"OTDS.082024.32633.3","High-Resolution SfM Topography of Stromboli volcano (Italy), 14 July 2024","Not reviewed","external","Community Dataspace deposit; no hosted TileIndex adapter. Review acquisition type and files at the source.",,,"https://doi.org/10.5069/G9S75DJH","https://doi.org/10.5069/G9S75DJH","","","","","","","","2026-09-20","",""
"OTDS.082024.32633.3","High-Resolution SfM Topography of Stromboli volcano (Italy), 14 July 2024","Not reviewed","external","Community Dataspace deposit; no hosted TileIndex adapter. Review acquisition type and files at the source.",,,"https://doi.org/10.5069/G9S75DJH","https://doi.org/10.5069/G9S75DJH","","","","","","","","2026-09-20","",""
"OTDS.082024.32633.2","High-Resolution SfM Topography of Stromboli volcano (Italy), 04 July 2024","Not reviewed","external","Community Dataspace deposit; no hosted TileIndex adapter. Review acquisition type and files at the source.",,,"https://doi.org/10.5069/G9WW7FWN","https://doi.org/10.5069/G9WW7FWN","","","","","","","","2026-09-20","",""
"OTDS.082024.32633.2","High-Resolution SfM Topography of Stromboli volcano (Italy), 04 July 2024","Not reviewed","external","Community Dataspace deposit; no hosted TileIndex adapter. Review acquisition type and files at the source.",,,"https://doi.org/10.5069/G9WW7FWN","https://doi.org/10.5069/G9WW7FWN","","","","","","","","2026-09-20","",""
"OTDS.082024.32633.1","High-Resolution SfM Topography of Stromboli volcano (Italy), 24 May 2024","Not reviewed","external","Community Dataspace deposit; no hosted TileIndex adapter. Review acquisition type and files at the source.",,,"https://doi.org/10.5069/G95D8Q27","https://doi.org/10.5069/G95D8Q27","","","","","","","","2026-09-20","",""
"OTDS.082024.32633.1","High-Resolution SfM Topography of Stromboli volcano (Italy), 24 May 2024","Not reviewed","external","Community Dataspace deposit; no hosted TileIndex adapter. Review acquisition type and files at the source.",,,"https://doi.org/10.5069/G95D8Q27","https://doi.org/10.5069/G95D8Q27","","","","","","","","2026-09-20","",""
"OTDS.072024.32645.1","Survey of landslides triggered by the 2015 Gorkha Earthquake, Nepal","Not reviewed","external","Community Dataspace deposit; no hosted TileIndex adapter. Review acquisition type and files at the source.",,,"https://doi.org/10.5069/G9JQ0Z7V","https://doi.org/10.5069/G9JQ0Z7V","","","","","","","","2026-09-20","",""
"OTDS.042024.32643.1","Surveys of Chon Aksu and Aksu Earthquake Scarps, Kyrgyzstan, 2022","Not reviewed","external","Community Dataspace deposit; no hosted TileIndex adapter. Review acquisition type and files at the source.",,,"https://doi.org/10.5069/G96D5R6M","https://doi.org/10.5069/G96D5R6M","","","","","","","","2026-09-20","",""
"OTDS.042024.32643.1","Surveys of Chon Aksu and Aksu Earthquake Scarps, Kyrgyzstan, 2022","Not reviewed","external","Community Dataspace deposit; no hosted TileIndex adapter. Review acquisition type and files at the source.",,,"https://doi.org/10.5069/G96D5R6M","https://doi.org/10.5069/G96D5R6M","","","","","","","","2026-09-20","",""
"OTDS.032024.32620.3","Survey of Rio Caonillas at El Sofa, Puerto Rico, 2022","Not reviewed","external","Community Dataspace deposit; no hosted TileIndex adapter. Review acquisition type and files at the source.",,,"https://doi.org/10.5069/G93N21MN","https://doi.org/10.5069/G93N21MN","","","","","","","","2026-09-20","",""
"OTDS.032024.32620.2","Survey of Rio Caonillas at Coabey, Puerto Rico, 2022","Not reviewed","external","Community Dataspace deposit; no hosted TileIndex adapter. Review acquisition type and files at the source.",,,"https://doi.org/10.5069/G97D2SCF","https://doi.org/10.5069/G97D2SCF","","","","","","","","2026-09-20","",""
"OTDS.032024.32620.1","Survey of Rio Caonillas at El Sofa, Puerto Rico, 2023 ","Not reviewed","external","Community Dataspace deposit; no hosted TileIndex adapter. Review acquisition type and files at the source.",,,"https://doi.org/10.5069/G9C53J2Q","https://doi.org/10.5069/G9C53J2Q","","","","","","","","2026-09-20","",""
"OTDS.102023.2225.1","Mattole Road Landslide, Humboldt Redwoods State Park, Weott, CA","Not reviewed","external","Community Dataspace deposit; no hosted TileIndex adapter. Review acquisition type and files at the source.",,,"https://doi.org/10.5069/G95M63X9","https://doi.org/10.5069/G95M63X9","","","","","","","","2026-09-20","",""
"OTDS.102023.32608.1","Drone lidar surveys of the Eastern Denali Fault, Yukon, Sep 2021 & Aug 2022","Not reviewed","external","Community Dataspace deposit; no hosted TileIndex adapter. Review acquisition type and files at the source.",,,"https://doi.org/10.5069/G998857Q","https://doi.org/10.5069/G998857Q","","","","","","","","2026-09-20","",""
"OTDS.102023.32608.1","Drone lidar surveys of the Eastern Denali Fault, Yukon, Sep 2021 & Aug 2022","Not reviewed","external","Community Dataspace deposit; no hosted TileIndex adapter. Review acquisition type and files at the source.",,,"https://doi.org/10.5069/G998857Q","https://doi.org/10.5069/G998857Q","","","","","","","","2026-09-20","",""
"OTDS.102023.32643.4","Survey of a subtle scarp at Chon Kemin, Kyrgyzstan, July 2019","Not reviewed","external","Community Dataspace deposit; no hosted TileIndex adapter. Review acquisition type and files at the source.",,,"https://doi.org/10.5069/G9F18WX6","https://doi.org/10.5069/G9F18WX6","","","","","","","","2026-09-20","",""
"OTDS.102023.32643.4","Survey of a subtle scarp at Chon Kemin, Kyrgyzstan, July 2019","Not reviewed","external","Community Dataspace deposit; no hosted TileIndex adapter. Review acquisition type and files at the source.",,,"https://doi.org/10.5069/G9F18WX6","https://doi.org/10.5069/G9F18WX6","","","","","","","","2026-09-20","",""
"OTDS.102023.32643.3","Survey of a prominent thrust scarp at Chon Kemin, Kyrgyzstan, July 2019","Not reviewed","external","Community Dataspace deposit; no hosted TileIndex adapter. Review acquisition type and files at the source.",,,"https://doi.org/10.5069/G9JS9NNM","https://doi.org/10.5069/G9JS9NNM","","","","","","","","2026-09-20","",""
"OTDS.102023.32643.3","Survey of a prominent thrust scarp at Chon Kemin, Kyrgyzstan, July 2019","Not reviewed","external","Community Dataspace deposit; no hosted TileIndex adapter. Review acquisition type and files at the source.",,,"https://doi.org/10.5069/G9JS9NNM","https://doi.org/10.5069/G9JS9NNM","","","","","","","","2026-09-20","",""
"OTDS.102023.2955.1","Drone lidar survey of the eastern shore of Columbia Lake, East Kootenays","Not reviewed","external","Community Dataspace deposit; no hosted TileIndex adapter. Review acquisition type and files at the source.",,,"https://doi.org/10.5069/G9PK0DCW","https://doi.org/10.5069/G9PK0DCW","","","","","","","","2026-09-20","",""
"OTDS.102023.2955.1","Drone lidar survey of the eastern shore of Columbia Lake, East Kootenays","Not reviewed","external","Community Dataspace deposit; no hosted TileIndex adapter. Review acquisition type and files at the source.",,,"https://doi.org/10.5069/G9PK0DCW","https://doi.org/10.5069/G9PK0DCW","","","","","","","","2026-09-20","",""
"OTDS.102023.3157.2","Drone lidar survey of the San Juan Fault, Vancouver Island, September 2022","Not reviewed","external","Community Dataspace deposit; no hosted TileIndex adapter. Review acquisition type and files at the source.",,,"https://doi.org/10.5069/G9TB1542","https://doi.org/10.5069/G9TB1542","","","","","","","","2026-09-20","",""
"OTDS.102023.3157.2","Drone lidar survey of the San Juan Fault, Vancouver Island, September 2022","Not reviewed","external","Community Dataspace deposit; no hosted TileIndex adapter. Review acquisition type and files at the source.",,,"https://doi.org/10.5069/G9TB1542","https://doi.org/10.5069/G9TB1542","","","","","","","","2026-09-20","",""
"OTDS.102023.32640.4","Point clouds derived from satellite imagery, Turkmenistan, 2013-2014","Not reviewed","external","Community Dataspace deposit; no hosted TileIndex adapter. Review acquisition type and files at the source.",,,"https://doi.org/10.5069/G9Z31WWF","https://doi.org/10.5069/G9Z31WWF","","","","","","","","2026-09-20","",""
"OTDS.102023.3157.1","Drone lidar and SfM survey of the XEOLXELEK-Elk Lake Fault, May 2021","Not reviewed","external","Community Dataspace deposit; no hosted TileIndex adapter. Review acquisition type and files at the source.",,,"https://doi.org/10.5069/G92V2DBC","https://doi.org/10.5069/G92V2DBC","","","","","","","","2026-09-20","",""
"OTDS.102023.3157.1","Drone lidar and SfM survey of the XEOLXELEK-Elk Lake Fault, May 2021","Not reviewed","external","Community Dataspace deposit; no hosted TileIndex adapter. Review acquisition type and files at the source.",,,"https://doi.org/10.5069/G92V2DBC","https://doi.org/10.5069/G92V2DBC","","","","","","","","2026-09-20","",""
"OTDS.102023.32643.2","Survey of scarps near the Lower Lake at Chon Aksu, Kyrgyzstan, July 2019","Not reviewed","external","Community Dataspace deposit; no hosted TileIndex adapter. Review acquisition type and files at the source.",,,"https://doi.org/10.5069/G96H4FNC","https://doi.org/10.5069/G96H4FNC","","","","","","","","2026-09-20","",""
"OTDS.102023.32643.2","Survey of scarps near the Lower Lake at Chon Aksu, Kyrgyzstan, July 2019","Not reviewed","external","Community Dataspace deposit; no hosted TileIndex adapter. Review acquisition type and files at the source.",,,"https://doi.org/10.5069/G96H4FNC","https://doi.org/10.5069/G96H4FNC","","","","","","","","2026-09-20","",""
"OTDS.102023.32643.1","Survey of a scarp on a fan near Chon Aksu, Kyrgyzstan, July 2019","Not reviewed","external","Community Dataspace deposit; no hosted TileIndex adapter. Review acquisition type and files at the source.",,,"https://doi.org/10.5069/G9B856BN","https://doi.org/10.5069/G9B856BN","","","","","","","","2026-09-20","",""
"OTDS.102023.32643.1","Survey of a scarp on a fan near Chon Aksu, Kyrgyzstan, July 2019","Not reviewed","external","Community Dataspace deposit; no hosted TileIndex adapter. Review acquisition type and files at the source.",,,"https://doi.org/10.5069/G9B856BN","https://doi.org/10.5069/G9B856BN","","","","","","","","2026-09-20","",""
"OTDS.102023.32640.3","Point clouds derived from satellite imagery, Neyshabour, Iran,  2014","Not reviewed","external","Community Dataspace deposit; no hosted TileIndex adapter. Review acquisition type and files at the source.",,,"https://doi.org/10.5069/G9G15Z20","https://doi.org/10.5069/G9G15Z20","","","","","","","","2026-09-20","",""
"OTDS.102023.32640.2","Point clouds derived from satellite imagery, Sabzevar, Iran, 2013-2014","Not reviewed","external","Community Dataspace deposit; no hosted TileIndex adapter. Review acquisition type and files at the source.",,,"https://doi.org/10.5069/G9KS6PS0","https://doi.org/10.5069/G9KS6PS0","","","","","","","","2026-09-20","",""
"OTDS.102023.32640.1","Point clouds derived from satellite imagery, Esferayen, Iran, 2015","Not reviewed","external","Community Dataspace deposit; no hosted TileIndex adapter. Review acquisition type and files at the source.",,,"https://doi.org/10.5069/G9QJ7FJ5","https://doi.org/10.5069/G9QJ7FJ5","","","","","","","","2026-09-20","",""
"OTDS.102023.6340.2","UAV surveys of Yucaipa Ridge, CA catchments after the 2020 El Dorado Fire","Not reviewed","external","Community Dataspace deposit; no hosted TileIndex adapter. Review acquisition type and files at the source.",,,"https://doi.org/10.5069/G9V9869B","https://doi.org/10.5069/G9V9869B","","","","","","","","2026-09-20","",""
"OTDS.102023.6340.2","UAV surveys of Yucaipa Ridge, CA catchments after the 2020 El Dorado Fire","Not reviewed","external","Community Dataspace deposit; no hosted TileIndex adapter. Review acquisition type and files at the source.",,,"https://doi.org/10.5069/G9V9869B","https://doi.org/10.5069/G9V9869B","","","","","","","","2026-09-20","",""
"OTDS.102023.6340.1","UAV surveys of Yucaipa Ridge, CA, watersheds (2018) prior to El Dorado Fire","Not reviewed","external","Community Dataspace deposit; no hosted TileIndex adapter. Review acquisition type and files at the source.",,,"https://doi.org/10.5069/G9028PRS","https://doi.org/10.5069/G9028PRS","","","","","","","","2026-09-20","",""
"OTDS.102023.6340.1","UAV surveys of Yucaipa Ridge, CA, watersheds (2018) prior to El Dorado Fire","Not reviewed","external","Community Dataspace deposit; no hosted TileIndex adapter. Review acquisition type and files at the source.",,,"https://doi.org/10.5069/G9028PRS","https://doi.org/10.5069/G9028PRS","","","","","","","","2026-09-20","",""
"OTDS.102023.32649.1","Point clouds derived from satellite imagery, Weinan, China, 2013","Not reviewed","external","Community Dataspace deposit; no hosted TileIndex adapter. Review acquisition type and files at the source.",,,"https://doi.org/10.5069/G93R0R3W","https://doi.org/10.5069/G93R0R3W","","","","","","","","2026-09-20","",""
"OTDS.092023.32649.1","Point clouds derived from satellite imagery, Huaxian, China,  2013-2022","Not reviewed","external","Community Dataspace deposit; no hosted TileIndex adapter. Review acquisition type and files at the source.",,,"https://doi.org/10.5069/G97H1GSR","https://doi.org/10.5069/G97H1GSR","","","","","","","","2026-09-20","",""
"OTDS.092023.32638.2","Survey of the Salyan region, Azerbaijan 2022","Not reviewed","external","Community Dataspace deposit; no hosted TileIndex adapter. Review acquisition type and files at the source.",,,"https://doi.org/10.5069/G9C827HG","https://doi.org/10.5069/G9C827HG","","","","","","","","2026-09-20","",""
"OTDS.092023.32638.2","Survey of the Salyan region, Azerbaijan 2022","Not reviewed","external","Community Dataspace deposit; no hosted TileIndex adapter. Review acquisition type and files at the source.",,,"https://doi.org/10.5069/G9C827HG","https://doi.org/10.5069/G9C827HG","","","","","","","","2026-09-20","",""
"OTDS.092023.32638.1","Point clouds derived from satellite imagery, Salyan, Azerbaijian, 2021","Not reviewed","external","Community Dataspace deposit; no hosted TileIndex adapter. Review acquisition type and files at the source.",,,"https://doi.org/10.5069/G9H13076","https://doi.org/10.5069/G9H13076","","","","","","","","2026-09-20","",""
"OTDS.092023.32643.1","Survey of a reverse fault at Ala-Bash, Kyrgyzstan, 2022","Not reviewed","external","Community Dataspace deposit; no hosted TileIndex adapter. Review acquisition type and files at the source.",,,"https://doi.org/10.5069/G9MS3R0P","https://doi.org/10.5069/G9MS3R0P","","","","","","","","2026-09-20","",""
"OTDS.092023.32643.1","Survey of a reverse fault at Ala-Bash, Kyrgyzstan, 2022","Not reviewed","external","Community Dataspace deposit; no hosted TileIndex adapter. Review acquisition type and files at the source.",,,"https://doi.org/10.5069/G9MS3R0P","https://doi.org/10.5069/G9MS3R0P","","","","","","","","2026-09-20","",""
"OTDS.092023.32635.1","Point clouds derived from satellite imagery, Corinth, Greece, 2022","Not reviewed","external","Community Dataspace deposit; no hosted TileIndex adapter. Review acquisition type and files at the source.",,,"https://doi.org/10.5069/G9W957CT","https://doi.org/10.5069/G9W957CT","","","","","","","","2026-09-20","",""
"OTDS.082023.32643.7","Point clouds derived from satellite imagery, Naryn, Kyrgyzstan, 2018","Not reviewed","external","Community Dataspace deposit; no hosted TileIndex adapter. Review acquisition type and files at the source.",,,"https://doi.org/10.5069/G98G8HXK","https://doi.org/10.5069/G98G8HXK","","","","","","","","2026-09-20","",""
"OTDS.082023.32644.2","Survey of the Shonzhy region, Kazakhstan, 2015","Not reviewed","external","Community Dataspace deposit; no hosted TileIndex adapter. Review acquisition type and files at the source.",,,"https://doi.org/10.5069/G9D798N9","https://doi.org/10.5069/G9D798N9","","","","","","","","2026-09-20","",""
"OTDS.082023.32644.2","Survey of the Shonzhy region, Kazakhstan, 2015","Not reviewed","external","Community Dataspace deposit; no hosted TileIndex adapter. Review acquisition type and files at the source.",,,"https://doi.org/10.5069/G9D798N9","https://doi.org/10.5069/G9D798N9","","","","","","","","2026-09-20","",""
"OTDS.082023.32643.6","Point clouds derived from satellite imagery, Karakudzhur, Kyrgyzstan, 2018","Not reviewed","external","Community Dataspace deposit; no hosted TileIndex adapter. Review acquisition type and files at the source.",,,"https://doi.org/10.5069/G9J101D1","https://doi.org/10.5069/G9J101D1","","","","","","","","2026-09-20","",""
"OTDS.082023.32643.5","Point clouds derived from satellite imagery, At-Bashi, Kyrgyzstan, 2018","Not reviewed","external","Community Dataspace deposit; no hosted TileIndex adapter. Review acquisition type and files at the source.",,,"https://doi.org/10.5069/G9NS0S3M","https://doi.org/10.5069/G9NS0S3M","","","","","","","","2026-09-20","",""
"OTDS.082023.32646.1","Point clouds derived from satellite imagery in Changma, China, 2015","Not reviewed","external","Community Dataspace deposit; no hosted TileIndex adapter. Review acquisition type and files at the source.",,,"https://doi.org/10.5069/G9SJ1HSG","https://doi.org/10.5069/G9SJ1HSG","","","","","","","","2026-09-20","",""
"OTDS.082023.32644.1","Survey 2 of the petroglyph scarps on NW of Ili Basin, Kazakhstan, July 2014","Not reviewed","external","Community Dataspace deposit; no hosted TileIndex adapter. Review acquisition type and files at the source.",,,"https://doi.org/10.5069/G91Z42M9","https://doi.org/10.5069/G91Z42M9","","","","","","","","2026-09-20","",""
"OTDS.082023.32644.1","Survey 2 of the petroglyph scarps on NW of Ili Basin, Kazakhstan, July 2014","Not reviewed","external","Community Dataspace deposit; no hosted TileIndex adapter. Review acquisition type and files at the source.",,,"https://doi.org/10.5069/G91Z42M9","https://doi.org/10.5069/G91Z42M9","","","","","","","","2026-09-20","",""
"OTDS.082023.32640.1","Point clouds derived from satellite imagery, Tabas, Iran, 2014","Not reviewed","external","Community Dataspace deposit; no hosted TileIndex adapter. Review acquisition type and files at the source.",,,"https://doi.org/10.5069/G95Q4T96","https://doi.org/10.5069/G95Q4T96","","","","","","","","2026-09-20","",""
"OTDS.082023.32643.4","Survey of the range front fault in Karakudzhur, Kyrgyzstan, 2018","Not reviewed","external","Community Dataspace deposit; no hosted TileIndex adapter. Review acquisition type and files at the source.",,,"https://doi.org/10.5069/G99G5K1X","https://doi.org/10.5069/G99G5K1X","","","","","","","","2026-09-20","",""
"OTDS.082023.32643.4","Survey of the range front fault in Karakudzhur, Kyrgyzstan, 2018","Not reviewed","external","Community Dataspace deposit; no hosted TileIndex adapter. Review acquisition type and files at the source.",,,"https://doi.org/10.5069/G99G5K1X","https://doi.org/10.5069/G99G5K1X","","","","","","","","2026-09-20","",""
"OTDS.082023.32643.3","Survey of the fault traces in the NW of Issyk-Kul, Kyrgyzstan, 2017 & 2018","Not reviewed","external","Community Dataspace deposit; no hosted TileIndex adapter. Review acquisition type and files at the source.",,,"https://doi.org/10.5069/G9F769SP","https://doi.org/10.5069/G9F769SP","","","","","","","","2026-09-20","",""
"OTDS.082023.32643.3","Survey of the fault traces in the NW of Issyk-Kul, Kyrgyzstan, 2017 & 2018","Not reviewed","external","Community Dataspace deposit; no hosted TileIndex adapter. Review acquisition type and files at the source.",,,"https://doi.org/10.5069/G9F769SP","https://doi.org/10.5069/G9F769SP","","","","","","","","2026-09-20","",""
"OTDS.082023.32643.2","Survey of the fault scarps in At-Bashi, Kyrgyzstan, 2017 and 2018","Not reviewed","external","Community Dataspace deposit; no hosted TileIndex adapter. Review acquisition type and files at the source.",,,"https://doi.org/10.5069/G9K072GZ","https://doi.org/10.5069/G9K072GZ","","","","","","","","2026-09-20","",""
"OTDS.082023.32643.2","Survey of the fault scarps in At-Bashi, Kyrgyzstan, 2017 and 2018","Not reviewed","external","Community Dataspace deposit; no hosted TileIndex adapter. Review acquisition type and files at the source.",,,"https://doi.org/10.5069/G9K072GZ","https://doi.org/10.5069/G9K072GZ","","","","","","","","2026-09-20","",""
"OTDS.082023.32643.1","Survey of the Naryn Valley, Kyrgyzstan, 2017 and 2018","Not reviewed","external","Community Dataspace deposit; no hosted TileIndex adapter. Review acquisition type and files at the source.",,,"https://doi.org/10.5069/G9PN93VJ","https://doi.org/10.5069/G9PN93VJ","","","","","","","","2026-09-20","",""
"OTDS.082023.32643.1","Survey of the Naryn Valley, Kyrgyzstan, 2017 and 2018","Not reviewed","external","Community Dataspace deposit; no hosted TileIndex adapter. Review acquisition type and files at the source.",,,"https://doi.org/10.5069/G9PN93VJ","https://doi.org/10.5069/G9PN93VJ","","","","","","","","2026-09-20","",""
"OTDS.072023.32641.1","Point clouds derived from satellite imagery, Ugam-Chatkal, Uzbekistan 2015","Not reviewed","external","Community Dataspace deposit; no hosted TileIndex adapter. Review acquisition type and files at the source.",,,"https://doi.org/10.5069/G9KW5D8M","https://doi.org/10.5069/G9KW5D8M","","","","","","","","2026-09-20","",""
"OTDS.062023.32644.4","Point clouds derived from satellite imagery, NE Zaisan, Kazakhstan, 2019","Not reviewed","external","Community Dataspace deposit; no hosted TileIndex adapter. Review acquisition type and files at the source.",,,"https://doi.org/10.5069/G94X5619","https://doi.org/10.5069/G94X5619","","","","","","","","2026-09-20","",""
"OTDS.062023.32644.3","Point clouds derived from satellite imagery, Tacheng, China, 2019","Not reviewed","external","Community Dataspace deposit; no hosted TileIndex adapter. Review acquisition type and files at the source.",,,"https://doi.org/10.5069/G98P5XQS","https://doi.org/10.5069/G98P5XQS","","","","","","","","2026-09-20","",""
"OTDS.062023.32644.2","Survey 1 of the petroglyph scarps on NW of Ili Basin, Kazakhstan, July 2014","Not reviewed","external","Community Dataspace deposit; no hosted TileIndex adapter. Review acquisition type and files at the source.",,,"https://doi.org/10.5069/G9DB801K","https://doi.org/10.5069/G9DB801K","","","","","","","","2026-09-20","",""
"OTDS.062023.32644.2","Survey 1 of the petroglyph scarps on NW of Ili Basin, Kazakhstan, July 2014","Not reviewed","external","Community Dataspace deposit; no hosted TileIndex adapter. Review acquisition type and files at the source.",,,"https://doi.org/10.5069/G9DB801K","https://doi.org/10.5069/G9DB801K","","","","","","","","2026-09-20","",""
"OTDS.062023.32644.1","Survey of the concentric scarps, Dzhungarian Fault, Kazakhstan, July 2019","Not reviewed","external","Community Dataspace deposit; no hosted TileIndex adapter. Review acquisition type and files at the source.",,,"https://doi.org/10.5069/G9SN075R","https://doi.org/10.5069/G9SN075R","","","","","","","","2026-09-20","",""
"OTDS.062023.32644.1","Survey of the concentric scarps, Dzhungarian Fault, Kazakhstan, July 2019","Not reviewed","external","Community Dataspace deposit; no hosted TileIndex adapter. Review acquisition type and files at the source.",,,"https://doi.org/10.5069/G9SN075R","https://doi.org/10.5069/G9SN075R","","","","","","","","2026-09-20","",""
"OTDS.052023.32644.3","Survey of the Sarkand range front fault, Kazakhstan, 2014","Not reviewed","external","Community Dataspace deposit; no hosted TileIndex adapter. Review acquisition type and files at the source.",,,"https://doi.org/10.5069/G9XD0ZWP","https://doi.org/10.5069/G9XD0ZWP","","","","","","","","2026-09-20","",""
"OTDS.052023.32644.3","Survey of the Sarkand range front fault, Kazakhstan, 2014","Not reviewed","external","Community Dataspace deposit; no hosted TileIndex adapter. Review acquisition type and files at the source.",,,"https://doi.org/10.5069/G9XD0ZWP","https://doi.org/10.5069/G9XD0ZWP","","","","","","","","2026-09-20","",""
"OTDS.052023.4326.3","Point clouds derived from satellite imagery, Jajarm, Iran, 2017","Not reviewed","external","Community Dataspace deposit; no hosted TileIndex adapter. Review acquisition type and files at the source.",,,"https://doi.org/10.5069/G9251GDT","https://doi.org/10.5069/G9251GDT","","","","","","","","2026-09-20","",""
"OTDS.052023.32640.1","Point clouds derived from satellite imagery, Dasht-e-Bayaz Fault, Iran,2015","Not reviewed","external","Community Dataspace deposit; no hosted TileIndex adapter. Review acquisition type and files at the source.",,,"https://doi.org/10.5069/G95X2747","https://doi.org/10.5069/G95X2747","","","","","","","","2026-09-20","",""
"OTDS.052023.4326.2","Point clouds derived from satellite imagery, Luoshan Fault, China, 2014","Not reviewed","external","Community Dataspace deposit; no hosted TileIndex adapter. Review acquisition type and files at the source.",,,"https://doi.org/10.5069/G99K48F7","https://doi.org/10.5069/G99K48F7","","","","","","","","2026-09-20","",""
"OTDS.052023.32644.2","Survey of the Karkara range front fault, Kazakhstan, 2014","Not reviewed","external","Community Dataspace deposit; no hosted TileIndex adapter. Review acquisition type and files at the source.",,,"https://doi.org/10.5069/G9FB514H","https://doi.org/10.5069/G9FB514H","","","","","","","","2026-09-20","",""
"OTDS.052023.32644.2","Survey of the Karkara range front fault, Kazakhstan, 2014","Not reviewed","external","Community Dataspace deposit; no hosted TileIndex adapter. Review acquisition type and files at the source.",,,"https://doi.org/10.5069/G9FB514H","https://doi.org/10.5069/G9FB514H","","","","","","","","2026-09-20","",""
"OTDS.052023.32644.1","Point clouds derived from satellite imagery, Karkara, Kazakhstan, 2014","Not reviewed","external","Community Dataspace deposit; no hosted TileIndex adapter. Review acquisition type and files at the source.",,,"https://doi.org/10.5069/G9K35RVF","https://doi.org/10.5069/G9K35RVF","","","","","","","","2026-09-20","",""
"OTDS.052023.4326.1","Point clouds derived from satellite imagery, Suusamyr, Kyrgyzstan 2015","Not reviewed","external","Community Dataspace deposit; no hosted TileIndex adapter. Review acquisition type and files at the source.",,,"https://doi.org/10.5069/G9PV6HKV","https://doi.org/10.5069/G9PV6HKV","","","","","","","","2026-09-20","",""
"OTDS.042023.6346.1","Virginia Tech StREAM Lab Winter 2021 Drone Lidar Survey","Not reviewed","external","Community Dataspace deposit; no hosted TileIndex adapter. Review acquisition type and files at the source.",,,"https://doi.org/10.5069/G9348HK3","https://doi.org/10.5069/G9348HK3","","","","","","","","2026-09-20","",""
"OTDS.042023.6346.1","Virginia Tech StREAM Lab Winter 2021 Drone Lidar Survey","Not reviewed","external","Community Dataspace deposit; no hosted TileIndex adapter. Review acquisition type and files at the source.",,,"https://doi.org/10.5069/G9348HK3","https://doi.org/10.5069/G9348HK3","","","","","","","","2026-09-20","",""
"OTDS.122022.32610.1","San Felipe Ranch Fenceline MLS, CA 2022","Not reviewed","external","Community Dataspace deposit; no hosted TileIndex adapter. Review acquisition type and files at the source.",,,"https://doi.org/10.5069/G9610XJG","https://doi.org/10.5069/G9610XJG","","","","","","","","2026-09-20","",""
"OTDS.112022.32639.1","Surveys of Kura Frontal Thrust, Azerbaijan, 2022","Not reviewed","external","Community Dataspace deposit; no hosted TileIndex adapter. Review acquisition type and files at the source.",,,"https://doi.org/10.5069/G93776XH","https://doi.org/10.5069/G93776XH","","","","","","","","2026-09-20","",""
"OTDS.112022.32639.1","Surveys of Kura Frontal Thrust, Azerbaijan, 2022","Not reviewed","external","Community Dataspace deposit; no hosted TileIndex adapter. Review acquisition type and files at the source.",,,"https://doi.org/10.5069/G93776XH","https://doi.org/10.5069/G93776XH","","","","","","","","2026-09-20","",""
"OTDS.102022.32610.1","Bigelow Hills, Yolo County, northern California, July 2021","Not reviewed","external","Community Dataspace deposit; no hosted TileIndex adapter. Review acquisition type and files at the source.",,,"https://doi.org/10.5069/G90G3HBK","https://doi.org/10.5069/G90G3HBK","","","","","","","","2026-09-20","",""
"OTDS.102022.32610.1","Bigelow Hills, Yolo County, northern California, July 2021","Not reviewed","external","Community Dataspace deposit; no hosted TileIndex adapter. Review acquisition type and files at the source.",,,"https://doi.org/10.5069/G90G3HBK","https://doi.org/10.5069/G90G3HBK","","","","","","","","2026-09-20","",""
"OTDS.072022.32615.1","Survey of Gloss Mountain State Park, Oklahoma, November 7 2021","Not reviewed","external","Community Dataspace deposit; no hosted TileIndex adapter. Review acquisition type and files at the source.",,,"https://doi.org/10.5069/G9FN14CG","https://doi.org/10.5069/G9FN14CG","","","","","","","","2026-09-20","",""
"OTDS.072022.32615.1","Survey of Gloss Mountain State Park, Oklahoma, November 7 2021","Not reviewed","external","Community Dataspace deposit; no hosted TileIndex adapter. Review acquisition type and files at the source.",,,"https://doi.org/10.5069/G9FN14CG","https://doi.org/10.5069/G9FN14CG","","","","","","","","2026-09-20","",""
"OTDS.062022.32611.2","2018 Sky Valley, Structure from Motion data along the southern SAF","Not reviewed","external","Community Dataspace deposit; no hosted TileIndex adapter. Review acquisition type and files at the source.",,,"https://doi.org/10.5069/G9BV7DSK","https://doi.org/10.5069/G9BV7DSK","","","","","","","","2026-09-20","",""
"OTDS.062022.32611.2","2018 Sky Valley, Structure from Motion data along the southern SAF","Not reviewed","external","Community Dataspace deposit; no hosted TileIndex adapter. Review acquisition type and files at the source.",,,"https://doi.org/10.5069/G9BV7DSK","https://doi.org/10.5069/G9BV7DSK","","","","","","","","2026-09-20","",""
"OTDS.062022.32611.1","2021 Durmid Hill, Structure from Motion data along the sSAF","Not reviewed","external","Community Dataspace deposit; no hosted TileIndex adapter. Review acquisition type and files at the source.",,,"https://doi.org/10.5069/G9GM85H9","https://doi.org/10.5069/G9GM85H9","","","","","","","","2026-09-20","",""
"OTDS.062022.32611.1","2021 Durmid Hill, Structure from Motion data along the sSAF","Not reviewed","external","Community Dataspace deposit; no hosted TileIndex adapter. Review acquisition type and files at the source.",,,"https://doi.org/10.5069/G9GM85H9","https://doi.org/10.5069/G9GM85H9","","","","","","","","2026-09-20","",""
"OTDS.062022.4326.1","2021 Biskra Palms, Structure from Motion data along the sSAF","Not reviewed","external","Community Dataspace deposit; no hosted TileIndex adapter. Review acquisition type and files at the source.",,,"https://doi.org/10.5069/G9VX0DRT","https://doi.org/10.5069/G9VX0DRT","","","","","","","","2026-09-20","",""
"OTDS.062022.4326.1","2021 Biskra Palms, Structure from Motion data along the sSAF","Not reviewed","external","Community Dataspace deposit; no hosted TileIndex adapter. Review acquisition type and files at the source.",,,"https://doi.org/10.5069/G9VX0DRT","https://doi.org/10.5069/G9VX0DRT","","","","","","","","2026-09-20","",""
"OTDS.042022.32719.1","Survey of the Purgatorio Fault, South Peru: Zone 1, March 2020","Not reviewed","external","Community Dataspace deposit; no hosted TileIndex adapter. Review acquisition type and files at the source.",,,"https://doi.org/10.5069/G9DV1H36","https://doi.org/10.5069/G9DV1H36","","","","","","","","2026-09-20","",""
"OTDS.042022.32644.1","Point clouds derived from satellite imagery, Dzhungarian Fault","Not reviewed","external","Community Dataspace deposit; no hosted TileIndex adapter. Review acquisition type and files at the source.",,,"https://doi.org/10.5069/G9XS5SMQ","https://doi.org/10.5069/G9XS5SMQ","","","","","","","","2026-09-20","",""
"OTDS.032022.32644.4","Survey of the Rygayty River, the Dzhungarian Fault, Kazakhstan, July 2019","Not reviewed","external","Community Dataspace deposit; no hosted TileIndex adapter. Review acquisition type and files at the source.",,,"https://doi.org/10.5069/G9B27SHM","https://doi.org/10.5069/G9B27SHM","","","","","","","","2026-09-20","",""
"OTDS.032022.32644.4","Survey of the Rygayty River, the Dzhungarian Fault, Kazakhstan, July 2019","Not reviewed","external","Community Dataspace deposit; no hosted TileIndex adapter. Review acquisition type and files at the source.",,,"https://doi.org/10.5069/G9B27SHM","https://doi.org/10.5069/G9B27SHM","","","","","","","","2026-09-20","",""
"OTDS.032022.32644.3","Survey of the pull-apart basin, Dzhungarian Fault, Kazakhstan, July 2019","Not reviewed","external","Community Dataspace deposit; no hosted TileIndex adapter. Review acquisition type and files at the source.",,,"https://doi.org/10.5069/G9FT8J8G","https://doi.org/10.5069/G9FT8J8G","","","","","","","","2026-09-20","",""
"OTDS.032022.32644.3","Survey of the pull-apart basin, Dzhungarian Fault, Kazakhstan, July 2019","Not reviewed","external","Community Dataspace deposit; no hosted TileIndex adapter. Review acquisition type and files at the source.",,,"https://doi.org/10.5069/G9FT8J8G","https://doi.org/10.5069/G9FT8J8G","","","","","","","","2026-09-20","",""
"OTDS.032022.4326.1","Survey of the Tentek River, Dzhungarian Fault, Kazakhstan, July 2019","Not reviewed","external","Community Dataspace deposit; no hosted TileIndex adapter. Review acquisition type and files at the source.",,,"https://doi.org/10.5069/G9KK9906","https://doi.org/10.5069/G9KK9906","","","","","","","","2026-09-20","",""
"OTDS.122021.4326.3","2021 Waste Dump Landslide Reconnaissance, Morgan County, Utah","Not reviewed","external","Community Dataspace deposit; no hosted TileIndex adapter. Review acquisition type and files at the source.",,,"https://doi.org/10.5069/G9W0943D","https://doi.org/10.5069/G9W0943D","","","","","","","","2026-09-20","",""
"OTDS.122021.4326.3","2021 Waste Dump Landslide Reconnaissance, Morgan County, Utah","Not reviewed","external","Community Dataspace deposit; no hosted TileIndex adapter. Review acquisition type and files at the source.",,,"https://doi.org/10.5069/G9W0943D","https://doi.org/10.5069/G9W0943D","","","","","","","","2026-09-20","",""
"OTDS.122021.4326.2","2021 HeaveHo Landslide Reconnaissance, Weber County, Utah","Not reviewed","external","Community Dataspace deposit; no hosted TileIndex adapter. Review acquisition type and files at the source.",,,"https://doi.org/10.5069/G90R9MK0","https://doi.org/10.5069/G90R9MK0","","","","","","","","2026-09-20","",""
"OTDS.122021.4326.2","2021 HeaveHo Landslide Reconnaissance, Weber County, Utah","Not reviewed","external","Community Dataspace deposit; no hosted TileIndex adapter. Review acquisition type and files at the source.",,,"https://doi.org/10.5069/G90R9MK0","https://doi.org/10.5069/G90R9MK0","","","","","","","","2026-09-20","",""
"OTDS.122021.4326.1","2020 HeaveHo Landslide Reconnaissance, Weber County, Utah","Not reviewed","external","Community Dataspace deposit; no hosted TileIndex adapter. Review acquisition type and files at the source.",,,"https://doi.org/10.5069/G94J0C98","https://doi.org/10.5069/G94J0C98","","","","","","","","2026-09-20","",""
"OTDS.122021.4326.1","2020 HeaveHo Landslide Reconnaissance, Weber County, Utah","Not reviewed","external","Community Dataspace deposit; no hosted TileIndex adapter. Review acquisition type and files at the source.",,,"https://doi.org/10.5069/G94J0C98","https://doi.org/10.5069/G94J0C98","","","","","","","","2026-09-20","",""
"OTDS.112021.32633.1","Survey of Selmun promontory, northern Malta, 2021","Not reviewed","external","Community Dataspace deposit; no hosted TileIndex adapter. Review acquisition type and files at the source.",,,"https://doi.org/10.5069/G9D21VSC","https://doi.org/10.5069/G9D21VSC","","","","","","","","2026-09-20","",""
"OTDS.112021.32633.1","Survey of Selmun promontory, northern Malta, 2021","Not reviewed","external","Community Dataspace deposit; no hosted TileIndex adapter. Review acquisition type and files at the source.",,,"https://doi.org/10.5069/G9D21VSC","https://doi.org/10.5069/G9D21VSC","","","","","","","","2026-09-20","",""
"OTDS.112021.4326.4","Survey of fault south of Song Kul, Kyrgyzstan, 2021","Not reviewed","external","Community Dataspace deposit; no hosted TileIndex adapter. Review acquisition type and files at the source.",,,"https://doi.org/10.5069/G9HQ3X4X","https://doi.org/10.5069/G9HQ3X4X","","","","","","","","2026-09-20","",""
"OTDS.112021.4326.4","Survey of fault south of Song Kul, Kyrgyzstan, 2021","Not reviewed","external","Community Dataspace deposit; no hosted TileIndex adapter. Review acquisition type and files at the source.",,,"https://doi.org/10.5069/G9HQ3X4X","https://doi.org/10.5069/G9HQ3X4X","","","","","","","","2026-09-20","",""
"OTDS.112021.4326.3","Survey of Kilcris, Isle of Skye, 2021","Not reviewed","external","Community Dataspace deposit; no hosted TileIndex adapter. Review acquisition type and files at the source.",,,"https://doi.org/10.5069/G9NG4NTS","https://doi.org/10.5069/G9NG4NTS","","","","","","","","2026-09-20","",""
"OTDS.112021.4326.3","Survey of Kilcris, Isle of Skye, 2021","Not reviewed","external","Community Dataspace deposit; no hosted TileIndex adapter. Review acquisition type and files at the source.",,,"https://doi.org/10.5069/G9NG4NTS","https://doi.org/10.5069/G9NG4NTS","","","","","","","","2026-09-20","",""
"OTDS.112021.4326.2","2020 ZigZag Landslide Reconnaissance, Morgan County, Utah","Not reviewed","external","Community Dataspace deposit; no hosted TileIndex adapter. Review acquisition type and files at the source.",,,"https://doi.org/10.5069/G9X0657S","https://doi.org/10.5069/G9X0657S","","","","","","","","2026-09-20","",""
"OTDS.112021.4326.2","2020 ZigZag Landslide Reconnaissance, Morgan County, Utah","Not reviewed","external","Community Dataspace deposit; no hosted TileIndex adapter. Review acquisition type and files at the source.",,,"https://doi.org/10.5069/G9X0657S","https://doi.org/10.5069/G9X0657S","","","","","","","","2026-09-20","",""
"OTDS.112021.4326.1","2020 Waste Dump Landslide Reconnaissance, Morgan County, Utah","Not reviewed","external","Community Dataspace deposit; no hosted TileIndex adapter. Review acquisition type and files at the source.",,,"https://doi.org/10.5069/G91R6NQC","https://doi.org/10.5069/G91R6NQC","","","","","","","","2026-09-20","",""
"OTDS.112021.4326.1","2020 Waste Dump Landslide Reconnaissance, Morgan County, Utah","Not reviewed","external","Community Dataspace deposit; no hosted TileIndex adapter. Review acquisition type and files at the source.",,,"https://doi.org/10.5069/G91R6NQC","https://doi.org/10.5069/G91R6NQC","","","","","","","","2026-09-20","",""
"OTDS.112021.32647.1","Sinabung Volcano (Indonesia), June 20, 2018","Not reviewed","external","Community Dataspace deposit; no hosted TileIndex adapter. Review acquisition type and files at the source.",,,"https://doi.org/10.5069/G9988568","https://doi.org/10.5069/G9988568","","","","","","","","2026-09-20","",""
"OTDS.112021.32647.1","Sinabung Volcano (Indonesia), June 20, 2018","Not reviewed","external","Community Dataspace deposit; no hosted TileIndex adapter. Review acquisition type and files at the source.",,,"https://doi.org/10.5069/G9988568","https://doi.org/10.5069/G9988568","","","","","","","","2026-09-20","",""
"OTDS.092021.32643.1","Bishkek city, Kazakhstan, 2013 (derived from Pleiades tristereo imagery)","Not reviewed","external","Community Dataspace deposit; no hosted TileIndex adapter. Review acquisition type and files at the source.",,,"https://doi.org/10.5069/G92R3PW6","https://doi.org/10.5069/G92R3PW6","","","","","","","","2026-09-20","",""
"OTDS.072021.32616.1","Ray Site Jackson County Indiana Tree Uprooting, December 2018","Not reviewed","external","Community Dataspace deposit; no hosted TileIndex adapter. Review acquisition type and files at the source.",,,"https://doi.org/10.5069/G98C9TFC","https://doi.org/10.5069/G98C9TFC","","","","","","","","2026-09-20","",""
"OTDS.072021.32616.1","Ray Site Jackson County Indiana Tree Uprooting, December 2018","Not reviewed","external","Community Dataspace deposit; no hosted TileIndex adapter. Review acquisition type and files at the source.",,,"https://doi.org/10.5069/G98C9TFC","https://doi.org/10.5069/G98C9TFC","","","","","","","","2026-09-20","",""
"OTDS.072021.32613.1","Survey of Grape Creek Entrance Area, Ca<U+00F1>on City, Colorado, March 2021","Not reviewed","external","Community Dataspace deposit; no hosted TileIndex adapter. Review acquisition type and files at the source.",,,"https://doi.org/10.5069/G9D50K5N","https://doi.org/10.5069/G9D50K5N","","","","","","","","2026-09-20","",""
"OTDS.072021.32613.1","Survey of Grape Creek Entrance Area, Ca<U+00F1>on City, Colorado, March 2021","Not reviewed","external","Community Dataspace deposit; no hosted TileIndex adapter. Review acquisition type and files at the source.",,,"https://doi.org/10.5069/G9D50K5N","https://doi.org/10.5069/G9D50K5N","","","","","","","","2026-09-20","",""
"OTDS.062021.32613.1","Survey of Skyline Drive Area, Ca<U+00F1>on City, Colorado, April 2021","Not reviewed","external","Community Dataspace deposit; no hosted TileIndex adapter. Review acquisition type and files at the source.",,,"https://doi.org/10.5069/G9SF2TDM","https://doi.org/10.5069/G9SF2TDM","","","","","","","","2026-09-20","",""
"OTDS.062021.32613.1","Survey of Skyline Drive Area, Ca<U+00F1>on City, Colorado, April 2021","Not reviewed","external","Community Dataspace deposit; no hosted TileIndex adapter. Review acquisition type and files at the source.",,,"https://doi.org/10.5069/G9SF2TDM","https://doi.org/10.5069/G9SF2TDM","","","","","","","","2026-09-20","",""
"OTDS.062021.32616.2","Survey of Point Beach, Wisconsin, August 2020","Not reviewed","external","Community Dataspace deposit; no hosted TileIndex adapter. Review acquisition type and files at the source.",,,"https://doi.org/10.5069/G9X63K4B","https://doi.org/10.5069/G9X63K4B","","","","","","","","2026-09-20","",""
"OTDS.062021.32616.2","Survey of Point Beach, Wisconsin, August 2020","Not reviewed","external","Community Dataspace deposit; no hosted TileIndex adapter. Review acquisition type and files at the source.",,,"https://doi.org/10.5069/G9X63K4B","https://doi.org/10.5069/G9X63K4B","","","","","","","","2026-09-20","",""
"OTDS.062021.32616.1","Survey of Point Beach, Wisconsin, September 2020","Not reviewed","external","Community Dataspace deposit; no hosted TileIndex adapter. Review acquisition type and files at the source.",,,"https://doi.org/10.5069/G91V5C5J","https://doi.org/10.5069/G91V5C5J","","","","","","","","2026-09-20","",""
"OTDS.062021.32616.1","Survey of Point Beach, Wisconsin, September 2020","Not reviewed","external","Community Dataspace deposit; no hosted TileIndex adapter. Review acquisition type and files at the source.",,,"https://doi.org/10.5069/G91V5C5J","https://doi.org/10.5069/G91V5C5J","","","","","","","","2026-09-20","",""
"OTDS.052021.6342.1","McKittrick Canyon Reef Trail strat section, Guadalupe Mtns Nat. Park, TX ","Not reviewed","external","Community Dataspace deposit; no hosted TileIndex adapter. Review acquisition type and files at the source.",,,"https://doi.org/10.5069/G99C6VM6","https://doi.org/10.5069/G99C6VM6","","","","","","","","2026-09-20","",""
"OTDS.052021.26911.1","Steep Headwater-Colluvial Channels, Day Creek, San Gabriel Mountains CA, US","Not reviewed","external","Community Dataspace deposit; no hosted TileIndex adapter. Review acquisition type and files at the source.",,,"https://doi.org/10.5069/G9F47MBX","https://doi.org/10.5069/G9F47MBX","","","","","","","","2026-09-20","",""
"OTDS.052021.26911.1","Steep Headwater-Colluvial Channels, Day Creek, San Gabriel Mountains CA, US","Not reviewed","external","Community Dataspace deposit; no hosted TileIndex adapter. Review acquisition type and files at the source.",,,"https://doi.org/10.5069/G9F47MBX","https://doi.org/10.5069/G9F47MBX","","","","","","","","2026-09-20","",""
"OTDS.042021.32719.3","Survey of the Incapuquio Fault, South Peru: Chintari Zone 2018","Not reviewed","external","Community Dataspace deposit; no hosted TileIndex adapter. Review acquisition type and files at the source.",,,"https://doi.org/10.5069/G9JW8C3S","https://doi.org/10.5069/G9JW8C3S","","","","","","","","2026-09-20","",""
"OTDS.042021.32719.3","Survey of the Incapuquio Fault, South Peru: Chintari Zone 2018","Not reviewed","external","Community Dataspace deposit; no hosted TileIndex adapter. Review acquisition type and files at the source.",,,"https://doi.org/10.5069/G9JW8C3S","https://doi.org/10.5069/G9JW8C3S","","","","","","","","2026-09-20","",""
"OTDS.032021.28354.1","Decadal DSMs of Apollo Bay, Victoria, Australia, 1946, 66, 71, 77 and 86","Not reviewed","external","Community Dataspace deposit; no hosted TileIndex adapter. Review acquisition type and files at the source.",,,"https://doi.org/10.5069/G9QN64X1","https://doi.org/10.5069/G9QN64X1","","","","","","","","2026-09-20","",""
"OTDS.032021.28354.1","Decadal DSMs of Apollo Bay, Victoria, Australia, 1946, 66, 71, 77 and 86","Not reviewed","external","Community Dataspace deposit; no hosted TileIndex adapter. Review acquisition type and files at the source.",,,"https://doi.org/10.5069/G9QN64X1","https://doi.org/10.5069/G9QN64X1","","","","","","","","2026-09-20","",""
"OTDS.022021.32719.2","Survey over Santiago, Chile from 2014 SPOT imagery","Not reviewed","external","Community Dataspace deposit; no hosted TileIndex adapter. Review acquisition type and files at the source.",,,"https://doi.org/10.5069/G97M064K","https://doi.org/10.5069/G97M064K","","","","","","","","2026-09-20","",""
"OTDS.022021.32719.1","Survey of the San Ramon Fault, Santiago, Chile with 2016 Pleiades imagery","Not reviewed","external","Community Dataspace deposit; no hosted TileIndex adapter. Review acquisition type and files at the source.",,,"https://doi.org/10.5069/G9CC0XWZ","https://doi.org/10.5069/G9CC0XWZ","","","","","","","","2026-09-20","",""
"OTDS.022021.32643.3","Almaty city, Kazakhstan, 2017, derived from Pleiades tristereo imagery","Not reviewed","external","Community Dataspace deposit; no hosted TileIndex adapter. Review acquisition type and files at the source.",,,"https://doi.org/10.5069/G9H41PMP","https://doi.org/10.5069/G9H41PMP","","","","","","","","2026-09-20","",""
"OTDS.022021.32643.2","Almaty city, Kazakhstan, 2014 (derived from SPOT stereo imagery)","Not reviewed","external","Community Dataspace deposit; no hosted TileIndex adapter. Review acquisition type and files at the source.",,,"https://doi.org/10.5069/G9MS3QZT","https://doi.org/10.5069/G9MS3QZT","","","","","","","","2026-09-20","",""
"OTDS.022021.32643.1","Almaty city, Kazakhstan, 2014 (derived from Pleiades stereo imagery)","Not reviewed","external","Community Dataspace deposit; no hosted TileIndex adapter. Review acquisition type and files at the source.",,,"https://doi.org/10.5069/G9RJ4GN3","https://doi.org/10.5069/G9RJ4GN3","","","","","","","","2026-09-20","",""
"OTDS.012021.26912.1","SfM DSM of the Drum Mountains fault scarps, Millard County, Utah","Not reviewed","external","Community Dataspace deposit; no hosted TileIndex adapter. Review acquisition type and files at the source.",,,"https://doi.org/10.5069/G9125QT8","https://doi.org/10.5069/G9125QT8","","","","","","","","2026-09-20","",""
"OTDS.122020.6340.2","Survey of Northern Warm Springs Valley Fault, Doyle , CA, Nov 2020","Not reviewed","external","Community Dataspace deposit; no hosted TileIndex adapter. Review acquisition type and files at the source.",,,"https://doi.org/10.5069/G9DB8004","https://doi.org/10.5069/G9DB8004","","","","","","","","2026-09-20","",""
"OTDS.122020.6340.2","Survey of Northern Warm Springs Valley Fault, Doyle , CA, Nov 2020","Not reviewed","external","Community Dataspace deposit; no hosted TileIndex adapter. Review acquisition type and files at the source.",,,"https://doi.org/10.5069/G9DB8004","https://doi.org/10.5069/G9DB8004","","","","","","","","2026-09-20","",""
"OTDS.122020.6340.1","Survey of Segment of 1872 Owens Valley Rupture near Klondike Lake, CA 2020","Not reviewed","external","Community Dataspace deposit; no hosted TileIndex adapter. Review acquisition type and files at the source.",,,"https://doi.org/10.5069/G9J101CK","https://doi.org/10.5069/G9J101CK","","","","","","","","2026-09-20","",""
"OTDS.122020.6340.1","Survey of Segment of 1872 Owens Valley Rupture near Klondike Lake, CA 2020","Not reviewed","external","Community Dataspace deposit; no hosted TileIndex adapter. Review acquisition type and files at the source.",,,"https://doi.org/10.5069/G9J101CK","https://doi.org/10.5069/G9J101CK","","","","","","","","2026-09-20","",""
"OTDS.102020.26913.1","Poudre River at Sheep Draw SfM Greeley, CO June 2020","Not reviewed","external","Community Dataspace deposit; no hosted TileIndex adapter. Review acquisition type and files at the source.",,,"https://doi.org/10.5069/G9416V78","https://doi.org/10.5069/G9416V78","","","","","","","","2026-09-20","",""
"OTDS.092020.4269.1","2019 Cable Mountain Rockfall, Zion National Park, Utah","Not reviewed","external","Community Dataspace deposit; no hosted TileIndex adapter. Review acquisition type and files at the source.",,,"https://doi.org/10.5069/G9VT1Q8M","https://doi.org/10.5069/G9VT1Q8M","","","","","","","","2026-09-20","",""
"OTDS.092020.4269.1","2019 Cable Mountain Rockfall, Zion National Park, Utah","Not reviewed","external","Community Dataspace deposit; no hosted TileIndex adapter. Review acquisition type and files at the source.",,,"https://doi.org/10.5069/G9VT1Q8M","https://doi.org/10.5069/G9VT1Q8M","","","","","","","","2026-09-20","",""
"OTDS.092020.32715.4","Sierra Negra Volcano (TIR Flight 3): Gal<U+00E1>pagos, Ecuador, October 22 2018","Not reviewed","external","Community Dataspace deposit; no hosted TileIndex adapter. Review acquisition type and files at the source.",,,"https://doi.org/10.5069/G957196P","https://doi.org/10.5069/G957196P","","","","","","","","2026-09-20","",""
"OTDS.092020.32715.4","Sierra Negra Volcano (TIR Flight 3): Gal<U+00E1>pagos, Ecuador, October 22 2018","Not reviewed","external","Community Dataspace deposit; no hosted TileIndex adapter. Review acquisition type and files at the source.",,,"https://doi.org/10.5069/G957196P","https://doi.org/10.5069/G957196P","","","","","","","","2026-09-20","",""
"OTDS.092020.32715.3","Sierra Negra Volcano (TIR Flight 2): Gal<U+00E1>pagos, Ecuador, October 22 2018","Not reviewed","external","Community Dataspace deposit; no hosted TileIndex adapter. Review acquisition type and files at the source.",,,"https://doi.org/10.5069/G92F7KMS","https://doi.org/10.5069/G92F7KMS","","","","","","","","2026-09-20","",""
"OTDS.092020.32715.3","Sierra Negra Volcano (TIR Flight 2): Gal<U+00E1>pagos, Ecuador, October 22 2018","Not reviewed","external","Community Dataspace deposit; no hosted TileIndex adapter. Review acquisition type and files at the source.",,,"https://doi.org/10.5069/G92F7KMS","https://doi.org/10.5069/G92F7KMS","","","","","","","","2026-09-20","",""
"OTDS.092020.32715.2","Sierra Negra Volcano (TIR Flight 1): Gal<U+00E1>pagos, Ecuador, October 22 2018","Not reviewed","external","Community Dataspace deposit; no hosted TileIndex adapter. Review acquisition type and files at the source.",,,"https://doi.org/10.5069/G9668BBH","https://doi.org/10.5069/G9668BBH","","","","","","","","2026-09-20","",""
"OTDS.092020.32715.2","Sierra Negra Volcano (TIR Flight 1): Gal<U+00E1>pagos, Ecuador, October 22 2018","Not reviewed","external","Community Dataspace deposit; no hosted TileIndex adapter. Review acquisition type and files at the source.",,,"https://doi.org/10.5069/G9668BBH","https://doi.org/10.5069/G9668BBH","","","","","","","","2026-09-20","",""
"OTDS.092020.32715.1","Sierra Negra Volcano (Visual): Gal<U+00E1>pagos, Ecuador, October 22 2018","Not reviewed","external","Community Dataspace deposit; no hosted TileIndex adapter. Review acquisition type and files at the source.",,,"https://doi.org/10.5069/G99Z932X","https://doi.org/10.5069/G99Z932X","","","","","","","","2026-09-20","",""
"OTDS.092020.32715.1","Sierra Negra Volcano (Visual): Gal<U+00E1>pagos, Ecuador, October 22 2018","Not reviewed","external","Community Dataspace deposit; no hosted TileIndex adapter. Review acquisition type and files at the source.",,,"https://doi.org/10.5069/G99Z932X","https://doi.org/10.5069/G99Z932X","","","","","","","","2026-09-20","",""
"OTDS.082020.26912.1","2015 Parkway Drive Landslide, North Salt Lake, Utah","Not reviewed","external","Community Dataspace deposit; no hosted TileIndex adapter. Review acquisition type and files at the source.",,,"https://doi.org/10.5069/G9R78CCP","https://doi.org/10.5069/G9R78CCP","","","","","","","","2026-09-20","",""
"OTDS.082020.26912.1","2015 Parkway Drive Landslide, North Salt Lake, Utah","Not reviewed","external","Community Dataspace deposit; no hosted TileIndex adapter. Review acquisition type and files at the source.",,,"https://doi.org/10.5069/G9R78CCP","https://doi.org/10.5069/G9R78CCP","","","","","","","","2026-09-20","",""
"OTDS.072020.26911.2","Bedrock cliffs in the San Gabriel and San Jacinto Mountains, California","Not reviewed","external","Community Dataspace deposit; no hosted TileIndex adapter. Review acquisition type and files at the source.",,,"https://doi.org/10.5069/G96H4FKG","https://doi.org/10.5069/G96H4FKG","","","","","","","","2026-09-20","",""
"OTDS.072020.26911.2","Bedrock cliffs in the San Gabriel and San Jacinto Mountains, California","Not reviewed","external","Community Dataspace deposit; no hosted TileIndex adapter. Review acquisition type and files at the source.",,,"https://doi.org/10.5069/G96H4FKG","https://doi.org/10.5069/G96H4FKG","","","","","","","","2026-09-20","",""
"OTDS.062020.32611.1","Quaternary Surface Ruptures along Panamint Valley Fault, CA, April-May 2018","Not reviewed","external","Community Dataspace deposit; no hosted TileIndex adapter. Review acquisition type and files at the source.",,,"https://doi.org/10.5069/G92Z13PS","https://doi.org/10.5069/G92Z13PS","","","","","","","","2026-09-20","",""
"OTDS.062020.32611.1","Quaternary Surface Ruptures along Panamint Valley Fault, CA, April-May 2018","Not reviewed","external","Community Dataspace deposit; no hosted TileIndex adapter. Review acquisition type and files at the source.",,,"https://doi.org/10.5069/G92Z13PS","https://doi.org/10.5069/G92Z13PS","","","","","","","","2026-09-20","",""
"OTDS.062020.32645.1","The topography data of Kumysh Fault, eastern Tian Shan, China 2014","Not reviewed","external","Community Dataspace deposit; no hosted TileIndex adapter. Review acquisition type and files at the source.",,,"https://doi.org/10.5069/G97P8WJZ","https://doi.org/10.5069/G97P8WJZ","","","","","","","","2026-09-20","",""
"OTDS.062020.32616.1","Survey of Warnimont Bluff, Wisconsin, February 2020","Not reviewed","external","Community Dataspace deposit; no hosted TileIndex adapter. Review acquisition type and files at the source.",,,"https://doi.org/10.5069/G9CC0XVH","https://doi.org/10.5069/G9CC0XVH","","","","","","","","2026-09-20","",""
"OTDS.062020.32616.1","Survey of Warnimont Bluff, Wisconsin, February 2020","Not reviewed","external","Community Dataspace deposit; no hosted TileIndex adapter. Review acquisition type and files at the source.",,,"https://doi.org/10.5069/G9CC0XVH","https://doi.org/10.5069/G9CC0XVH","","","","","","","","2026-09-20","",""
"OTDS.052020.32632.1","Survey of the fluxsite in Muntetschinig, South Tyrol (IT), September 2015","Not reviewed","external","Community Dataspace deposit; no hosted TileIndex adapter. Review acquisition type and files at the source.",,,"https://doi.org/10.5069/G9TQ5ZP2","https://doi.org/10.5069/G9TQ5ZP2","","","","","","","","2026-09-20","",""
"OTDS.052020.32632.1","Survey of the fluxsite in Muntetschinig, South Tyrol (IT), September 2015","Not reviewed","external","Community Dataspace deposit; no hosted TileIndex adapter. Review acquisition type and files at the source.",,,"https://doi.org/10.5069/G9TQ5ZP2","https://doi.org/10.5069/G9TQ5ZP2","","","","","","","","2026-09-20","",""
"OTDS.042020.32611.1","Painted Canyon, Southern San Andreas Fault","Not reviewed","external","Community Dataspace deposit; no hosted TileIndex adapter. Review acquisition type and files at the source.",,,"https://doi.org/10.5069/G90G3H94","https://doi.org/10.5069/G90G3H94","","","","","","","","2026-09-20","",""
"OTDS.042020.4326.1","2019 Ridgecrest, CA M6.4 Earthquake structure from motion data (off base)","Not reviewed","external","Community Dataspace deposit; no hosted TileIndex adapter. Review acquisition type and files at the source.",,,"https://doi.org/10.5069/G9KD1W2C","https://doi.org/10.5069/G9KD1W2C","","","","","","","","2026-09-20","",""
"OTDS.042020.32632.1","IT-Ren, Fluxnet site","Not reviewed","external","Community Dataspace deposit; no hosted TileIndex adapter. Review acquisition type and files at the source.",,,"https://doi.org/10.5069/G9Q52MSP","https://doi.org/10.5069/G9Q52MSP","","","","","","","","2026-09-20","",""
"OTDS.042020.32632.1","IT-Ren, Fluxnet site","Not reviewed","external","Community Dataspace deposit; no hosted TileIndex adapter. Review acquisition type and files at the source.",,,"https://doi.org/10.5069/G9Q52MSP","https://doi.org/10.5069/G9Q52MSP","","","","","","","","2026-09-20","",""
"OTDS.022020.4326.1","2019 Ridgecrest, CA M7.1 Earthquake structure from motion data (off base)","Not reviewed","external","Community Dataspace deposit; no hosted TileIndex adapter. Review acquisition type and files at the source.",,,"https://doi.org/10.5069/G9930RBB","https://doi.org/10.5069/G9930RBB","","","","","","","","2026-09-20","",""
"OTDS.022020.32616.5","Survey of Ozaukee South Beach Bluff, Wisconsin, July 2019","Not reviewed","external","Community Dataspace deposit; no hosted TileIndex adapter. Review acquisition type and files at the source.",,,"https://doi.org/10.5069/G93J3B4F","https://doi.org/10.5069/G93J3B4F","","","","","","","","2026-09-20","",""
"OTDS.022020.32616.5","Survey of Ozaukee South Beach Bluff, Wisconsin, July 2019","Not reviewed","external","Community Dataspace deposit; no hosted TileIndex adapter. Review acquisition type and files at the source.",,,"https://doi.org/10.5069/G93J3B4F","https://doi.org/10.5069/G93J3B4F","","","","","","","","2026-09-20","",""
"OTDS.022020.32616.4","Survey of Warnimont Bluff, Wisconsin, June 2019","Not reviewed","external","Community Dataspace deposit; no hosted TileIndex adapter. Review acquisition type and files at the source.",,,"https://doi.org/10.5069/G97942VR","https://doi.org/10.5069/G97942VR","","","","","","","","2026-09-20","",""
"OTDS.022020.32616.4","Survey of Warnimont Bluff, Wisconsin, June 2019","Not reviewed","external","Community Dataspace deposit; no hosted TileIndex adapter. Review acquisition type and files at the source.",,,"https://doi.org/10.5069/G97942VR","https://doi.org/10.5069/G97942VR","","","","","","","","2026-09-20","",""
"OTDS.022020.32616.3","Survey of Warnimont Bluff, Wisconsin, December 2018","Not reviewed","external","Community Dataspace deposit; no hosted TileIndex adapter. Review acquisition type and files at the source.",,,"https://doi.org/10.5069/G9C24TK3","https://doi.org/10.5069/G9C24TK3","","","","","","","","2026-09-20","",""
"OTDS.022020.32616.3","Survey of Warnimont Bluff, Wisconsin, December 2018","Not reviewed","external","Community Dataspace deposit; no hosted TileIndex adapter. Review acquisition type and files at the source.",,,"https://doi.org/10.5069/G9C24TK3","https://doi.org/10.5069/G9C24TK3","","","","","","","","2026-09-20","",""
"OTDS.022020.21781.1","Rockwalls, Lauterbrunnen Valley, Bernese Oberland, Switzerland, April 2012","Not reviewed","external","Community Dataspace deposit; no hosted TileIndex adapter. Review acquisition type and files at the source.",,,"https://doi.org/10.5069/G9GQ6VX7","https://doi.org/10.5069/G9GQ6VX7","","","","","","","","2026-09-20","",""
"OTDS.022020.32616.2","Survey of Warnimont Bluff, Wisconsin, November 2019","Not reviewed","external","Community Dataspace deposit; no hosted TileIndex adapter. Review acquisition type and files at the source.",,,"https://doi.org/10.5069/G9MG7MNZ","https://doi.org/10.5069/G9MG7MNZ","","","","","","","","2026-09-20","",""
"OTDS.022020.32616.2","Survey of Warnimont Bluff, Wisconsin, November 2019","Not reviewed","external","Community Dataspace deposit; no hosted TileIndex adapter. Review acquisition type and files at the source.",,,"https://doi.org/10.5069/G9MG7MNZ","https://doi.org/10.5069/G9MG7MNZ","","","","","","","","2026-09-20","",""
"OTDS.022020.32616.1","Survey of Warnimont Bluff, Wisconsin, December 2019","Not reviewed","external","Community Dataspace deposit; no hosted TileIndex adapter. Review acquisition type and files at the source.",,,"https://doi.org/10.5069/G9R78CB7","https://doi.org/10.5069/G9R78CB7","","","","","","","","2026-09-20","",""
"OTDS.022020.32616.1","Survey of Warnimont Bluff, Wisconsin, December 2019","Not reviewed","external","Community Dataspace deposit; no hosted TileIndex adapter. Review acquisition type and files at the source.",,,"https://doi.org/10.5069/G9R78CB7","https://doi.org/10.5069/G9R78CB7","","","","","","","","2026-09-20","",""
"OTDS.012020.26916.1","East Fork White River Chute Cutoff with UAS (ESPL), Indiana, 2018","Not reviewed","external","Community Dataspace deposit; no hosted TileIndex adapter. Review acquisition type and files at the source.",,,"https://doi.org/10.5069/G95H7DDN","https://doi.org/10.5069/G95H7DDN","","","","","","","","2026-09-20","",""
"OTDS.012020.26916.1","East Fork White River Chute Cutoff with UAS (ESPL), Indiana, 2018","Not reviewed","external","Community Dataspace deposit; no hosted TileIndex adapter. Review acquisition type and files at the source.",,,"https://doi.org/10.5069/G95H7DDN","https://doi.org/10.5069/G95H7DDN","","","","","","","","2026-09-20","",""
"OTDS.122019.4326.8","2019 ZigZag Landslide Reconnaissance, Morgan County, Utah","Not reviewed","external","Community Dataspace deposit; no hosted TileIndex adapter. Review acquisition type and files at the source.",,,"https://doi.org/10.5069/G96D5R4Q","https://doi.org/10.5069/G96D5R4Q","","","","","","","","2026-09-20","",""
"OTDS.122019.4326.8","2019 ZigZag Landslide Reconnaissance, Morgan County, Utah","Not reviewed","external","Community Dataspace deposit; no hosted TileIndex adapter. Review acquisition type and files at the source.",,,"https://doi.org/10.5069/G96D5R4Q","https://doi.org/10.5069/G96D5R4Q","","","","","","","","2026-09-20","",""
"OTDS.122019.4326.7","2019 Waste Dump Landslide Reconnaissance, Morgan County, Utah","Not reviewed","external","Community Dataspace deposit; no hosted TileIndex adapter. Review acquisition type and files at the source.",,,"https://doi.org/10.5069/G9B56GV1","https://doi.org/10.5069/G9B56GV1","","","","","","","","2026-09-20","",""
"OTDS.122019.4326.7","2019 Waste Dump Landslide Reconnaissance, Morgan County, Utah","Not reviewed","external","Community Dataspace deposit; no hosted TileIndex adapter. Review acquisition type and files at the source.",,,"https://doi.org/10.5069/G9B56GV1","https://doi.org/10.5069/G9B56GV1","","","","","","","","2026-09-20","",""
"OTDS.122019.4326.6","2019 Little Cottonwood Canyon, Tanners Gulch Debris Flow Recon, Utah","Not reviewed","external","Community Dataspace deposit; no hosted TileIndex adapter. Review acquisition type and files at the source.",,,"https://doi.org/10.5069/G9FX77KF","https://doi.org/10.5069/G9FX77KF","","","","","","","","2026-09-20","",""
"OTDS.122019.4326.6","2019 Little Cottonwood Canyon, Tanners Gulch Debris Flow Recon, Utah","Not reviewed","external","Community Dataspace deposit; no hosted TileIndex adapter. Review acquisition type and files at the source.",,,"https://doi.org/10.5069/G9FX77KF","https://doi.org/10.5069/G9FX77KF","","","","","","","","2026-09-20","",""
"OTDS.112019.32631.1","Photogrammetric point cloud of La Rouviere fault, France","Not reviewed","external","Community Dataspace deposit; no hosted TileIndex adapter. Review acquisition type and files at the source.",,,"https://doi.org/10.5069/G9BC3WQ4","https://doi.org/10.5069/G9BC3WQ4","","","","","","","","2026-09-20","",""
"OTDS.112019.32616.1","Survey of Ozaukee South Beach Bluff, Wisconsin, May 2018","Not reviewed","external","Community Dataspace deposit; no hosted TileIndex adapter. Review acquisition type and files at the source.",,,"https://doi.org/10.5069/G97M0634","https://doi.org/10.5069/G97M0634","","","","","","","","2026-09-20","",""
"OTDS.112019.32616.1","Survey of Ozaukee South Beach Bluff, Wisconsin, May 2018","Not reviewed","external","Community Dataspace deposit; no hosted TileIndex adapter. Review acquisition type and files at the source.",,,"https://doi.org/10.5069/G97M0634","https://doi.org/10.5069/G97M0634","","","","","","","","2026-09-20","",""
"OTDS.102019.32616.1","Survey of Kewaunee (Site1) Bluff, Wisconsin, July 2018","Not reviewed","external","Community Dataspace deposit; no hosted TileIndex adapter. Review acquisition type and files at the source.",,,"https://doi.org/10.5069/G96Q1VCP","https://doi.org/10.5069/G96Q1VCP","","","","","","","","2026-09-20","",""
"OTDS.102019.32616.1","Survey of Kewaunee (Site1) Bluff, Wisconsin, July 2018","Not reviewed","external","Community Dataspace deposit; no hosted TileIndex adapter. Review acquisition type and files at the source.",,,"https://doi.org/10.5069/G96Q1VCP","https://doi.org/10.5069/G96Q1VCP","","","","","","","","2026-09-20","",""
"OTDS.102019.32722.1","Garopaba Dune Field, Santa Catarina State, Brazil. TLS point cloud","Not reviewed","external","Community Dataspace deposit; no hosted TileIndex adapter. Review acquisition type and files at the source.",,,"https://doi.org/10.5069/G9CN7228","https://doi.org/10.5069/G9CN7228","","","","","","","","2026-09-20","",""
"OTDS.092019.32616.1","Survey of Sheboygan Bluff, Wisconsin, May 2019","Not reviewed","external","Community Dataspace deposit; no hosted TileIndex adapter. Review acquisition type and files at the source.",,,"https://doi.org/10.5069/G9DJ5CSX","https://doi.org/10.5069/G9DJ5CSX","","","","","","","","2026-09-20","",""
"OTDS.092019.32616.1","Survey of Sheboygan Bluff, Wisconsin, May 2019","Not reviewed","external","Community Dataspace deposit; no hosted TileIndex adapter. Review acquisition type and files at the source.",,,"https://doi.org/10.5069/G9DJ5CSX","https://doi.org/10.5069/G9DJ5CSX","","","","","","","","2026-09-20","",""
"OTDS.092019.4326.2","2018 ZigZag Landslide Reconnaissance, Morgan County, Utah","Not reviewed","external","Community Dataspace deposit; no hosted TileIndex adapter. Review acquisition type and files at the source.",,,"https://doi.org/10.5069/G9J964HN","https://doi.org/10.5069/G9J964HN","","","","","","","","2026-09-20","",""
"OTDS.092019.4326.2","2018 ZigZag Landslide Reconnaissance, Morgan County, Utah","Not reviewed","external","Community Dataspace deposit; no hosted TileIndex adapter. Review acquisition type and files at the source.",,,"https://doi.org/10.5069/G9J964HN","https://doi.org/10.5069/G9J964HN","","","","","","","","2026-09-20","",""
"OTDS.092019.4326.1","2018 Waste Dump Landslide Reconnaissance, Morgan County, Utah","Not reviewed","external","Community Dataspace deposit; no hosted TileIndex adapter. Review acquisition type and files at the source.",,,"https://doi.org/10.5069/G9P26W70","https://doi.org/10.5069/G9P26W70","","","","","","","","2026-09-20","",""
"OTDS.092019.4326.1","2018 Waste Dump Landslide Reconnaissance, Morgan County, Utah","Not reviewed","external","Community Dataspace deposit; no hosted TileIndex adapter. Review acquisition type and files at the source.",,,"https://doi.org/10.5069/G9P26W70","https://doi.org/10.5069/G9P26W70","","","","","","","","2026-09-20","",""
"OTDS.082019.32616.2","Survey of Sheboygan Bluff, Wisconsin, May 2018","Not reviewed","external","Community Dataspace deposit; no hosted TileIndex adapter. Review acquisition type and files at the source.",,,"https://doi.org/10.5069/G9DR2SMK","https://doi.org/10.5069/G9DR2SMK","","","","","","","","2026-09-20","",""
"OTDS.082019.32616.2","Survey of Sheboygan Bluff, Wisconsin, May 2018","Not reviewed","external","Community Dataspace deposit; no hosted TileIndex adapter. Review acquisition type and files at the source.",,,"https://doi.org/10.5069/G9DR2SMK","https://doi.org/10.5069/G9DR2SMK","","","","","","","","2026-09-20","",""
"OTDS.082019.32616.1","Survey of Sheboygan Bluff, Wisconsin, Sept 2018","Not reviewed","external","Community Dataspace deposit; no hosted TileIndex adapter. Review acquisition type and files at the source.",,,"https://doi.org/10.5069/G9JH3JB9","https://doi.org/10.5069/G9JH3JB9","","","","","","","","2026-09-20","",""
"OTDS.082019.32616.1","Survey of Sheboygan Bluff, Wisconsin, Sept 2018","Not reviewed","external","Community Dataspace deposit; no hosted TileIndex adapter. Review acquisition type and files at the source.",,,"https://doi.org/10.5069/G9JH3JB9","https://doi.org/10.5069/G9JH3JB9","","","","","","","","2026-09-20","",""
"OTDS.082019.32749.1","LUSI Mud Volcano: East Java Indonesia, July 1, 2018","Not reviewed","external","Community Dataspace deposit; no hosted TileIndex adapter. Review acquisition type and files at the source.",,,"https://doi.org/10.5069/G9Q81B6D","https://doi.org/10.5069/G9Q81B6D","","","","","","","","2026-09-20","",""
"OTDS.082019.32749.1","LUSI Mud Volcano: East Java Indonesia, July 1, 2018","Not reviewed","external","Community Dataspace deposit; no hosted TileIndex adapter. Review acquisition type and files at the source.",,,"https://doi.org/10.5069/G9Q81B6D","https://doi.org/10.5069/G9Q81B6D","","","","","","","","2026-09-20","",""
"OTDS.082019.32633.2","Stromboli Volcano (Vent area only): Italy, September 12, 2018 ","Not reviewed","external","Community Dataspace deposit; no hosted TileIndex adapter. Review acquisition type and files at the source.",,,"https://doi.org/10.5069/G9R49NXH","https://doi.org/10.5069/G9R49NXH","","","","","","","","2026-09-20","",""
"OTDS.082019.32633.2","Stromboli Volcano (Vent area only): Italy, September 12, 2018 ","Not reviewed","external","Community Dataspace deposit; no hosted TileIndex adapter. Review acquisition type and files at the source.",,,"https://doi.org/10.5069/G9R49NXH","https://doi.org/10.5069/G9R49NXH","","","","","","","","2026-09-20","",""
"OTDS.082019.32633.1","Stromboli Volcano (Vents & Sciara del Fuoco): Italy, September 10, 2018 ","Not reviewed","external","Community Dataspace deposit; no hosted TileIndex adapter. Review acquisition type and files at the source.",,,"https://doi.org/10.5069/G9VX0DNG","https://doi.org/10.5069/G9VX0DNG","","","","","","","","2026-09-20","",""
"OTDS.082019.32633.1","Stromboli Volcano (Vents & Sciara del Fuoco): Italy, September 10, 2018 ","Not reviewed","external","Community Dataspace deposit; no hosted TileIndex adapter. Review acquisition type and files at the source.",,,"https://doi.org/10.5069/G9VX0DNG","https://doi.org/10.5069/G9VX0DNG","","","","","","","","2026-09-20","",""
"OTDS.082019.32723.2","Lagoinha Landslide, S<U+00E3>o Paulo State, Brazil. TLS point cloud","Not reviewed","external","Community Dataspace deposit; no hosted TileIndex adapter. Review acquisition type and files at the source.",,,"https://doi.org/10.5069/G90P0X57","https://doi.org/10.5069/G90P0X57","","","","","","","","2026-09-20","",""
"OTDS.082019.32723.1","Lagoinha Landslide, S<U+00E3>o Paulo State, Brazil. SfM-MVS point cloud","Not reviewed","external","Community Dataspace deposit; no hosted TileIndex adapter. Review acquisition type and files at the source.",,,"https://doi.org/10.5069/G94F1NWJ","https://doi.org/10.5069/G94F1NWJ","","","","","","","","2026-09-20","",""
"OTDS.062019.32633.2","Mt Vettore Fault, San Lorenzo Site, Matthew Trench","Not reviewed","external","Community Dataspace deposit; no hosted TileIndex adapter. Review acquisition type and files at the source.",,,"https://doi.org/10.5069/G9G15Z03","https://doi.org/10.5069/G9G15Z03","","","","","","","","2026-09-20","",""
"OTDS.062019.32633.1","Mt Vettore Fault, Forca di Presta Site, Hope Trench","Not reviewed","external","Community Dataspace deposit; no hosted TileIndex adapter. Review acquisition type and files at the source.",,,"https://doi.org/10.5069/G9KS6PQ3","https://doi.org/10.5069/G9KS6PQ3","","","","","","","","2026-09-20","",""
"OTDS.062019.32633.3","Mt Vettore Fault, San Lorenzo Site, Curly Trench","Not reviewed","external","Community Dataspace deposit; no hosted TileIndex adapter. Review acquisition type and files at the source.",,,"https://doi.org/10.5069/G9B8568R","https://doi.org/10.5069/G9B8568R","","","","","","","","2026-09-20","",""
"OTDS.072019.32722.1","Garopaba Dune Field, Santa Catarina State, Brazil. SfM-MVS point cloud","Not reviewed","external","Community Dataspace deposit; no hosted TileIndex adapter. Review acquisition type and files at the source.",,,"https://doi.org/10.5069/G9DV1H19","https://doi.org/10.5069/G9DV1H19","","","","","","","","2026-09-20","",""
"OTDS.072019.32722.1","Garopaba Dune Field, Santa Catarina State, Brazil. SfM-MVS point cloud","Not reviewed","external","Community Dataspace deposit; no hosted TileIndex adapter. Review acquisition type and files at the source.",,,"https://doi.org/10.5069/G9DV1H19","https://doi.org/10.5069/G9DV1H19","","","","","","","","2026-09-20","",""
"OTDS.062019.32736.2","Bilila-Mtakataka Fault - Mua Segment","Not reviewed","external","Community Dataspace deposit; no hosted TileIndex adapter. Review acquisition type and files at the source.",,,"https://doi.org/10.5069/G92R3PSV","https://doi.org/10.5069/G92R3PSV","","","","","","","","2026-09-20","",""
"OTDS.062019.32736.1","Bilila-Mtakataka Fault - Kasinge Segment","Not reviewed","external","Community Dataspace deposit; no hosted TileIndex adapter. Review acquisition type and files at the source.",,,"https://doi.org/10.5069/G96H4FJ1","https://doi.org/10.5069/G96H4FJ1","","","","","","","","2026-09-20","",""
"OTDS.052019.32616.1","Sheboygan WI Bluff Survey: December 2018","Not reviewed","external","Community Dataspace deposit; no hosted TileIndex adapter. Review acquisition type and files at the source.",,,"https://doi.org/10.5069/G9RN360X","https://doi.org/10.5069/G9RN360X","","","","","","","","2026-09-20","",""
"OTDS.052019.32616.1","Sheboygan WI Bluff Survey: December 2018","Not reviewed","external","Community Dataspace deposit; no hosted TileIndex adapter. Review acquisition type and files at the source.",,,"https://doi.org/10.5069/G9RN360X","https://doi.org/10.5069/G9RN360X","","","","","","","","2026-09-20","",""
"OTDS.042019.32647.4","Sinabung Volcano Model 4: Indonesia, September 2014","Not reviewed","external","Community Dataspace deposit; no hosted TileIndex adapter. Review acquisition type and files at the source.",,,"https://doi.org/10.5069/G97S7KWC","https://doi.org/10.5069/G97S7KWC","","","","","","","","2026-09-20","",""
"OTDS.042019.32647.4","Sinabung Volcano Model 4: Indonesia, September 2014","Not reviewed","external","Community Dataspace deposit; no hosted TileIndex adapter. Review acquisition type and files at the source.",,,"https://doi.org/10.5069/G97S7KWC","https://doi.org/10.5069/G97S7KWC","","","","","","","","2026-09-20","",""
"OTDS.042019.32647.3","Sinabung Volcano Model 3: Indonesia, September 2014","Not reviewed","external","Community Dataspace deposit; no hosted TileIndex adapter. Review acquisition type and files at the source.",,,"https://doi.org/10.5069/G9CJ8BM3","https://doi.org/10.5069/G9CJ8BM3","","","","","","","","2026-09-20","",""
"OTDS.042019.32647.3","Sinabung Volcano Model 3: Indonesia, September 2014","Not reviewed","external","Community Dataspace deposit; no hosted TileIndex adapter. Review acquisition type and files at the source.",,,"https://doi.org/10.5069/G9CJ8BM3","https://doi.org/10.5069/G9CJ8BM3","","","","","","","","2026-09-20","",""
"OTDS.042019.32647.2","Sinabung Volcano Model 2: Indonesia, September 2014 ","Not reviewed","external","Community Dataspace deposit; no hosted TileIndex adapter. Review acquisition type and files at the source.",,,"https://doi.org/10.5069/G9H993BT","https://doi.org/10.5069/G9H993BT","","","","","","","","2026-09-20","",""
"OTDS.042019.32647.2","Sinabung Volcano Model 2: Indonesia, September 2014 ","Not reviewed","external","Community Dataspace deposit; no hosted TileIndex adapter. Review acquisition type and files at the source.",,,"https://doi.org/10.5069/G9H993BT","https://doi.org/10.5069/G9H993BT","","","","","","","","2026-09-20","",""
"OTDS.042019.32647.1","Sinabung Volcano Model 1: Indonesia, September 2014","Not reviewed","external","Community Dataspace deposit; no hosted TileIndex adapter. Review acquisition type and files at the source.",,,"https://doi.org/10.5069/G9N29V25","https://doi.org/10.5069/G9N29V25","","","","","","","","2026-09-20","",""
"OTDS.042019.32647.1","Sinabung Volcano Model 1: Indonesia, September 2014","Not reviewed","external","Community Dataspace deposit; no hosted TileIndex adapter. Review acquisition type and files at the source.",,,"https://doi.org/10.5069/G9N29V25","https://doi.org/10.5069/G9N29V25","","","","","","","","2026-09-20","",""
"OTDS.032019.4326.4","Almaty range front fault, Koram site, Kazakhstan","Not reviewed","external","Community Dataspace deposit; no hosted TileIndex adapter. Review acquisition type and files at the source.",,,"https://doi.org/10.5069/G9SX6BB8","https://doi.org/10.5069/G9SX6BB8","","","","","","","","2026-09-20","",""
"OTDS.032019.4326.4","Almaty range front fault, Koram site, Kazakhstan","Not reviewed","external","Community Dataspace deposit; no hosted TileIndex adapter. Review acquisition type and files at the source.",,,"https://doi.org/10.5069/G9SX6BB8","https://doi.org/10.5069/G9SX6BB8","","","","","","","","2026-09-20","",""
"OTDS.032019.4326.3","Almaty range front fault, Rahat site, Kazakhstan","Not reviewed","external","Community Dataspace deposit; no hosted TileIndex adapter. Review acquisition type and files at the source.",,,"https://doi.org/10.5069/G9TX3CGN","https://doi.org/10.5069/G9TX3CGN","","","","","","","","2026-09-20","",""
"OTDS.032019.4326.3","Almaty range front fault, Rahat site, Kazakhstan","Not reviewed","external","Community Dataspace deposit; no hosted TileIndex adapter. Review acquisition type and files at the source.",,,"https://doi.org/10.5069/G9TX3CGN","https://doi.org/10.5069/G9TX3CGN","","","","","","","","2026-09-20","",""
"OTDS.032019.4326.2","Almaty range front fault, Akterek site 1, Kazakhstan","Not reviewed","external","Community Dataspace deposit; no hosted TileIndex adapter. Review acquisition type and files at the source.",,,"https://doi.org/10.5069/G9ZK5DSN","https://doi.org/10.5069/G9ZK5DSN","","","","","","","","2026-09-20","",""
"OTDS.032019.4326.2","Almaty range front fault, Akterek site 1, Kazakhstan","Not reviewed","external","Community Dataspace deposit; no hosted TileIndex adapter. Review acquisition type and files at the source.",,,"https://doi.org/10.5069/G9ZK5DSN","https://doi.org/10.5069/G9ZK5DSN","","","","","","","","2026-09-20","",""
"OTDS.032019.4326.1","Almaty range front fault, Akterek site 2, Kazakhstan","Not reviewed","external","Community Dataspace deposit; no hosted TileIndex adapter. Review acquisition type and files at the source.",,,"https://doi.org/10.5069/G93B5X7H","https://doi.org/10.5069/G93B5X7H","","","","","","","","2026-09-20","",""
"OTDS.032019.4326.1","Almaty range front fault, Akterek site 2, Kazakhstan","Not reviewed","external","Community Dataspace deposit; no hosted TileIndex adapter. Review acquisition type and files at the source.",,,"https://doi.org/10.5069/G93B5X7H","https://doi.org/10.5069/G93B5X7H","","","","","","","","2026-09-20","",""
"OTDS.012019.32633.1","2016 Norcia Earthquake (Italy), Mt Bove Fault - Pre-earthquake","Not reviewed","external","Community Dataspace deposit; no hosted TileIndex adapter. Review acquisition type and files at the source.",,,"https://doi.org/10.5069/G9JQ0Z4H","https://doi.org/10.5069/G9JQ0Z4H","","","","","","","","2026-09-20","",""
"OTDS.022019.32633.1","2016 Norcia Earthquake (Italy), Mt Bove Fault - Post-earthquake","Not reviewed","external","Community Dataspace deposit; no hosted TileIndex adapter. Review acquisition type and files at the source.",,,"https://doi.org/10.5069/G9CV4FV2","https://doi.org/10.5069/G9CV4FV2","","","","","","","","2026-09-20","",""
"OTDS.022019.32616.2","Caracol/Chiquibul Belize Lidar","Not reviewed","external","Community Dataspace deposit; no hosted TileIndex adapter. Review acquisition type and files at the source.",,,"https://doi.org/10.5069/G9833Q42","https://doi.org/10.5069/G9833Q42","","","","","","","","2026-09-20","",""
"OTDS.022019.32616.1","TEAM lidar data over La Selva, Costa Rica 2009","Not reviewed","external","Community Dataspace deposit; no hosted TileIndex adapter. Review acquisition type and files at the source.",,,"https://doi.org/10.5069/G9P8491K","https://doi.org/10.5069/G9P8491K","","","","","","","","2026-09-20","",""
"OTDS.022019.32616.1","TEAM lidar data over La Selva, Costa Rica 2009","Not reviewed","external","Community Dataspace deposit; no hosted TileIndex adapter. Review acquisition type and files at the source.",,,"https://doi.org/10.5069/G9P8491K","https://doi.org/10.5069/G9P8491K","","","","","","","","2026-09-20","",""
"OTDS.022019.4326.2","Pleasant Valley Fault Scarp, Tobin Range, Nevada","Not reviewed","external","Community Dataspace deposit; no hosted TileIndex adapter. Review acquisition type and files at the source.",,,"https://doi.org/10.5069/G9ZS2TM9","https://doi.org/10.5069/G9ZS2TM9","","","","","","","","2026-09-20","",""
"OTDS.022019.4326.1","Mirror Fault, Dixie Valley, Nevada","Not reviewed","external","Community Dataspace deposit; no hosted TileIndex adapter. Review acquisition type and files at the source.",,,"https://doi.org/10.5069/G9GQ6VVB","https://doi.org/10.5069/G9GQ6VVB","","","","","","","","2026-09-20","",""
"OTDS.022019.32637.4","Digital Elevation Model of Urji (west side of Corbetti volcano), Ethiopia","Not reviewed","external","Community Dataspace deposit; no hosted TileIndex adapter. Review acquisition type and files at the source.",,,"https://doi.org/10.5069/G9W0941H","https://doi.org/10.5069/G9W0941H","","","","","","","","2026-09-20","",""
"OTDS.022019.32637.4","Digital Elevation Model of Urji (west side of Corbetti volcano), Ethiopia","Not reviewed","external","Community Dataspace deposit; no hosted TileIndex adapter. Review acquisition type and files at the source.",,,"https://doi.org/10.5069/G9W0941H","https://doi.org/10.5069/G9W0941H","","","","","","","","2026-09-20","",""
"OTDS.022019.32637.2","Digital Elevation Model of Gedemsa volcano, Ethiopia","Not reviewed","external","Community Dataspace deposit; no hosted TileIndex adapter. Review acquisition type and files at the source.",,,"https://doi.org/10.5069/G94J0C6X","https://doi.org/10.5069/G94J0C6X","","","","","","","","2026-09-20","",""
"OTDS.022019.32637.2","Digital Elevation Model of Gedemsa volcano, Ethiopia","Not reviewed","external","Community Dataspace deposit; no hosted TileIndex adapter. Review acquisition type and files at the source.",,,"https://doi.org/10.5069/G94J0C6X","https://doi.org/10.5069/G94J0C6X","","","","","","","","2026-09-20","",""
"OTDS.022019.32637.1","Digital Elevation Model of Fentale volcano, Ethiopia","Not reviewed","external","Community Dataspace deposit; no hosted TileIndex adapter. Review acquisition type and files at the source.",,,"https://doi.org/10.5069/G9862DKT","https://doi.org/10.5069/G9862DKT","","","","","","","","2026-09-20","",""
"OTDS.022019.32637.1","Digital Elevation Model of Fentale volcano, Ethiopia","Not reviewed","external","Community Dataspace deposit; no hosted TileIndex adapter. Review acquisition type and files at the source.",,,"https://doi.org/10.5069/G9862DKT","https://doi.org/10.5069/G9862DKT","","","","","","","","2026-09-20","",""
"OTDS.012019.32611.1","Clear Creek, Idaho post-fire debris flow erosion","Not reviewed","external","Community Dataspace deposit; no hosted TileIndex adapter. Review acquisition type and files at the source.",,,"https://doi.org/10.5069/G9V69GPX","https://doi.org/10.5069/G9V69GPX","","","","","","","","2026-09-20","",""
"OTDS.012019.32611.1","Clear Creek, Idaho post-fire debris flow erosion","Not reviewed","external","Community Dataspace deposit; no hosted TileIndex adapter. Review acquisition type and files at the source.",,,"https://doi.org/10.5069/G9V69GPX","https://doi.org/10.5069/G9V69GPX","","","","","","","","2026-09-20","",""
"OTDS.112018.32635.1","2012 Santorini, Greece LiDAR dataset EU-12-12-137","Not reviewed","external","Community Dataspace deposit; no hosted TileIndex adapter. Review acquisition type and files at the source.",,,"https://doi.org/10.6084/m9.figshare.1138718.v2","https://doi.org/10.6084/m9.figshare.1138718.v2","","","","","","","","2026-09-20","",""
"OTDS.102018.32633.1","2018 Faraglione, Vulcano Island, Sicily, Italy (simple demo)","Not reviewed","external","Community Dataspace deposit; no hosted TileIndex adapter. Review acquisition type and files at the source.",,,"https://doi.org/10.5069/G9WD3XPD","https://doi.org/10.5069/G9WD3XPD","","","","","","","","2026-09-20","",""
"OTDS.102018.32633.1","2018 Faraglione, Vulcano Island, Sicily, Italy (simple demo)","Not reviewed","external","Community Dataspace deposit; no hosted TileIndex adapter. Review acquisition type and files at the source.",,,"https://doi.org/10.5069/G9WD3XPD","https://doi.org/10.5069/G9WD3XPD","","","","","","","","2026-09-20","",""
"OTDS.102018.32637.1","Photogrammetric model of a portion of the Lee Adoyta Basin, Afar, Ethiopia","Not reviewed","external","Community Dataspace deposit; no hosted TileIndex adapter. Review acquisition type and files at the source.",,,"https://doi.org/10.5069/G95X271W","https://doi.org/10.5069/G95X271W","","","","","","","","2026-09-20","",""
"OTDS.102018.32637.1","Photogrammetric model of a portion of the Lee Adoyta Basin, Afar, Ethiopia","Not reviewed","external","Community Dataspace deposit; no hosted TileIndex adapter. Review acquisition type and files at the source.",,,"https://doi.org/10.5069/G95X271W","https://doi.org/10.5069/G95X271W","","","","","","","","2026-09-20","",""
"OTDS.102018.32611.1","Washington Street site, Banning strand, southern San Andreas Fault, CA","Not reviewed","external","Community Dataspace deposit; no hosted TileIndex adapter. Review acquisition type and files at the source.",,,"https://doi.org/10.5069/G9GF0RKG","https://doi.org/10.5069/G9GF0RKG","","","","","","","","2026-09-20","",""
"OTDS.102018.32611.1","Washington Street site, Banning strand, southern San Andreas Fault, CA","Not reviewed","external","Community Dataspace deposit; no hosted TileIndex adapter. Review acquisition type and files at the source.",,,"https://doi.org/10.5069/G9GF0RKG","https://doi.org/10.5069/G9GF0RKG","","","","","","","","2026-09-20","",""
"OTDS.102018.32611.2","Galway Lake Road, Emerson Fault, CA","Not reviewed","external","Community Dataspace deposit; no hosted TileIndex adapter. Review acquisition type and files at the source.",,,"https://doi.org/10.5069/G9BP00WK","https://doi.org/10.5069/G9BP00WK","","","","","","","","2026-09-20","",""
"OTDS.102018.32611.2","Galway Lake Road, Emerson Fault, CA","Not reviewed","external","Community Dataspace deposit; no hosted TileIndex adapter. Review acquisition type and files at the source.",,,"https://doi.org/10.5069/G9BP00WK","https://doi.org/10.5069/G9BP00WK","","","","","","","","2026-09-20","",""
